{
  "type": "FeatureCollection",
  "features": [
    {
      "type": "Feature",
      "properties": {
        "image_id": "CM_2",
        "instance_id": "CM_2_B001",
        "source_csv_line": 34,
        "sam_confidence_score": 0.62109375,
        "flood_affected": 0,
        "dino_water_contact_fraction": 0.0,
        "nearest_reference_control_m": 35.46050696426751,
        "within_800m_of_reference_group": 1,
        "position_status": "approximate_within_800m",
        "georeferencing_method": "homography_all_references",
        "result_source": "current_attached_reference",
        "image_file": "CM_2.webp"
      },
      "geometry": {
        "type": "Point",
        "coordinates": [
          99.00568856975039,
          18.75499368828901
        ]
      }
    },
    {
      "type": "Feature",
      "properties": {
        "image_id": "CM_2",
        "instance_id": "CM_2_B002",
        "source_csv_line": 35,
        "sam_confidence_score": 0.8125,
        "flood_affected": 0,
        "dino_water_contact_fraction": 0.0,
        "nearest_reference_control_m": 29.756406239979786,
        "within_800m_of_reference_group": 1,
        "position_status": "approximate_within_800m",
        "georeferencing_method": "homography_all_references",
        "result_source": "current_attached_reference",
        "image_file": "CM_2.webp"
      },
      "geometry": {
        "type": "Point",
        "coordinates": [
          99.00579853987699,
          18.754220325298387
        ]
      }
    },
    {
      "type": "Feature",
      "properties": {
        "image_id": "CM_2",
        "instance_id": "CM_2_B003",
        "source_csv_line": 36,
        "sam_confidence_score": 0.66796875,
        "flood_affected": 0,
        "dino_water_contact_fraction": 0.0,
        "nearest_reference_control_m": 35.4957188192222,
        "within_800m_of_reference_group": 1,
        "position_status": "approximate_within_800m",
        "georeferencing_method": "homography_all_references",
        "result_source": "current_attached_reference",
        "image_file": "CM_2.webp"
      },
      "geometry": {
        "type": "Point",
        "coordinates": [
          99.00567938814886,
          18.755035720441192
        ]
      }
    },
    {
      "type": "Feature",
      "properties": {
        "image_id": "CM_2",
        "instance_id": "CM_2_B004",
        "source_csv_line": 37,
        "sam_confidence_score": 0.74609375,
        "flood_affected": 0,
        "dino_water_contact_fraction": 0.0,
        "nearest_reference_control_m": 43.96907008476494,
        "within_800m_of_reference_group": 1,
        "position_status": "approximate_within_800m",
        "georeferencing_method": "homography_all_references",
        "result_source": "current_attached_reference",
        "image_file": "CM_2.webp"
      },
      "geometry": {
        "type": "Point",
        "coordinates": [
          99.00572763257223,
          18.75403230250819
        ]
      }
    },
    {
      "type": "Feature",
      "properties": {
        "image_id": "CM_2",
        "instance_id": "CM_2_B005",
        "source_csv_line": 38,
        "sam_confidence_score": 0.78515625,
        "flood_affected": 0,
        "dino_water_contact_fraction": 0.0,
        "nearest_reference_control_m": 28.91690374018625,
        "within_800m_of_reference_group": 1,
        "position_status": "approximate_within_800m",
        "georeferencing_method": "homography_all_references",
        "result_source": "current_attached_reference",
        "image_file": "CM_2.webp"
      },
      "geometry": {
        "type": "Point",
        "coordinates": [
          99.00573719599913,
          18.753540167765212
        ]
      }
    },
    {
      "type": "Feature",
      "properties": {
        "image_id": "CM_2",
        "instance_id": "CM_2_B006",
        "source_csv_line": 39,
        "sam_confidence_score": 0.78515625,
        "flood_affected": 1,
        "dino_water_contact_fraction": 0.1360396653238302,
        "nearest_reference_control_m": 32.96028747630255,
        "within_800m_of_reference_group": 1,
        "position_status": "approximate_within_800m",
        "georeferencing_method": "homography_all_references",
        "result_source": "current_attached_reference",
        "image_file": "CM_2.webp"
      },
      "geometry": {
        "type": "Point",
        "coordinates": [
          99.00561176782125,
          18.754656164253188
        ]
      }
    },
    {
      "type": "Feature",
      "properties": {
        "image_id": "CM_2",
        "instance_id": "CM_2_B007",
        "source_csv_line": 40,
        "sam_confidence_score": 0.55859375,
        "flood_affected": 0,
        "dino_water_contact_fraction": 0.0064627315812149,
        "nearest_reference_control_m": 47.249807814569685,
        "within_800m_of_reference_group": 1,
        "position_status": "approximate_within_800m",
        "georeferencing_method": "homography_all_references",
        "result_source": "current_attached_reference",
        "image_file": "CM_2.webp"
      },
      "geometry": {
        "type": "Point",
        "coordinates": [
          99.00564123928238,
          18.75433491947994
        ]
      }
    },
    {
      "type": "Feature",
      "properties": {
        "image_id": "CM_2",
        "instance_id": "CM_2_B008",
        "source_csv_line": 41,
        "sam_confidence_score": 0.66796875,
        "flood_affected": 0,
        "dino_water_contact_fraction": 0.0,
        "nearest_reference_control_m": 60.583760179591145,
        "within_800m_of_reference_group": 1,
        "position_status": "approximate_within_800m",
        "georeferencing_method": "homography_all_references",
        "result_source": "current_attached_reference",
        "image_file": "CM_2.webp"
      },
      "geometry": {
        "type": "Point",
        "coordinates": [
          99.0056861811062,
          18.753840005223292
        ]
      }
    },
    {
      "type": "Feature",
      "properties": {
        "image_id": "CM_2",
        "instance_id": "CM_2_B009",
        "source_csv_line": 42,
        "sam_confidence_score": 0.65234375,
        "flood_affected": 0,
        "dino_water_contact_fraction": 0.0,
        "nearest_reference_control_m": 35.02082562343255,
        "within_800m_of_reference_group": 1,
        "position_status": "approximate_within_800m",
        "georeferencing_method": "homography_all_references",
        "result_source": "current_attached_reference",
        "image_file": "CM_2.webp"
      },
      "geometry": {
        "type": "Point",
        "coordinates": [
          99.0056056528853,
          18.754585015356838
        ]
      }
    },
    {
      "type": "Feature",
      "properties": {
        "image_id": "CM_2",
        "instance_id": "CM_2_B010",
        "source_csv_line": 43,
        "sam_confidence_score": 0.53125,
        "flood_affected": 1,
        "dino_water_contact_fraction": 0.1565304087736789,
        "nearest_reference_control_m": 39.304132546427844,
        "within_800m_of_reference_group": 1,
        "position_status": "approximate_within_800m",
        "georeferencing_method": "homography_all_references",
        "result_source": "current_attached_reference",
        "image_file": "CM_2.webp"
      },
      "geometry": {
        "type": "Point",
        "coordinates": [
          99.00560697232439,
          18.75451297041081
        ]
      }
    },
    {
      "type": "Feature",
      "properties": {
        "image_id": "CM_2",
        "instance_id": "CM_2_B011",
        "source_csv_line": 44,
        "sam_confidence_score": 0.67578125,
        "flood_affected": 0,
        "dino_water_contact_fraction": 0.0,
        "nearest_reference_control_m": 50.62351726524897,
        "within_800m_of_reference_group": 1,
        "position_status": "approximate_within_800m",
        "georeferencing_method": "homography_all_references",
        "result_source": "current_attached_reference",
        "image_file": "CM_2.webp"
      },
      "geometry": {
        "type": "Point",
        "coordinates": [
          99.0056448515177,
          18.75371810823456
        ]
      }
    },
    {
      "type": "Feature",
      "properties": {
        "image_id": "CM_2",
        "instance_id": "CM_2_B012",
        "source_csv_line": 45,
        "sam_confidence_score": 0.78515625,
        "flood_affected": 1,
        "dino_water_contact_fraction": 0.1094029317125491,
        "nearest_reference_control_m": 43.025555232708726,
        "within_800m_of_reference_group": 1,
        "position_status": "approximate_within_800m",
        "georeferencing_method": "homography_all_references",
        "result_source": "current_attached_reference",
        "image_file": "CM_2.webp"
      },
      "geometry": {
        "type": "Point",
        "coordinates": [
          99.00557407244403,
          18.7544300895761
        ]
      }
    },
    {
      "type": "Feature",
      "properties": {
        "image_id": "CM_2",
        "instance_id": "CM_2_B013",
        "source_csv_line": 46,
        "sam_confidence_score": 0.61328125,
        "flood_affected": 1,
        "dino_water_contact_fraction": 0.1255961844197138,
        "nearest_reference_control_m": 52.00709645709284,
        "within_800m_of_reference_group": 1,
        "position_status": "approximate_within_800m",
        "georeferencing_method": "homography_all_references",
        "result_source": "current_attached_reference",
        "image_file": "CM_2.webp"
      },
      "geometry": {
        "type": "Point",
        "coordinates": [
          99.00559088462172,
          18.75418091607325
        ]
      }
    },
    {
      "type": "Feature",
      "properties": {
        "image_id": "CM_2",
        "instance_id": "CM_2_B014",
        "source_csv_line": 47,
        "sam_confidence_score": 0.62109375,
        "flood_affected": 0,
        "dino_water_contact_fraction": 0.00228397411496,
        "nearest_reference_control_m": 18.446867915088443,
        "within_800m_of_reference_group": 1,
        "position_status": "approximate_within_800m",
        "georeferencing_method": "homography_all_references",
        "result_source": "current_attached_reference",
        "image_file": "CM_2.webp"
      },
      "geometry": {
        "type": "Point",
        "coordinates": [
          99.0054762414711,
          18.75506807154866
        ]
      }
    },
    {
      "type": "Feature",
      "properties": {
        "image_id": "CM_2",
        "instance_id": "CM_2_B015",
        "source_csv_line": 48,
        "sam_confidence_score": 0.6953125,
        "flood_affected": 1,
        "dino_water_contact_fraction": 0.2001288383079235,
        "nearest_reference_control_m": 63.95496992671891,
        "within_800m_of_reference_group": 1,
        "position_status": "approximate_within_800m",
        "georeferencing_method": "homography_all_references",
        "result_source": "current_attached_reference",
        "image_file": "CM_2.webp"
      },
      "geometry": {
        "type": "Point",
        "coordinates": [
          99.00551373645706,
          18.75392993055572
        ]
      }
    },
    {
      "type": "Feature",
      "properties": {
        "image_id": "CM_2",
        "instance_id": "CM_2_B016",
        "source_csv_line": 49,
        "sam_confidence_score": 0.54296875,
        "flood_affected": 1,
        "dino_water_contact_fraction": 0.4910836762688614,
        "nearest_reference_control_m": 56.4044578743469,
        "within_800m_of_reference_group": 1,
        "position_status": "approximate_within_800m",
        "georeferencing_method": "homography_all_references",
        "result_source": "current_attached_reference",
        "image_file": "CM_2.webp"
      },
      "geometry": {
        "type": "Point",
        "coordinates": [
          99.00542158592415,
          18.75422646135125
        ]
      }
    },
    {
      "type": "Feature",
      "properties": {
        "image_id": "CM_2",
        "instance_id": "CM_2_B017",
        "source_csv_line": 50,
        "sam_confidence_score": 0.8046875,
        "flood_affected": 1,
        "dino_water_contact_fraction": 0.2607372336827866,
        "nearest_reference_control_m": 11.642058544138399,
        "within_800m_of_reference_group": 1,
        "position_status": "approximate_within_800m",
        "georeferencing_method": "homography_all_references",
        "result_source": "current_attached_reference",
        "image_file": "CM_2.webp"
      },
      "geometry": {
        "type": "Point",
        "coordinates": [
          99.00538848801436,
          18.754795943927032
        ]
      }
    },
    {
      "type": "Feature",
      "properties": {
        "image_id": "CM_2",
        "instance_id": "CM_2_B018",
        "source_csv_line": 51,
        "sam_confidence_score": 0.578125,
        "flood_affected": 1,
        "dino_water_contact_fraction": 0.3425226586102719,
        "nearest_reference_control_m": 29.84851248678941,
        "within_800m_of_reference_group": 1,
        "position_status": "approximate_within_800m",
        "georeferencing_method": "homography_all_references",
        "result_source": "current_attached_reference",
        "image_file": "CM_2.webp"
      },
      "geometry": {
        "type": "Point",
        "coordinates": [
          99.00537148831965,
          18.7544617306769
        ]
      }
    },
    {
      "type": "Feature",
      "properties": {
        "image_id": "CM_2",
        "instance_id": "CM_2_B019",
        "source_csv_line": 52,
        "sam_confidence_score": 0.55859375,
        "flood_affected": 0,
        "dino_water_contact_fraction": 0.0280246069719753,
        "nearest_reference_control_m": 60.86827387762089,
        "within_800m_of_reference_group": 1,
        "position_status": "approximate_within_800m",
        "georeferencing_method": "homography_all_references",
        "result_source": "current_attached_reference",
        "image_file": "CM_2.webp"
      },
      "geometry": {
        "type": "Point",
        "coordinates": [
          99.005354100158,
          18.753647045331455
        ]
      }
    },
    {
      "type": "Feature",
      "properties": {
        "image_id": "CM_2",
        "instance_id": "CM_2_B020",
        "source_csv_line": 53,
        "sam_confidence_score": 0.8203125,
        "flood_affected": 0,
        "dino_water_contact_fraction": 0.0027210884353741,
        "nearest_reference_control_m": 13.5431360728503,
        "within_800m_of_reference_group": 1,
        "position_status": "approximate_within_800m",
        "georeferencing_method": "homography_all_references",
        "result_source": "current_attached_reference",
        "image_file": "CM_2.webp"
      },
      "geometry": {
        "type": "Point",
        "coordinates": [
          99.00533706260879,
          18.755068307341517
        ]
      }
    },
    {
      "type": "Feature",
      "properties": {
        "image_id": "CM_2",
        "instance_id": "CM_2_B021",
        "source_csv_line": 54,
        "sam_confidence_score": 0.73046875,
        "flood_affected": 1,
        "dino_water_contact_fraction": 0.1841346153846154,
        "nearest_reference_control_m": 43.263554822198124,
        "within_800m_of_reference_group": 1,
        "position_status": "approximate_within_800m",
        "georeferencing_method": "homography_all_references",
        "result_source": "current_attached_reference",
        "image_file": "CM_2.webp"
      },
      "geometry": {
        "type": "Point",
        "coordinates": [
          99.00532452182946,
          18.75433382761738
        ]
      }
    },
    {
      "type": "Feature",
      "properties": {
        "image_id": "CM_2",
        "instance_id": "CM_2_B022",
        "source_csv_line": 55,
        "sam_confidence_score": 0.7734375,
        "flood_affected": 1,
        "dino_water_contact_fraction": 0.5,
        "nearest_reference_control_m": 42.928787375643196,
        "within_800m_of_reference_group": 1,
        "position_status": "approximate_within_800m",
        "georeferencing_method": "homography_all_references",
        "result_source": "current_attached_reference",
        "image_file": "CM_2.webp"
      },
      "geometry": {
        "type": "Point",
        "coordinates": [
          99.00531872255199,
          18.753993877421475
        ]
      }
    },
    {
      "type": "Feature",
      "properties": {
        "image_id": "CM_2",
        "instance_id": "CM_2_B023",
        "source_csv_line": 56,
        "sam_confidence_score": 0.53125,
        "flood_affected": 1,
        "dino_water_contact_fraction": 0.2670484122852681,
        "nearest_reference_control_m": 3.1367397999081783,
        "within_800m_of_reference_group": 1,
        "position_status": "approximate_within_800m",
        "georeferencing_method": "homography_all_references",
        "result_source": "current_attached_reference",
        "image_file": "CM_2.webp"
      },
      "geometry": {
        "type": "Point",
        "coordinates": [
          99.00530676263742,
          18.754752843112858
        ]
      }
    },
    {
      "type": "Feature",
      "properties": {
        "image_id": "CM_2",
        "instance_id": "CM_2_B024",
        "source_csv_line": 57,
        "sam_confidence_score": 0.703125,
        "flood_affected": 1,
        "dino_water_contact_fraction": 0.3135531135531135,
        "nearest_reference_control_m": 33.61526454227484,
        "within_800m_of_reference_group": 1,
        "position_status": "approximate_within_800m",
        "georeferencing_method": "homography_all_references",
        "result_source": "current_attached_reference",
        "image_file": "CM_2.webp"
      },
      "geometry": {
        "type": "Point",
        "coordinates": [
          99.00529804992196,
          18.754420818390145
        ]
      }
    },
    {
      "type": "Feature",
      "properties": {
        "image_id": "CM_2",
        "instance_id": "CM_2_B025",
        "source_csv_line": 58,
        "sam_confidence_score": 0.66015625,
        "flood_affected": 1,
        "dino_water_contact_fraction": 0.3535436296599754,
        "nearest_reference_control_m": 20.287589025260825,
        "within_800m_of_reference_group": 1,
        "position_status": "approximate_within_800m",
        "georeferencing_method": "homography_all_references",
        "result_source": "current_attached_reference",
        "image_file": "CM_2.webp"
      },
      "geometry": {
        "type": "Point",
        "coordinates": [
          99.00528533077998,
          18.754542351585716
        ]
      }
    },
    {
      "type": "Feature",
      "properties": {
        "image_id": "CM_2",
        "instance_id": "CM_2_B026",
        "source_csv_line": 59,
        "sam_confidence_score": 0.80078125,
        "flood_affected": 1,
        "dino_water_contact_fraction": 0.2284644194756554,
        "nearest_reference_control_m": 12.285661971743126,
        "within_800m_of_reference_group": 1,
        "position_status": "approximate_within_800m",
        "georeferencing_method": "homography_all_references",
        "result_source": "current_attached_reference",
        "image_file": "CM_2.webp"
      },
      "geometry": {
        "type": "Point",
        "coordinates": [
          99.00527052860268,
          18.75461916506991
        ]
      }
    },
    {
      "type": "Feature",
      "properties": {
        "image_id": "CM_2",
        "instance_id": "CM_2_B027",
        "source_csv_line": 60,
        "sam_confidence_score": 0.6015625,
        "flood_affected": 0,
        "dino_water_contact_fraction": 0.0,
        "nearest_reference_control_m": 11.400503249176033,
        "within_800m_of_reference_group": 1,
        "position_status": "approximate_within_800m",
        "georeferencing_method": "homography_all_references",
        "result_source": "current_attached_reference",
        "image_file": "CM_2.webp"
      },
      "geometry": {
        "type": "Point",
        "coordinates": [
          99.00527330872748,
          18.754822284940094
        ]
      }
    },
    {
      "type": "Feature",
      "properties": {
        "image_id": "CM_2",
        "instance_id": "CM_2_B028",
        "source_csv_line": 61,
        "sam_confidence_score": 0.515625,
        "flood_affected": 1,
        "dino_water_contact_fraction": 0.3152173913043478,
        "nearest_reference_control_m": 44.60734918596343,
        "within_800m_of_reference_group": 1,
        "position_status": "approximate_within_800m",
        "georeferencing_method": "homography_all_references",
        "result_source": "current_attached_reference",
        "image_file": "CM_2.webp"
      },
      "geometry": {
        "type": "Point",
        "coordinates": [
          99.00520729653216,
          18.753712071049303
        ]
      }
    },
    {
      "type": "Feature",
      "properties": {
        "image_id": "CM_2",
        "instance_id": "CM_2_B029",
        "source_csv_line": 62,
        "sam_confidence_score": 0.734375,
        "flood_affected": 1,
        "dino_water_contact_fraction": 0.5429447852760736,
        "nearest_reference_control_m": 37.96509669031154,
        "within_800m_of_reference_group": 1,
        "position_status": "approximate_within_800m",
        "georeferencing_method": "homography_all_references",
        "result_source": "current_attached_reference",
        "image_file": "CM_2.webp"
      },
      "geometry": {
        "type": "Point",
        "coordinates": [
          99.00519727929337,
          18.754397803827267
        ]
      }
    },
    {
      "type": "Feature",
      "properties": {
        "image_id": "CM_2",
        "instance_id": "CM_2_B030",
        "source_csv_line": 63,
        "sam_confidence_score": 0.55078125,
        "flood_affected": 0,
        "dino_water_contact_fraction": 0.0,
        "nearest_reference_control_m": 19.171663083621006,
        "within_800m_of_reference_group": 1,
        "position_status": "approximate_within_800m",
        "georeferencing_method": "homography_all_references",
        "result_source": "current_attached_reference",
        "image_file": "CM_2.webp"
      },
      "geometry": {
        "type": "Point",
        "coordinates": [
          99.00518375625025,
          18.75489068921589
        ]
      }
    },
    {
      "type": "Feature",
      "properties": {
        "image_id": "CM_2",
        "instance_id": "CM_2_B031",
        "source_csv_line": 64,
        "sam_confidence_score": 0.8203125,
        "flood_affected": 0,
        "dino_water_contact_fraction": 0.0,
        "nearest_reference_control_m": 18.36036199784731,
        "within_800m_of_reference_group": 1,
        "position_status": "approximate_within_800m",
        "georeferencing_method": "homography_all_references",
        "result_source": "current_attached_reference",
        "image_file": "CM_2.webp"
      },
      "geometry": {
        "type": "Point",
        "coordinates": [
          99.00515599351442,
          18.754806552348747
        ]
      }
    },
    {
      "type": "Feature",
      "properties": {
        "image_id": "CM_2",
        "instance_id": "CM_2_B032",
        "source_csv_line": 65,
        "sam_confidence_score": 0.84765625,
        "flood_affected": 0,
        "dino_water_contact_fraction": 0.0132002575660012,
        "nearest_reference_control_m": 28.89483027148184,
        "within_800m_of_reference_group": 1,
        "position_status": "approximate_within_800m",
        "georeferencing_method": "homography_all_references",
        "result_source": "current_attached_reference",
        "image_file": "CM_2.webp"
      },
      "geometry": {
        "type": "Point",
        "coordinates": [
          99.005043596995,
          18.754229230482547
        ]
      }
    },
    {
      "type": "Feature",
      "properties": {
        "image_id": "CM_2",
        "instance_id": "CM_2_B033",
        "source_csv_line": 66,
        "sam_confidence_score": 0.62890625,
        "flood_affected": 1,
        "dino_water_contact_fraction": 0.2332332332332332,
        "nearest_reference_control_m": 37.878185392303095,
        "within_800m_of_reference_group": 1,
        "position_status": "approximate_within_800m",
        "georeferencing_method": "homography_all_references",
        "result_source": "current_attached_reference",
        "image_file": "CM_2.webp"
      },
      "geometry": {
        "type": "Point",
        "coordinates": [
          99.00503365500131,
          18.754376860000495
        ]
      }
    },
    {
      "type": "Feature",
      "properties": {
        "image_id": "CM_2",
        "instance_id": "CM_2_B034",
        "source_csv_line": 67,
        "sam_confidence_score": 0.796875,
        "flood_affected": 1,
        "dino_water_contact_fraction": 0.3451394122079879,
        "nearest_reference_control_m": 34.624241180810635,
        "within_800m_of_reference_group": 1,
        "position_status": "approximate_within_800m",
        "georeferencing_method": "homography_all_references",
        "result_source": "current_attached_reference",
        "image_file": "CM_2.webp"
      },
      "geometry": {
        "type": "Point",
        "coordinates": [
          99.00504631299444,
          18.75453459165529
        ]
      }
    },
    {
      "type": "Feature",
      "properties": {
        "image_id": "CM_2",
        "instance_id": "CM_2_B035",
        "source_csv_line": 68,
        "sam_confidence_score": 0.85546875,
        "flood_affected": 0,
        "dino_water_contact_fraction": 0.0708312838170191,
        "nearest_reference_control_m": 32.2317652765822,
        "within_800m_of_reference_group": 1,
        "position_status": "approximate_within_800m",
        "georeferencing_method": "homography_all_references",
        "result_source": "current_attached_reference",
        "image_file": "CM_2.webp"
      },
      "geometry": {
        "type": "Point",
        "coordinates": [
          99.00497699354968,
          18.754293617941567
        ]
      }
    },
    {
      "type": "Feature",
      "properties": {
        "image_id": "CM_2",
        "instance_id": "CM_2_B036",
        "source_csv_line": 69,
        "sam_confidence_score": 0.5859375,
        "flood_affected": 0,
        "dino_water_contact_fraction": 0.0,
        "nearest_reference_control_m": 36.86207220466714,
        "within_800m_of_reference_group": 1,
        "position_status": "approximate_within_800m",
        "georeferencing_method": "homography_all_references",
        "result_source": "current_attached_reference",
        "image_file": "CM_2.webp"
      },
      "geometry": {
        "type": "Point",
        "coordinates": [
          99.00500525947415,
          18.754892277054456
        ]
      }
    },
    {
      "type": "Feature",
      "properties": {
        "image_id": "CM_2",
        "instance_id": "CM_2_B037",
        "source_csv_line": 70,
        "sam_confidence_score": 0.76953125,
        "flood_affected": 1,
        "dino_water_contact_fraction": 0.219578313253012,
        "nearest_reference_control_m": 29.748448835825844,
        "within_800m_of_reference_group": 1,
        "position_status": "approximate_within_800m",
        "georeferencing_method": "homography_all_references",
        "result_source": "current_attached_reference",
        "image_file": "CM_2.webp"
      },
      "geometry": {
        "type": "Point",
        "coordinates": [
          99.00491264915205,
          18.754490864325003
        ]
      }
    },
    {
      "type": "Feature",
      "properties": {
        "image_id": "CM_2",
        "instance_id": "CM_2_B038",
        "source_csv_line": 71,
        "sam_confidence_score": 0.86328125,
        "flood_affected": 1,
        "dino_water_contact_fraction": 0.1698384201077199,
        "nearest_reference_control_m": 8.500797011484583,
        "within_800m_of_reference_group": 1,
        "position_status": "approximate_within_800m",
        "georeferencing_method": "homography_all_references",
        "result_source": "current_attached_reference",
        "image_file": "CM_2.webp"
      },
      "geometry": {
        "type": "Point",
        "coordinates": [
          99.00483488287426,
          18.75397640897846
        ]
      }
    },
    {
      "type": "Feature",
      "properties": {
        "image_id": "CM_2",
        "instance_id": "CM_2_B039",
        "source_csv_line": 72,
        "sam_confidence_score": 0.76953125,
        "flood_affected": 1,
        "dino_water_contact_fraction": 0.4670448406266883,
        "nearest_reference_control_m": 37.3992778979313,
        "within_800m_of_reference_group": 1,
        "position_status": "approximate_within_800m",
        "georeferencing_method": "homography_all_references",
        "result_source": "current_attached_reference",
        "image_file": "CM_2.webp"
      },
      "geometry": {
        "type": "Point",
        "coordinates": [
          99.00491661435821,
          18.754592831358206
        ]
      }
    },
    {
      "type": "Feature",
      "properties": {
        "image_id": "CM_2",
        "instance_id": "CM_2_B040",
        "source_csv_line": 73,
        "sam_confidence_score": 0.62109375,
        "flood_affected": 1,
        "dino_water_contact_fraction": 0.4315750645518258,
        "nearest_reference_control_m": 18.82602344885681,
        "within_800m_of_reference_group": 1,
        "position_status": "approximate_within_800m",
        "georeferencing_method": "homography_all_references",
        "result_source": "current_attached_reference",
        "image_file": "CM_2.webp"
      },
      "geometry": {
        "type": "Point",
        "coordinates": [
          99.00484788411093,
          18.754390411863376
        ]
      }
    },
    {
      "type": "Feature",
      "properties": {
        "image_id": "CM_2",
        "instance_id": "CM_2_B041",
        "source_csv_line": 74,
        "sam_confidence_score": 0.5390625,
        "flood_affected": 0,
        "dino_water_contact_fraction": 0.0,
        "nearest_reference_control_m": 29.348668214935774,
        "within_800m_of_reference_group": 1,
        "position_status": "approximate_within_800m",
        "georeferencing_method": "homography_all_references",
        "result_source": "current_attached_reference",
        "image_file": "CM_2.webp"
      },
      "geometry": {
        "type": "Point",
        "coordinates": [
          99.00463523998648,
          18.75396726669948
        ]
      }
    },
    {
      "type": "Feature",
      "properties": {
        "image_id": "CM_2",
        "instance_id": "CM_2_B042",
        "source_csv_line": 75,
        "sam_confidence_score": 0.8203125,
        "flood_affected": 1,
        "dino_water_contact_fraction": 0.2306238185255198,
        "nearest_reference_control_m": 15.708070300669357,
        "within_800m_of_reference_group": 1,
        "position_status": "approximate_within_800m",
        "georeferencing_method": "homography_all_references",
        "result_source": "current_attached_reference",
        "image_file": "CM_2.webp"
      },
      "geometry": {
        "type": "Point",
        "coordinates": [
          99.00464718637778,
          18.754483808307267
        ]
      }
    },
    {
      "type": "Feature",
      "properties": {
        "image_id": "CM_2",
        "instance_id": "CM_2_B043",
        "source_csv_line": 76,
        "sam_confidence_score": 0.78125,
        "flood_affected": 0,
        "dino_water_contact_fraction": 0.0015069318866787,
        "nearest_reference_control_m": 39.110795965913326,
        "within_800m_of_reference_group": 1,
        "position_status": "approximate_within_800m",
        "georeferencing_method": "homography_all_references",
        "result_source": "current_attached_reference",
        "image_file": "CM_2.webp"
      },
      "geometry": {
        "type": "Point",
        "coordinates": [
          99.00452798276164,
          18.75402031992616
        ]
      }
    },
    {
      "type": "Feature",
      "properties": {
        "image_id": "CM_2",
        "instance_id": "CM_2_B044",
        "source_csv_line": 77,
        "sam_confidence_score": 0.69140625,
        "flood_affected": 1,
        "dino_water_contact_fraction": 0.7167482443072994,
        "nearest_reference_control_m": 27.29302578465691,
        "within_800m_of_reference_group": 1,
        "position_status": "approximate_within_800m",
        "georeferencing_method": "homography_all_references",
        "result_source": "current_attached_reference",
        "image_file": "CM_2.webp"
      },
      "geometry": {
        "type": "Point",
        "coordinates": [
          99.00466142555453,
          18.7545974067807
        ]
      }
    },
    {
      "type": "Feature",
      "properties": {
        "image_id": "CM_2",
        "instance_id": "CM_2_B045",
        "source_csv_line": 78,
        "sam_confidence_score": 0.73046875,
        "flood_affected": 1,
        "dino_water_contact_fraction": 0.1932817915222607,
        "nearest_reference_control_m": 7.808471016314189,
        "within_800m_of_reference_group": 1,
        "position_status": "approximate_within_800m",
        "georeferencing_method": "homography_all_references",
        "result_source": "current_attached_reference",
        "image_file": "CM_2.webp"
      },
      "geometry": {
        "type": "Point",
        "coordinates": [
          99.00460626402798,
          18.754368579893026
        ]
      }
    },
    {
      "type": "Feature",
      "properties": {
        "image_id": "CM_2",
        "instance_id": "CM_2_B046",
        "source_csv_line": 79,
        "sam_confidence_score": 0.89453125,
        "flood_affected": 1,
        "dino_water_contact_fraction": 0.219002201027146,
        "nearest_reference_control_m": 9.813146336466444,
        "within_800m_of_reference_group": 1,
        "position_status": "approximate_within_800m",
        "georeferencing_method": "homography_all_references",
        "result_source": "current_attached_reference",
        "image_file": "CM_2.webp"
      },
      "geometry": {
        "type": "Point",
        "coordinates": [
          99.00466795546347,
          18.75483267777669
        ]
      }
    },
    {
      "type": "Feature",
      "properties": {
        "image_id": "CM_2",
        "instance_id": "CM_2_B047",
        "source_csv_line": 80,
        "sam_confidence_score": 0.8125,
        "flood_affected": 1,
        "dino_water_contact_fraction": 0.1845368344274252,
        "nearest_reference_control_m": 10.941094006636908,
        "within_800m_of_reference_group": 1,
        "position_status": "approximate_within_800m",
        "georeferencing_method": "homography_all_references",
        "result_source": "current_attached_reference",
        "image_file": "CM_2.webp"
      },
      "geometry": {
        "type": "Point",
        "coordinates": [
          99.00461569240277,
          18.75473897085783
        ]
      }
    },
    {
      "type": "Feature",
      "properties": {
        "image_id": "CM_2",
        "instance_id": "CM_2_B048",
        "source_csv_line": 81,
        "sam_confidence_score": 0.78515625,
        "flood_affected": 1,
        "dino_water_contact_fraction": 0.4838872104733132,
        "nearest_reference_control_m": 21.497289037192452,
        "within_800m_of_reference_group": 1,
        "position_status": "approximate_within_800m",
        "georeferencing_method": "homography_all_references",
        "result_source": "current_attached_reference",
        "image_file": "CM_2.webp"
      },
      "geometry": {
        "type": "Point",
        "coordinates": [
          99.00451971891384,
          18.7544694509692
        ]
      }
    },
    {
      "type": "Feature",
      "properties": {
        "image_id": "CM_2",
        "instance_id": "CM_2_B049",
        "source_csv_line": 82,
        "sam_confidence_score": 0.6796875,
        "flood_affected": 1,
        "dino_water_contact_fraction": 0.4933837429111531,
        "nearest_reference_control_m": 27.0530631566744,
        "within_800m_of_reference_group": 1,
        "position_status": "approximate_within_800m",
        "georeferencing_method": "homography_all_references",
        "result_source": "current_attached_reference",
        "image_file": "CM_2.webp"
      },
      "geometry": {
        "type": "Point",
        "coordinates": [
          99.00454167566481,
          18.75458745365672
        ]
      }
    },
    {
      "type": "Feature",
      "properties": {
        "image_id": "CM_5",
        "instance_id": "CM_5_B001",
        "source_csv_line": 188,
        "sam_confidence_score": 0.6796875,
        "flood_affected": 0,
        "dino_water_contact_fraction": 0.0,
        "nearest_reference_control_m": 42.47528683907478,
        "within_800m_of_reference_group": 1,
        "position_status": "approximate_within_800m",
        "georeferencing_method": "homography_all_references",
        "result_source": "current_attached_reference",
        "image_file": "CM_5.webp"
      },
      "geometry": {
        "type": "Point",
        "coordinates": [
          99.00333588352463,
          18.75246638288683
        ]
      }
    },
    {
      "type": "Feature",
      "properties": {
        "image_id": "CM_5",
        "instance_id": "CM_5_B002",
        "source_csv_line": 189,
        "sam_confidence_score": 0.7734375,
        "flood_affected": 0,
        "dino_water_contact_fraction": 0.0599439775910364,
        "nearest_reference_control_m": 53.14369780135201,
        "within_800m_of_reference_group": 1,
        "position_status": "approximate_within_800m",
        "georeferencing_method": "homography_all_references",
        "result_source": "current_attached_reference",
        "image_file": "CM_5.webp"
      },
      "geometry": {
        "type": "Point",
        "coordinates": [
          99.00164770039784,
          18.75348332328388
        ]
      }
    },
    {
      "type": "Feature",
      "properties": {
        "image_id": "CM_5",
        "instance_id": "CM_5_B003",
        "source_csv_line": 190,
        "sam_confidence_score": 0.671875,
        "flood_affected": 0,
        "dino_water_contact_fraction": 0.0,
        "nearest_reference_control_m": 37.76109365280868,
        "within_800m_of_reference_group": 1,
        "position_status": "approximate_within_800m",
        "georeferencing_method": "homography_all_references",
        "result_source": "current_attached_reference",
        "image_file": "CM_5.webp"
      },
      "geometry": {
        "type": "Point",
        "coordinates": [
          99.00310744153732,
          18.75266778757841
        ]
      }
    },
    {
      "type": "Feature",
      "properties": {
        "image_id": "CM_5",
        "instance_id": "CM_5_B004",
        "source_csv_line": 191,
        "sam_confidence_score": 0.734375,
        "flood_affected": 0,
        "dino_water_contact_fraction": 0.0303405572755417,
        "nearest_reference_control_m": 84.75578022469917,
        "within_800m_of_reference_group": 1,
        "position_status": "approximate_within_800m",
        "georeferencing_method": "homography_all_references",
        "result_source": "current_attached_reference",
        "image_file": "CM_5.webp"
      },
      "geometry": {
        "type": "Point",
        "coordinates": [
          99.00246382227384,
          18.753086362912388
        ]
      }
    },
    {
      "type": "Feature",
      "properties": {
        "image_id": "CM_5",
        "instance_id": "CM_5_B005",
        "source_csv_line": 192,
        "sam_confidence_score": 0.62890625,
        "flood_affected": 0,
        "dino_water_contact_fraction": 0.0,
        "nearest_reference_control_m": 43.32131920514615,
        "within_800m_of_reference_group": 1,
        "position_status": "approximate_within_800m",
        "georeferencing_method": "homography_all_references",
        "result_source": "current_attached_reference",
        "image_file": "CM_5.webp"
      },
      "geometry": {
        "type": "Point",
        "coordinates": [
          99.00352778120109,
          18.752466294633646
        ]
      }
    },
    {
      "type": "Feature",
      "properties": {
        "image_id": "CM_5",
        "instance_id": "CM_5_B006",
        "source_csv_line": 193,
        "sam_confidence_score": 0.62109375,
        "flood_affected": 0,
        "dino_water_contact_fraction": 0.0,
        "nearest_reference_control_m": 31.15071039593344,
        "within_800m_of_reference_group": 1,
        "position_status": "approximate_within_800m",
        "georeferencing_method": "homography_all_references",
        "result_source": "current_attached_reference",
        "image_file": "CM_5.webp"
      },
      "geometry": {
        "type": "Point",
        "coordinates": [
          99.00344089269818,
          18.7525623448159
        ]
      }
    },
    {
      "type": "Feature",
      "properties": {
        "image_id": "CM_5",
        "instance_id": "CM_5_B007",
        "source_csv_line": 194,
        "sam_confidence_score": 0.7421875,
        "flood_affected": 1,
        "dino_water_contact_fraction": 0.2324324324324324,
        "nearest_reference_control_m": 69.27924091403283,
        "within_800m_of_reference_group": 1,
        "position_status": "approximate_within_800m",
        "georeferencing_method": "homography_all_references",
        "result_source": "current_attached_reference",
        "image_file": "CM_5.webp"
      },
      "geometry": {
        "type": "Point",
        "coordinates": [
          99.00277189052454,
          18.752972078877846
        ]
      }
    },
    {
      "type": "Feature",
      "properties": {
        "image_id": "CM_5",
        "instance_id": "CM_5_B008",
        "source_csv_line": 195,
        "sam_confidence_score": 0.5625,
        "flood_affected": 0,
        "dino_water_contact_fraction": 0.0,
        "nearest_reference_control_m": 24.305673494994693,
        "within_800m_of_reference_group": 1,
        "position_status": "approximate_within_800m",
        "georeferencing_method": "homography_all_references",
        "result_source": "current_attached_reference",
        "image_file": "CM_5.webp"
      },
      "geometry": {
        "type": "Point",
        "coordinates": [
          99.00333244414745,
          18.75263768779386
        ]
      }
    },
    {
      "type": "Feature",
      "properties": {
        "image_id": "CM_5",
        "instance_id": "CM_5_B009",
        "source_csv_line": 196,
        "sam_confidence_score": 0.625,
        "flood_affected": 0,
        "dino_water_contact_fraction": 0.0,
        "nearest_reference_control_m": 54.649772971083316,
        "within_800m_of_reference_group": 1,
        "position_status": "approximate_within_800m",
        "georeferencing_method": "homography_all_references",
        "result_source": "current_attached_reference",
        "image_file": "CM_5.webp"
      },
      "geometry": {
        "type": "Point",
        "coordinates": [
          99.00370650247329,
          18.75243433655459
        ]
      }
    },
    {
      "type": "Feature",
      "properties": {
        "image_id": "CM_5",
        "instance_id": "CM_5_B010",
        "source_csv_line": 197,
        "sam_confidence_score": 0.59375,
        "flood_affected": 1,
        "dino_water_contact_fraction": 0.5950888192267503,
        "nearest_reference_control_m": 62.33917542615177,
        "within_800m_of_reference_group": 1,
        "position_status": "approximate_within_800m",
        "georeferencing_method": "homography_all_references",
        "result_source": "current_attached_reference",
        "image_file": "CM_5.webp"
      },
      "geometry": {
        "type": "Point",
        "coordinates": [
          99.00288866176292,
          18.753099759138156
        ]
      }
    },
    {
      "type": "Feature",
      "properties": {
        "image_id": "CM_5",
        "instance_id": "CM_5_B011",
        "source_csv_line": 198,
        "sam_confidence_score": 0.515625,
        "flood_affected": 0,
        "dino_water_contact_fraction": 0.0143626570915619,
        "nearest_reference_control_m": 42.04479907468285,
        "within_800m_of_reference_group": 1,
        "position_status": "approximate_within_800m",
        "georeferencing_method": "homography_all_references",
        "result_source": "current_attached_reference",
        "image_file": "CM_5.webp"
      },
      "geometry": {
        "type": "Point",
        "coordinates": [
          99.00168279531984,
          18.753858405656214
        ]
      }
    },
    {
      "type": "Feature",
      "properties": {
        "image_id": "CM_5",
        "instance_id": "CM_5_B012",
        "source_csv_line": 199,
        "sam_confidence_score": 0.8203125,
        "flood_affected": 1,
        "dino_water_contact_fraction": 0.2108198549916341,
        "nearest_reference_control_m": 25.206829115199923,
        "within_800m_of_reference_group": 1,
        "position_status": "approximate_within_800m",
        "georeferencing_method": "homography_all_references",
        "result_source": "current_attached_reference",
        "image_file": "CM_5.webp"
      },
      "geometry": {
        "type": "Point",
        "coordinates": [
          99.0032106803803,
          18.75296118578544
        ]
      }
    },
    {
      "type": "Feature",
      "properties": {
        "image_id": "CM_5",
        "instance_id": "CM_5_B013",
        "source_csv_line": 200,
        "sam_confidence_score": 0.69140625,
        "flood_affected": 1,
        "dino_water_contact_fraction": 0.1532976827094474,
        "nearest_reference_control_m": 1.1450042539763037,
        "within_800m_of_reference_group": 1,
        "position_status": "approximate_within_800m",
        "georeferencing_method": "homography_all_references",
        "result_source": "current_attached_reference",
        "image_file": "CM_5.webp"
      },
      "geometry": {
        "type": "Point",
        "coordinates": [
          99.00206041749193,
          18.753760942500566
        ]
      }
    },
    {
      "type": "Feature",
      "properties": {
        "image_id": "CM_5",
        "instance_id": "CM_5_B014",
        "source_csv_line": 201,
        "sam_confidence_score": 0.85546875,
        "flood_affected": 0,
        "dino_water_contact_fraction": 0.0,
        "nearest_reference_control_m": 7.476732391681724,
        "within_800m_of_reference_group": 1,
        "position_status": "approximate_within_800m",
        "georeferencing_method": "homography_all_references",
        "result_source": "current_attached_reference",
        "image_file": "CM_5.webp"
      },
      "geometry": {
        "type": "Point",
        "coordinates": [
          99.0034148091578,
          18.752910373907145
        ]
      }
    },
    {
      "type": "Feature",
      "properties": {
        "image_id": "CM_5",
        "instance_id": "CM_5_B015",
        "source_csv_line": 202,
        "sam_confidence_score": 0.609375,
        "flood_affected": 0,
        "dino_water_contact_fraction": 0.0783858998144712,
        "nearest_reference_control_m": 31.335507273367888,
        "within_800m_of_reference_group": 1,
        "position_status": "approximate_within_800m",
        "georeferencing_method": "homography_all_references",
        "result_source": "current_attached_reference",
        "image_file": "CM_5.webp"
      },
      "geometry": {
        "type": "Point",
        "coordinates": [
          99.00182627377598,
          18.75391978117446
        ]
      }
    },
    {
      "type": "Feature",
      "properties": {
        "image_id": "CM_5",
        "instance_id": "CM_5_B016",
        "source_csv_line": 203,
        "sam_confidence_score": 0.625,
        "flood_affected": 1,
        "dino_water_contact_fraction": 0.2886723507917174,
        "nearest_reference_control_m": 83.86355342644457,
        "within_800m_of_reference_group": 1,
        "position_status": "approximate_within_800m",
        "georeferencing_method": "homography_all_references",
        "result_source": "current_attached_reference",
        "image_file": "CM_5.webp"
      },
      "geometry": {
        "type": "Point",
        "coordinates": [
          99.00279174768708,
          18.753313941620117
        ]
      }
    },
    {
      "type": "Feature",
      "properties": {
        "image_id": "CM_5",
        "instance_id": "CM_5_B017",
        "source_csv_line": 204,
        "sam_confidence_score": 0.77734375,
        "flood_affected": 1,
        "dino_water_contact_fraction": 0.5317206754906435,
        "nearest_reference_control_m": 63.15092744210271,
        "within_800m_of_reference_group": 1,
        "position_status": "approximate_within_800m",
        "georeferencing_method": "homography_all_references",
        "result_source": "current_attached_reference",
        "image_file": "CM_5.webp"
      },
      "geometry": {
        "type": "Point",
        "coordinates": [
          99.0029818099618,
          18.753237085649882
        ]
      }
    },
    {
      "type": "Feature",
      "properties": {
        "image_id": "CM_5",
        "instance_id": "CM_5_B018",
        "source_csv_line": 205,
        "sam_confidence_score": 0.50390625,
        "flood_affected": 1,
        "dino_water_contact_fraction": 0.1848049281314168,
        "nearest_reference_control_m": 68.71979944901919,
        "within_800m_of_reference_group": 1,
        "position_status": "approximate_within_800m",
        "georeferencing_method": "homography_all_references",
        "result_source": "current_attached_reference",
        "image_file": "CM_5.webp"
      },
      "geometry": {
        "type": "Point",
        "coordinates": [
          99.00266111029467,
          18.75349887381883
        ]
      }
    },
    {
      "type": "Feature",
      "properties": {
        "image_id": "CM_5",
        "instance_id": "CM_5_B019",
        "source_csv_line": 206,
        "sam_confidence_score": 0.5859375,
        "flood_affected": 1,
        "dino_water_contact_fraction": 0.5711617482256257,
        "nearest_reference_control_m": 49.93589053685661,
        "within_800m_of_reference_group": 1,
        "position_status": "approximate_within_800m",
        "georeferencing_method": "homography_all_references",
        "result_source": "current_attached_reference",
        "image_file": "CM_5.webp"
      },
      "geometry": {
        "type": "Point",
        "coordinates": [
          99.00252082044737,
          18.753626557232266
        ]
      }
    },
    {
      "type": "Feature",
      "properties": {
        "image_id": "CM_5",
        "instance_id": "CM_5_B020",
        "source_csv_line": 207,
        "sam_confidence_score": 0.83203125,
        "flood_affected": 1,
        "dino_water_contact_fraction": 0.567063492063492,
        "nearest_reference_control_m": 33.11275172477871,
        "within_800m_of_reference_group": 1,
        "position_status": "approximate_within_800m",
        "georeferencing_method": "homography_all_references",
        "result_source": "current_attached_reference",
        "image_file": "CM_5.webp"
      },
      "geometry": {
        "type": "Point",
        "coordinates": [
          99.00333692942827,
          18.753132681993826
        ]
      }
    },
    {
      "type": "Feature",
      "properties": {
        "image_id": "CM_5",
        "instance_id": "CM_5_B021",
        "source_csv_line": 208,
        "sam_confidence_score": 0.734375,
        "flood_affected": 1,
        "dino_water_contact_fraction": 0.3938722775932078,
        "nearest_reference_control_m": 60.24298237354644,
        "within_800m_of_reference_group": 1,
        "position_status": "approximate_within_800m",
        "georeferencing_method": "homography_all_references",
        "result_source": "current_attached_reference",
        "image_file": "CM_5.webp"
      },
      "geometry": {
        "type": "Point",
        "coordinates": [
          99.00316247272265,
          18.75333124360934
        ]
      }
    },
    {
      "type": "Feature",
      "properties": {
        "image_id": "CM_5",
        "instance_id": "CM_5_B022",
        "source_csv_line": 209,
        "sam_confidence_score": 0.76171875,
        "flood_affected": 1,
        "dino_water_contact_fraction": 0.5395742358078602,
        "nearest_reference_control_m": 67.05975266727023,
        "within_800m_of_reference_group": 1,
        "position_status": "approximate_within_800m",
        "georeferencing_method": "homography_all_references",
        "result_source": "current_attached_reference",
        "image_file": "CM_5.webp"
      },
      "geometry": {
        "type": "Point",
        "coordinates": [
          99.00294932930304,
          18.75349984545674
        ]
      }
    },
    {
      "type": "Feature",
      "properties": {
        "image_id": "CM_5",
        "instance_id": "CM_5_B023",
        "source_csv_line": 210,
        "sam_confidence_score": 0.87109375,
        "flood_affected": 1,
        "dino_water_contact_fraction": 0.3526113897904986,
        "nearest_reference_control_m": 72.79372601559893,
        "within_800m_of_reference_group": 1,
        "position_status": "approximate_within_800m",
        "georeferencing_method": "homography_all_references",
        "result_source": "current_attached_reference",
        "image_file": "CM_5.webp"
      },
      "geometry": {
        "type": "Point",
        "coordinates": [
          99.00284430058305,
          18.75360904386123
        ]
      }
    },
    {
      "type": "Feature",
      "properties": {
        "image_id": "CM_5",
        "instance_id": "CM_5_B024",
        "source_csv_line": 211,
        "sam_confidence_score": 0.50390625,
        "flood_affected": 0,
        "dino_water_contact_fraction": 0.0,
        "nearest_reference_control_m": 39.71324673116425,
        "within_800m_of_reference_group": 1,
        "position_status": "approximate_within_800m",
        "georeferencing_method": "homography_all_references",
        "result_source": "current_attached_reference",
        "image_file": "CM_5.webp"
      },
      "geometry": {
        "type": "Point",
        "coordinates": [
          99.00354995806322,
          18.753177909307617
        ]
      }
    },
    {
      "type": "Feature",
      "properties": {
        "image_id": "CM_5",
        "instance_id": "CM_5_B025",
        "source_csv_line": 212,
        "sam_confidence_score": 0.7578125,
        "flood_affected": 1,
        "dino_water_contact_fraction": 0.383538633818589,
        "nearest_reference_control_m": 72.00082510101863,
        "within_800m_of_reference_group": 1,
        "position_status": "approximate_within_800m",
        "georeferencing_method": "homography_all_references",
        "result_source": "current_attached_reference",
        "image_file": "CM_5.webp"
      },
      "geometry": {
        "type": "Point",
        "coordinates": [
          99.00274879547321,
          18.753751708407734
        ]
      }
    },
    {
      "type": "Feature",
      "properties": {
        "image_id": "CM_5",
        "instance_id": "CM_5_B026",
        "source_csv_line": 213,
        "sam_confidence_score": 0.51171875,
        "flood_affected": 0,
        "dino_water_contact_fraction": 0.0215866162978953,
        "nearest_reference_control_m": 49.0933636215507,
        "within_800m_of_reference_group": 1,
        "position_status": "approximate_within_800m",
        "georeferencing_method": "homography_all_references",
        "result_source": "current_attached_reference",
        "image_file": "CM_5.webp"
      },
      "geometry": {
        "type": "Point",
        "coordinates": [
          99.00346979906911,
          18.753283420474514
        ]
      }
    },
    {
      "type": "Feature",
      "properties": {
        "image_id": "CM_5",
        "instance_id": "CM_5_B027",
        "source_csv_line": 214,
        "sam_confidence_score": 0.734375,
        "flood_affected": 1,
        "dino_water_contact_fraction": 0.2998338870431893,
        "nearest_reference_control_m": 43.6378735835076,
        "within_800m_of_reference_group": 1,
        "position_status": "approximate_within_800m",
        "georeferencing_method": "homography_all_references",
        "result_source": "current_attached_reference",
        "image_file": "CM_5.webp"
      },
      "geometry": {
        "type": "Point",
        "coordinates": [
          99.00321769139296,
          18.75350807388116
        ]
      }
    },
    {
      "type": "Feature",
      "properties": {
        "image_id": "CM_5",
        "instance_id": "CM_5_B028",
        "source_csv_line": 215,
        "sam_confidence_score": 0.69921875,
        "flood_affected": 1,
        "dino_water_contact_fraction": 0.7048334115438761,
        "nearest_reference_control_m": 45.89195898427895,
        "within_800m_of_reference_group": 1,
        "position_status": "approximate_within_800m",
        "georeferencing_method": "homography_all_references",
        "result_source": "current_attached_reference",
        "image_file": "CM_5.webp"
      },
      "geometry": {
        "type": "Point",
        "coordinates": [
          99.00310407650176,
          18.75363544833612
        ]
      }
    },
    {
      "type": "Feature",
      "properties": {
        "image_id": "CM_5",
        "instance_id": "CM_5_B029",
        "source_csv_line": 216,
        "sam_confidence_score": 0.8515625,
        "flood_affected": 0,
        "dino_water_contact_fraction": 0.0395238095238095,
        "nearest_reference_control_m": 59.52430322051207,
        "within_800m_of_reference_group": 1,
        "position_status": "approximate_within_800m",
        "georeferencing_method": "homography_all_references",
        "result_source": "current_attached_reference",
        "image_file": "CM_5.webp"
      },
      "geometry": {
        "type": "Point",
        "coordinates": [
          99.00254655903238,
          18.754033999716587
        ]
      }
    },
    {
      "type": "Feature",
      "properties": {
        "image_id": "CM_5",
        "instance_id": "CM_5_B030",
        "source_csv_line": 217,
        "sam_confidence_score": 0.6796875,
        "flood_affected": 0,
        "dino_water_contact_fraction": 0.0,
        "nearest_reference_control_m": 46.225666868265286,
        "within_800m_of_reference_group": 1,
        "position_status": "approximate_within_800m",
        "georeferencing_method": "homography_all_references",
        "result_source": "current_attached_reference",
        "image_file": "CM_5.webp"
      },
      "geometry": {
        "type": "Point",
        "coordinates": [
          99.00355849253133,
          18.753373517379433
        ]
      }
    },
    {
      "type": "Feature",
      "properties": {
        "image_id": "CM_5",
        "instance_id": "CM_5_B031",
        "source_csv_line": 218,
        "sam_confidence_score": 0.86328125,
        "flood_affected": 1,
        "dino_water_contact_fraction": 0.4482758620689655,
        "nearest_reference_control_m": 24.595804367935838,
        "within_800m_of_reference_group": 1,
        "position_status": "approximate_within_800m",
        "georeferencing_method": "homography_all_references",
        "result_source": "current_attached_reference",
        "image_file": "CM_5.webp"
      },
      "geometry": {
        "type": "Point",
        "coordinates": [
          99.0033861195036,
          18.75359944687284
        ]
      }
    },
    {
      "type": "Feature",
      "properties": {
        "image_id": "CM_5",
        "instance_id": "CM_5_B032",
        "source_csv_line": 219,
        "sam_confidence_score": 0.7578125,
        "flood_affected": 1,
        "dino_water_contact_fraction": 0.5933874709976799,
        "nearest_reference_control_m": 32.09486214716535,
        "within_800m_of_reference_group": 1,
        "position_status": "approximate_within_800m",
        "georeferencing_method": "homography_all_references",
        "result_source": "current_attached_reference",
        "image_file": "CM_5.webp"
      },
      "geometry": {
        "type": "Point",
        "coordinates": [
          99.00320552479043,
          18.753761626499827
        ]
      }
    },
    {
      "type": "Feature",
      "properties": {
        "image_id": "CM_5",
        "instance_id": "CM_5_B033",
        "source_csv_line": 220,
        "sam_confidence_score": 0.83984375,
        "flood_affected": 1,
        "dino_water_contact_fraction": 0.1479360534478644,
        "nearest_reference_control_m": 47.808627597045295,
        "within_800m_of_reference_group": 1,
        "position_status": "approximate_within_800m",
        "georeferencing_method": "homography_all_references",
        "result_source": "current_attached_reference",
        "image_file": "CM_5.webp"
      },
      "geometry": {
        "type": "Point",
        "coordinates": [
          99.00396008700635,
          18.753343983275037
        ]
      }
    },
    {
      "type": "Feature",
      "properties": {
        "image_id": "CM_5",
        "instance_id": "CM_5_B034",
        "source_csv_line": 221,
        "sam_confidence_score": 0.82421875,
        "flood_affected": 1,
        "dino_water_contact_fraction": 0.1989075406341593,
        "nearest_reference_control_m": 39.67336315501397,
        "within_800m_of_reference_group": 1,
        "position_status": "approximate_within_800m",
        "georeferencing_method": "homography_all_references",
        "result_source": "current_attached_reference",
        "image_file": "CM_5.webp"
      },
      "geometry": {
        "type": "Point",
        "coordinates": [
          99.00382006278743,
          18.753508505075477
        ]
      }
    },
    {
      "type": "Feature",
      "properties": {
        "image_id": "CM_5",
        "instance_id": "CM_5_B035",
        "source_csv_line": 222,
        "sam_confidence_score": 0.828125,
        "flood_affected": 1,
        "dino_water_contact_fraction": 0.4480743293870822,
        "nearest_reference_control_m": 18.407030202899307,
        "within_800m_of_reference_group": 1,
        "position_status": "approximate_within_800m",
        "georeferencing_method": "homography_all_references",
        "result_source": "current_attached_reference",
        "image_file": "CM_5.webp"
      },
      "geometry": {
        "type": "Point",
        "coordinates": [
          99.00337258621097,
          18.75389282468916
        ]
      }
    },
    {
      "type": "Feature",
      "properties": {
        "image_id": "CM_5",
        "instance_id": "CM_5_B036",
        "source_csv_line": 223,
        "sam_confidence_score": 0.8046875,
        "flood_affected": 1,
        "dino_water_contact_fraction": 0.5172488141440276,
        "nearest_reference_control_m": 7.985907660531687,
        "within_800m_of_reference_group": 1,
        "position_status": "approximate_within_800m",
        "georeferencing_method": "homography_all_references",
        "result_source": "current_attached_reference",
        "image_file": "CM_5.webp"
      },
      "geometry": {
        "type": "Point",
        "coordinates": [
          99.00358007230227,
          18.75376438141017
        ]
      }
    },
    {
      "type": "Feature",
      "properties": {
        "image_id": "CM_5",
        "instance_id": "CM_5_B037",
        "source_csv_line": 224,
        "sam_confidence_score": 0.81640625,
        "flood_affected": 0,
        "dino_water_contact_fraction": 0.0143666252244785,
        "nearest_reference_control_m": 38.01077698645323,
        "within_800m_of_reference_group": 1,
        "position_status": "approximate_within_800m",
        "georeferencing_method": "homography_all_references",
        "result_source": "current_attached_reference",
        "image_file": "CM_5.webp"
      },
      "geometry": {
        "type": "Point",
        "coordinates": [
          99.00286177788038,
          18.75430328020682
        ]
      }
    },
    {
      "type": "Feature",
      "properties": {
        "image_id": "CM_5",
        "instance_id": "CM_5_B038",
        "source_csv_line": 225,
        "sam_confidence_score": 0.6328125,
        "flood_affected": 1,
        "dino_water_contact_fraction": 0.4573046076427111,
        "nearest_reference_control_m": 34.334099384324176,
        "within_800m_of_reference_group": 1,
        "position_status": "approximate_within_800m",
        "georeferencing_method": "homography_all_references",
        "result_source": "current_attached_reference",
        "image_file": "CM_5.webp"
      },
      "geometry": {
        "type": "Point",
        "coordinates": [
          99.00316546879434,
          18.75421211868697
        ]
      }
    },
    {
      "type": "Feature",
      "properties": {
        "image_id": "CM_5",
        "instance_id": "CM_5_B039",
        "source_csv_line": 226,
        "sam_confidence_score": 0.5078125,
        "flood_affected": 1,
        "dino_water_contact_fraction": 0.1418776371308016,
        "nearest_reference_control_m": 13.395212272143418,
        "within_800m_of_reference_group": 1,
        "position_status": "approximate_within_800m",
        "georeferencing_method": "homography_all_references",
        "result_source": "current_attached_reference",
        "image_file": "CM_5.webp"
      },
      "geometry": {
        "type": "Point",
        "coordinates": [
          99.00410733900756,
          18.753637789845616
        ]
      }
    },
    {
      "type": "Feature",
      "properties": {
        "image_id": "CM_5",
        "instance_id": "CM_5_B040",
        "source_csv_line": 227,
        "sam_confidence_score": 0.859375,
        "flood_affected": 1,
        "dino_water_contact_fraction": 0.1879422587036512,
        "nearest_reference_control_m": 7.362477806099891,
        "within_800m_of_reference_group": 1,
        "position_status": "approximate_within_800m",
        "georeferencing_method": "homography_all_references",
        "result_source": "current_attached_reference",
        "image_file": "CM_5.webp"
      },
      "geometry": {
        "type": "Point",
        "coordinates": [
          99.0040255182554,
          18.75373363575812
        ]
      }
    },
    {
      "type": "Feature",
      "properties": {
        "image_id": "CM_5",
        "instance_id": "CM_5_B041",
        "source_csv_line": 228,
        "sam_confidence_score": 0.7734375,
        "flood_affected": 1,
        "dino_water_contact_fraction": 0.4664224664224664,
        "nearest_reference_control_m": 28.109319832947065,
        "within_800m_of_reference_group": 1,
        "position_status": "approximate_within_800m",
        "georeferencing_method": "homography_all_references",
        "result_source": "current_attached_reference",
        "image_file": "CM_5.webp"
      },
      "geometry": {
        "type": "Point",
        "coordinates": [
          99.0032586278232,
          18.75429382692268
        ]
      }
    },
    {
      "type": "Feature",
      "properties": {
        "image_id": "CM_5",
        "instance_id": "CM_5_B042",
        "source_csv_line": 229,
        "sam_confidence_score": 0.90234375,
        "flood_affected": 1,
        "dino_water_contact_fraction": 0.386649384316267,
        "nearest_reference_control_m": 22.09265348246813,
        "within_800m_of_reference_group": 1,
        "position_status": "approximate_within_800m",
        "georeferencing_method": "homography_all_references",
        "result_source": "current_attached_reference",
        "image_file": "CM_5.webp"
      },
      "geometry": {
        "type": "Point",
        "coordinates": [
          99.00372994139633,
          18.75396941352081
        ]
      }
    },
    {
      "type": "Feature",
      "properties": {
        "image_id": "CM_5",
        "instance_id": "CM_5_B043",
        "source_csv_line": 230,
        "sam_confidence_score": 0.6328125,
        "flood_affected": 1,
        "dino_water_contact_fraction": 0.3854403639909002,
        "nearest_reference_control_m": 15.110470692906778,
        "within_800m_of_reference_group": 1,
        "position_status": "approximate_within_800m",
        "georeferencing_method": "homography_all_references",
        "result_source": "current_attached_reference",
        "image_file": "CM_5.webp"
      },
      "geometry": {
        "type": "Point",
        "coordinates": [
          99.00316268222525,
          18.75438660744961
        ]
      }
    },
    {
      "type": "Feature",
      "properties": {
        "image_id": "CM_5",
        "instance_id": "CM_5_B044",
        "source_csv_line": 231,
        "sam_confidence_score": 0.84375,
        "flood_affected": 1,
        "dino_water_contact_fraction": 0.7107843137254902,
        "nearest_reference_control_m": 17.15730001974598,
        "within_800m_of_reference_group": 1,
        "position_status": "approximate_within_800m",
        "georeferencing_method": "homography_all_references",
        "result_source": "current_attached_reference",
        "image_file": "CM_5.webp"
      },
      "geometry": {
        "type": "Point",
        "coordinates": [
          99.00397243529454,
          18.753864449795234
        ]
      }
    },
    {
      "type": "Feature",
      "properties": {
        "image_id": "CM_5",
        "instance_id": "CM_5_B045",
        "source_csv_line": 232,
        "sam_confidence_score": 0.6640625,
        "flood_affected": 1,
        "dino_water_contact_fraction": 0.4209723869219041,
        "nearest_reference_control_m": 3.7458878778671103,
        "within_800m_of_reference_group": 1,
        "position_status": "approximate_within_800m",
        "georeferencing_method": "homography_all_references",
        "result_source": "current_attached_reference",
        "image_file": "CM_5.webp"
      },
      "geometry": {
        "type": "Point",
        "coordinates": [
          99.00361209366987,
          18.75413431710407
        ]
      }
    },
    {
      "type": "Feature",
      "properties": {
        "image_id": "CM_5",
        "instance_id": "CM_5_B046",
        "source_csv_line": 233,
        "sam_confidence_score": 0.86328125,
        "flood_affected": 1,
        "dino_water_contact_fraction": 0.4440789473684211,
        "nearest_reference_control_m": 5.8779813325701245,
        "within_800m_of_reference_group": 1,
        "position_status": "approximate_within_800m",
        "georeferencing_method": "homography_all_references",
        "result_source": "current_attached_reference",
        "image_file": "CM_5.webp"
      },
      "geometry": {
        "type": "Point",
        "coordinates": [
          99.00408617410189,
          18.753810757177664
        ]
      }
    },
    {
      "type": "Feature",
      "properties": {
        "image_id": "CM_5",
        "instance_id": "CM_5_B047",
        "source_csv_line": 234,
        "sam_confidence_score": 0.8359375,
        "flood_affected": 1,
        "dino_water_contact_fraction": 0.7315608919382505,
        "nearest_reference_control_m": 1.9388212474204762,
        "within_800m_of_reference_group": 1,
        "position_status": "approximate_within_800m",
        "georeferencing_method": "homography_all_references",
        "result_source": "current_attached_reference",
        "image_file": "CM_5.webp"
      },
      "geometry": {
        "type": "Point",
        "coordinates": [
          99.00313252693883,
          18.754505618525002
        ]
      }
    },
    {
      "type": "Feature",
      "properties": {
        "image_id": "CM_5",
        "instance_id": "CM_5_B048",
        "source_csv_line": 235,
        "sam_confidence_score": 0.80078125,
        "flood_affected": 1,
        "dino_water_contact_fraction": 0.1183557760453579,
        "nearest_reference_control_m": 7.97115348790039,
        "within_800m_of_reference_group": 1,
        "position_status": "approximate_within_800m",
        "georeferencing_method": "homography_all_references",
        "result_source": "current_attached_reference",
        "image_file": "CM_5.webp"
      },
      "geometry": {
        "type": "Point",
        "coordinates": [
          99.00416437205753,
          18.753773649735272
        ]
      }
    },
    {
      "type": "Feature",
      "properties": {
        "image_id": "CM_5",
        "instance_id": "CM_5_B049",
        "source_csv_line": 236,
        "sam_confidence_score": 0.6796875,
        "flood_affected": 0,
        "dino_water_contact_fraction": 0.0,
        "nearest_reference_control_m": 22.352241027178998,
        "within_800m_of_reference_group": 1,
        "position_status": "approximate_within_800m",
        "georeferencing_method": "homography_all_references",
        "result_source": "current_attached_reference",
        "image_file": "CM_5.webp"
      },
      "geometry": {
        "type": "Point",
        "coordinates": [
          99.00379051912019,
          18.754065603732165
        ]
      }
    },
    {
      "type": "Feature",
      "properties": {
        "image_id": "CM_5",
        "instance_id": "CM_5_B050",
        "source_csv_line": 237,
        "sam_confidence_score": 0.8203125,
        "flood_affected": 1,
        "dino_water_contact_fraction": 0.2178451178451178,
        "nearest_reference_control_m": 23.079587977648632,
        "within_800m_of_reference_group": 1,
        "position_status": "approximate_within_800m",
        "georeferencing_method": "homography_all_references",
        "result_source": "current_attached_reference",
        "image_file": "CM_5.webp"
      },
      "geometry": {
        "type": "Point",
        "coordinates": [
          99.0034937713148,
          18.754302985834137
        ]
      }
    },
    {
      "type": "Feature",
      "properties": {
        "image_id": "CM_5",
        "instance_id": "CM_5_B051",
        "source_csv_line": 238,
        "sam_confidence_score": 0.61328125,
        "flood_affected": 1,
        "dino_water_contact_fraction": 0.6237547892720307,
        "nearest_reference_control_m": 31.019542531376256,
        "within_800m_of_reference_group": 1,
        "position_status": "approximate_within_800m",
        "georeferencing_method": "homography_all_references",
        "result_source": "current_attached_reference",
        "image_file": "CM_5.webp"
      },
      "geometry": {
        "type": "Point",
        "coordinates": [
          99.00340069526919,
          18.754390871385645
        ]
      }
    },
    {
      "type": "Feature",
      "properties": {
        "image_id": "CM_5",
        "instance_id": "CM_5_B052",
        "source_csv_line": 239,
        "sam_confidence_score": 0.68359375,
        "flood_affected": 1,
        "dino_water_contact_fraction": 0.3230174081237911,
        "nearest_reference_control_m": 24.36582989262414,
        "within_800m_of_reference_group": 1,
        "position_status": "approximate_within_800m",
        "georeferencing_method": "homography_all_references",
        "result_source": "current_attached_reference",
        "image_file": "CM_5.webp"
      },
      "geometry": {
        "type": "Point",
        "coordinates": [
          99.00334990301573,
          18.754428624746335
        ]
      }
    },
    {
      "type": "Feature",
      "properties": {
        "image_id": "CM_7",
        "instance_id": "CM_7_B001",
        "source_csv_line": 291,
        "sam_confidence_score": 0.578125,
        "flood_affected": 0,
        "dino_water_contact_fraction": 0.0,
        "nearest_reference_control_m": 166.2554081274386,
        "within_800m_of_reference_group": 1,
        "position_status": "approximate_within_800m",
        "georeferencing_method": "homography_all_references",
        "result_source": "current_attached_reference",
        "image_file": "CM_7.webp"
      },
      "geometry": {
        "type": "Point",
        "coordinates": [
          99.00174409502748,
          18.75910837217781
        ]
      }
    },
    {
      "type": "Feature",
      "properties": {
        "image_id": "CM_7",
        "instance_id": "CM_7_B002",
        "source_csv_line": 292,
        "sam_confidence_score": 0.5390625,
        "flood_affected": 0,
        "dino_water_contact_fraction": 0.0221270521056388,
        "nearest_reference_control_m": 146.27578584510158,
        "within_800m_of_reference_group": 1,
        "position_status": "approximate_within_800m",
        "georeferencing_method": "homography_all_references",
        "result_source": "current_attached_reference",
        "image_file": "CM_7.webp"
      },
      "geometry": {
        "type": "Point",
        "coordinates": [
          99.00150267611251,
          18.75890200565164
        ]
      }
    },
    {
      "type": "Feature",
      "properties": {
        "image_id": "CM_7",
        "instance_id": "CM_7_B003",
        "source_csv_line": 293,
        "sam_confidence_score": 0.81640625,
        "flood_affected": 0,
        "dino_water_contact_fraction": 0.0723000451875282,
        "nearest_reference_control_m": 151.50674633021424,
        "within_800m_of_reference_group": 1,
        "position_status": "approximate_within_800m",
        "georeferencing_method": "homography_all_references",
        "result_source": "current_attached_reference",
        "image_file": "CM_7.webp"
      },
      "geometry": {
        "type": "Point",
        "coordinates": [
          99.00043762902875,
          18.75810269277391
        ]
      }
    },
    {
      "type": "Feature",
      "properties": {
        "image_id": "CM_7",
        "instance_id": "CM_7_B004",
        "source_csv_line": 294,
        "sam_confidence_score": 0.59765625,
        "flood_affected": 0,
        "dino_water_contact_fraction": 0.0,
        "nearest_reference_control_m": 4.055625587302778,
        "within_800m_of_reference_group": 1,
        "position_status": "approximate_within_800m",
        "georeferencing_method": "homography_all_references",
        "result_source": "current_attached_reference",
        "image_file": "CM_7.webp"
      },
      "geometry": {
        "type": "Point",
        "coordinates": [
          99.00396033226905,
          18.76044407171366
        ]
      }
    },
    {
      "type": "Feature",
      "properties": {
        "image_id": "CM_7",
        "instance_id": "CM_7_B005",
        "source_csv_line": 295,
        "sam_confidence_score": 0.7265625,
        "flood_affected": 1,
        "dino_water_contact_fraction": 0.1796976241900648,
        "nearest_reference_control_m": 104.60219440593379,
        "within_800m_of_reference_group": 1,
        "position_status": "approximate_within_800m",
        "georeferencing_method": "homography_all_references",
        "result_source": "current_attached_reference",
        "image_file": "CM_7.webp"
      },
      "geometry": {
        "type": "Point",
        "coordinates": [
          99.00252989366076,
          18.759274282747825
        ]
      }
    },
    {
      "type": "Feature",
      "properties": {
        "image_id": "CM_7",
        "instance_id": "CM_7_B006",
        "source_csv_line": 296,
        "sam_confidence_score": 0.87890625,
        "flood_affected": 1,
        "dino_water_contact_fraction": 0.1007139214686384,
        "nearest_reference_control_m": 118.04021596563918,
        "within_800m_of_reference_group": 1,
        "position_status": "approximate_within_800m",
        "georeferencing_method": "homography_all_references",
        "result_source": "current_attached_reference",
        "image_file": "CM_7.webp"
      },
      "geometry": {
        "type": "Point",
        "coordinates": [
          99.00179868781952,
          18.75867274170966
        ]
      }
    },
    {
      "type": "Feature",
      "properties": {
        "image_id": "CM_7",
        "instance_id": "CM_7_B007",
        "source_csv_line": 297,
        "sam_confidence_score": 0.6171875,
        "flood_affected": 0,
        "dino_water_contact_fraction": 0.0428465895099729,
        "nearest_reference_control_m": 36.13727811393559,
        "within_800m_of_reference_group": 1,
        "position_status": "approximate_within_800m",
        "georeferencing_method": "homography_all_references",
        "result_source": "current_attached_reference",
        "image_file": "CM_7.webp"
      },
      "geometry": {
        "type": "Point",
        "coordinates": [
          99.00397739587763,
          18.760104685804702
        ]
      }
    },
    {
      "type": "Feature",
      "properties": {
        "image_id": "CM_7",
        "instance_id": "CM_7_B008",
        "source_csv_line": 298,
        "sam_confidence_score": 0.8203125,
        "flood_affected": 1,
        "dino_water_contact_fraction": 0.0883341334613538,
        "nearest_reference_control_m": 106.44342806543611,
        "within_800m_of_reference_group": 1,
        "position_status": "approximate_within_800m",
        "georeferencing_method": "homography_all_references",
        "result_source": "current_attached_reference",
        "image_file": "CM_7.webp"
      },
      "geometry": {
        "type": "Point",
        "coordinates": [
          99.00495389827417,
          18.760736106893127
        ]
      }
    },
    {
      "type": "Feature",
      "properties": {
        "image_id": "CM_7",
        "instance_id": "CM_7_B009",
        "source_csv_line": 299,
        "sam_confidence_score": 0.78515625,
        "flood_affected": 1,
        "dino_water_contact_fraction": 0.0876271742697735,
        "nearest_reference_control_m": 15.492108850907819,
        "within_800m_of_reference_group": 1,
        "position_status": "approximate_within_800m",
        "georeferencing_method": "homography_all_references",
        "result_source": "current_attached_reference",
        "image_file": "CM_7.webp"
      },
      "geometry": {
        "type": "Point",
        "coordinates": [
          99.0033931722435,
          18.759501130702084
        ]
      }
    },
    {
      "type": "Feature",
      "properties": {
        "image_id": "CM_7",
        "instance_id": "CM_7_B010",
        "source_csv_line": 300,
        "sam_confidence_score": 0.63671875,
        "flood_affected": 1,
        "dino_water_contact_fraction": 0.2880873279544376,
        "nearest_reference_control_m": 23.48720909019274,
        "within_800m_of_reference_group": 1,
        "position_status": "approximate_within_800m",
        "georeferencing_method": "homography_all_references",
        "result_source": "current_attached_reference",
        "image_file": "CM_7.webp"
      },
      "geometry": {
        "type": "Point",
        "coordinates": [
          99.00357919135503,
          18.759619361466083
        ]
      }
    },
    {
      "type": "Feature",
      "properties": {
        "image_id": "CM_7",
        "instance_id": "CM_7_B011",
        "source_csv_line": 301,
        "sam_confidence_score": 0.52734375,
        "flood_affected": 0,
        "dino_water_contact_fraction": 0.0553960964408725,
        "nearest_reference_control_m": 78.18848761015774,
        "within_800m_of_reference_group": 1,
        "position_status": "approximate_within_800m",
        "georeferencing_method": "homography_all_references",
        "result_source": "current_attached_reference",
        "image_file": "CM_7.webp"
      },
      "geometry": {
        "type": "Point",
        "coordinates": [
          99.0046923900053,
          18.760186762923944
        ]
      }
    },
    {
      "type": "Feature",
      "properties": {
        "image_id": "CM_7",
        "instance_id": "CM_7_B012",
        "source_csv_line": 302,
        "sam_confidence_score": 0.88671875,
        "flood_affected": 0,
        "dino_water_contact_fraction": 0.0487031700288184,
        "nearest_reference_control_m": 49.27149649812568,
        "within_800m_of_reference_group": 1,
        "position_status": "approximate_within_800m",
        "georeferencing_method": "homography_all_references",
        "result_source": "current_attached_reference",
        "image_file": "CM_7.webp"
      },
      "geometry": {
        "type": "Point",
        "coordinates": [
          99.00167604264367,
          18.75804086061687
        ]
      }
    },
    {
      "type": "Feature",
      "properties": {
        "image_id": "CM_7",
        "instance_id": "CM_7_B013",
        "source_csv_line": 303,
        "sam_confidence_score": 0.62109375,
        "flood_affected": 0,
        "dino_water_contact_fraction": 0.0591114457831325,
        "nearest_reference_control_m": 70.99612761449009,
        "within_800m_of_reference_group": 1,
        "position_status": "approximate_within_800m",
        "georeferencing_method": "homography_all_references",
        "result_source": "current_attached_reference",
        "image_file": "CM_7.webp"
      },
      "geometry": {
        "type": "Point",
        "coordinates": [
          99.00279002930905,
          18.75858107969119
        ]
      }
    },
    {
      "type": "Feature",
      "properties": {
        "image_id": "CM_7",
        "instance_id": "CM_7_B014",
        "source_csv_line": 304,
        "sam_confidence_score": 0.5390625,
        "flood_affected": 0,
        "dino_water_contact_fraction": 0.0521669341894061,
        "nearest_reference_control_m": 56.935399141014656,
        "within_800m_of_reference_group": 1,
        "position_status": "approximate_within_800m",
        "georeferencing_method": "homography_all_references",
        "result_source": "current_attached_reference",
        "image_file": "CM_7.webp"
      },
      "geometry": {
        "type": "Point",
        "coordinates": [
          99.00262386234368,
          18.7583851179674
        ]
      }
    },
    {
      "type": "Feature",
      "properties": {
        "image_id": "CM_7",
        "instance_id": "CM_7_B015",
        "source_csv_line": 305,
        "sam_confidence_score": 0.81640625,
        "flood_affected": 1,
        "dino_water_contact_fraction": 0.3031117940837495,
        "nearest_reference_control_m": 102.75281494897058,
        "within_800m_of_reference_group": 1,
        "position_status": "approximate_within_800m",
        "georeferencing_method": "homography_all_references",
        "result_source": "current_attached_reference",
        "image_file": "CM_7.webp"
      },
      "geometry": {
        "type": "Point",
        "coordinates": [
          99.00481653602797,
          18.759805302183345
        ]
      }
    },
    {
      "type": "Feature",
      "properties": {
        "image_id": "CM_7",
        "instance_id": "CM_7_B016",
        "source_csv_line": 306,
        "sam_confidence_score": 0.6484375,
        "flood_affected": 0,
        "dino_water_contact_fraction": 0.0,
        "nearest_reference_control_m": 61.53313033765582,
        "within_800m_of_reference_group": 1,
        "position_status": "approximate_within_800m",
        "georeferencing_method": "homography_all_references",
        "result_source": "current_attached_reference",
        "image_file": "CM_7.webp"
      },
      "geometry": {
        "type": "Point",
        "coordinates": [
          99.0023323654554,
          18.75801315859042
        ]
      }
    },
    {
      "type": "Feature",
      "properties": {
        "image_id": "CM_7",
        "instance_id": "CM_7_B017",
        "source_csv_line": 307,
        "sam_confidence_score": 0.8203125,
        "flood_affected": 1,
        "dino_water_contact_fraction": 0.2607758620689655,
        "nearest_reference_control_m": 7.193627041120898,
        "within_800m_of_reference_group": 1,
        "position_status": "approximate_within_800m",
        "georeferencing_method": "homography_all_references",
        "result_source": "current_attached_reference",
        "image_file": "CM_7.webp"
      },
      "geometry": {
        "type": "Point",
        "coordinates": [
          99.00178812183584,
          18.757541922446247
        ]
      }
    },
    {
      "type": "Feature",
      "properties": {
        "image_id": "CM_7",
        "instance_id": "CM_7_B018",
        "source_csv_line": 308,
        "sam_confidence_score": 0.66015625,
        "flood_affected": 0,
        "dino_water_contact_fraction": 0.0460424211070874,
        "nearest_reference_control_m": 62.54856482450703,
        "within_800m_of_reference_group": 1,
        "position_status": "approximate_within_800m",
        "georeferencing_method": "homography_all_references",
        "result_source": "current_attached_reference",
        "image_file": "CM_7.webp"
      },
      "geometry": {
        "type": "Point",
        "coordinates": [
          99.00230098946903,
          18.75787181969669
        ]
      }
    },
    {
      "type": "Feature",
      "properties": {
        "image_id": "CM_7",
        "instance_id": "CM_7_B019",
        "source_csv_line": 309,
        "sam_confidence_score": 0.54296875,
        "flood_affected": 0,
        "dino_water_contact_fraction": 0.0128256513026052,
        "nearest_reference_control_m": 56.21566353660249,
        "within_800m_of_reference_group": 1,
        "position_status": "approximate_within_800m",
        "georeferencing_method": "homography_all_references",
        "result_source": "current_attached_reference",
        "image_file": "CM_7.webp"
      },
      "geometry": {
        "type": "Point",
        "coordinates": [
          99.00230428825685,
          18.757683717593128
        ]
      }
    },
    {
      "type": "Feature",
      "properties": {
        "image_id": "CM_7",
        "instance_id": "CM_7_B020",
        "source_csv_line": 310,
        "sam_confidence_score": 0.61328125,
        "flood_affected": 1,
        "dino_water_contact_fraction": 0.1358740679370339,
        "nearest_reference_control_m": 49.550125723605014,
        "within_800m_of_reference_group": 1,
        "position_status": "approximate_within_800m",
        "georeferencing_method": "homography_all_references",
        "result_source": "current_attached_reference",
        "image_file": "CM_7.webp"
      },
      "geometry": {
        "type": "Point",
        "coordinates": [
          99.00477274361586,
          18.75929663292961
        ]
      }
    },
    {
      "type": "Feature",
      "properties": {
        "image_id": "CM_7",
        "instance_id": "CM_7_B021",
        "source_csv_line": 311,
        "sam_confidence_score": 0.515625,
        "flood_affected": 1,
        "dino_water_contact_fraction": 0.1649433776464795,
        "nearest_reference_control_m": 34.006678206036746,
        "within_800m_of_reference_group": 1,
        "position_status": "approximate_within_800m",
        "georeferencing_method": "homography_all_references",
        "result_source": "current_attached_reference",
        "image_file": "CM_7.webp"
      },
      "geometry": {
        "type": "Point",
        "coordinates": [
          99.00472669654916,
          18.759096261346528
        ]
      }
    },
    {
      "type": "Feature",
      "properties": {
        "image_id": "CM_7",
        "instance_id": "CM_7_B022",
        "source_csv_line": 312,
        "sam_confidence_score": 0.84375,
        "flood_affected": 0,
        "dino_water_contact_fraction": 0.0024075289997811,
        "nearest_reference_control_m": 10.528764937403453,
        "within_800m_of_reference_group": 1,
        "position_status": "approximate_within_800m",
        "georeferencing_method": "homography_all_references",
        "result_source": "current_attached_reference",
        "image_file": "CM_7.webp"
      },
      "geometry": {
        "type": "Point",
        "coordinates": [
          99.00297460366798,
          18.7578756430482
        ]
      }
    },
    {
      "type": "Feature",
      "properties": {
        "image_id": "CM_7",
        "instance_id": "CM_7_B023",
        "source_csv_line": 313,
        "sam_confidence_score": 0.64453125,
        "flood_affected": 0,
        "dino_water_contact_fraction": 0.0058528428093645,
        "nearest_reference_control_m": 33.77363754913702,
        "within_800m_of_reference_group": 1,
        "position_status": "approximate_within_800m",
        "georeferencing_method": "homography_all_references",
        "result_source": "current_attached_reference",
        "image_file": "CM_7.webp"
      },
      "geometry": {
        "type": "Point",
        "coordinates": [
          99.0028440654941,
          18.757651878463893
        ]
      }
    },
    {
      "type": "Feature",
      "properties": {
        "image_id": "CM_7",
        "instance_id": "CM_7_B024",
        "source_csv_line": 314,
        "sam_confidence_score": 0.79296875,
        "flood_affected": 1,
        "dino_water_contact_fraction": 0.1734597156398104,
        "nearest_reference_control_m": 76.10346705156631,
        "within_800m_of_reference_group": 1,
        "position_status": "approximate_within_800m",
        "georeferencing_method": "homography_all_references",
        "result_source": "current_attached_reference",
        "image_file": "CM_7.webp"
      },
      "geometry": {
        "type": "Point",
        "coordinates": [
          99.00361194034765,
          18.758120455513716
        ]
      }
    },
    {
      "type": "Feature",
      "properties": {
        "image_id": "CM_7",
        "instance_id": "CM_7_B025",
        "source_csv_line": 315,
        "sam_confidence_score": 0.8984375,
        "flood_affected": 1,
        "dino_water_contact_fraction": 0.1658031088082901,
        "nearest_reference_control_m": 3.922127662687369,
        "within_800m_of_reference_group": 1,
        "position_status": "approximate_within_800m",
        "georeferencing_method": "homography_all_references",
        "result_source": "current_attached_reference",
        "image_file": "CM_7.webp"
      },
      "geometry": {
        "type": "Point",
        "coordinates": [
          99.00497593294067,
          18.758920508092448
        ]
      }
    },
    {
      "type": "Feature",
      "properties": {
        "image_id": "CM_7",
        "instance_id": "CM_7_B026",
        "source_csv_line": 316,
        "sam_confidence_score": 0.640625,
        "flood_affected": 1,
        "dino_water_contact_fraction": 0.3531384762817441,
        "nearest_reference_control_m": 85.69575776787401,
        "within_800m_of_reference_group": 1,
        "position_status": "approximate_within_800m",
        "georeferencing_method": "homography_all_references",
        "result_source": "current_attached_reference",
        "image_file": "CM_7.webp"
      },
      "geometry": {
        "type": "Point",
        "coordinates": [
          99.00241792518472,
          18.757129311888924
        ]
      }
    },
    {
      "type": "Feature",
      "properties": {
        "image_id": "CM_7",
        "instance_id": "CM_7_B027",
        "source_csv_line": 317,
        "sam_confidence_score": 0.609375,
        "flood_affected": 1,
        "dino_water_contact_fraction": 0.2509124087591241,
        "nearest_reference_control_m": 52.322871299352606,
        "within_800m_of_reference_group": 1,
        "position_status": "approximate_within_800m",
        "georeferencing_method": "homography_all_references",
        "result_source": "current_attached_reference",
        "image_file": "CM_7.webp"
      },
      "geometry": {
        "type": "Point",
        "coordinates": [
          99.00457574241887,
          18.75859157328554
        ]
      }
    },
    {
      "type": "Feature",
      "properties": {
        "image_id": "CM_7",
        "instance_id": "CM_7_B028",
        "source_csv_line": 318,
        "sam_confidence_score": 0.6796875,
        "flood_affected": 1,
        "dino_water_contact_fraction": 0.4280193236714976,
        "nearest_reference_control_m": 67.79594422376555,
        "within_800m_of_reference_group": 1,
        "position_status": "approximate_within_800m",
        "georeferencing_method": "homography_all_references",
        "result_source": "current_attached_reference",
        "image_file": "CM_7.webp"
      },
      "geometry": {
        "type": "Point",
        "coordinates": [
          99.0027171384338,
          18.757306127018413
        ]
      }
    },
    {
      "type": "Feature",
      "properties": {
        "image_id": "CM_7",
        "instance_id": "CM_7_B029",
        "source_csv_line": 319,
        "sam_confidence_score": 0.60546875,
        "flood_affected": 1,
        "dino_water_contact_fraction": 0.2370786516853932,
        "nearest_reference_control_m": 72.80781329083348,
        "within_800m_of_reference_group": 1,
        "position_status": "approximate_within_800m",
        "georeferencing_method": "homography_all_references",
        "result_source": "current_attached_reference",
        "image_file": "CM_7.webp"
      },
      "geometry": {
        "type": "Point",
        "coordinates": [
          99.00443368351603,
          18.75846462866133
        ]
      }
    },
    {
      "type": "Feature",
      "properties": {
        "image_id": "CM_7",
        "instance_id": "CM_7_B030",
        "source_csv_line": 320,
        "sam_confidence_score": 0.7421875,
        "flood_affected": 1,
        "dino_water_contact_fraction": 0.1746944644140906,
        "nearest_reference_control_m": 49.673769112586285,
        "within_800m_of_reference_group": 1,
        "position_status": "approximate_within_800m",
        "georeferencing_method": "homography_all_references",
        "result_source": "current_attached_reference",
        "image_file": "CM_7.webp"
      },
      "geometry": {
        "type": "Point",
        "coordinates": [
          99.00328712497952,
          18.757677833165012
        ]
      }
    },
    {
      "type": "Feature",
      "properties": {
        "image_id": "CM_7",
        "instance_id": "CM_7_B031",
        "source_csv_line": 321,
        "sam_confidence_score": 0.51171875,
        "flood_affected": 1,
        "dino_water_contact_fraction": 0.2027439024390244,
        "nearest_reference_control_m": 67.2655182578569,
        "within_800m_of_reference_group": 1,
        "position_status": "approximate_within_800m",
        "georeferencing_method": "homography_all_references",
        "result_source": "current_attached_reference",
        "image_file": "CM_7.webp"
      },
      "geometry": {
        "type": "Point",
        "coordinates": [
          99.00454075648709,
          18.758431514973154
        ]
      }
    },
    {
      "type": "Feature",
      "properties": {
        "image_id": "CM_7",
        "instance_id": "CM_7_B032",
        "source_csv_line": 322,
        "sam_confidence_score": 0.62890625,
        "flood_affected": 1,
        "dino_water_contact_fraction": 0.6975409836065574,
        "nearest_reference_control_m": 60.01027567867514,
        "within_800m_of_reference_group": 1,
        "position_status": "approximate_within_800m",
        "georeferencing_method": "homography_all_references",
        "result_source": "current_attached_reference",
        "image_file": "CM_7.webp"
      },
      "geometry": {
        "type": "Point",
        "coordinates": [
          99.0027027894061,
          18.75715731146596
        ]
      }
    },
    {
      "type": "Feature",
      "properties": {
        "image_id": "CM_7",
        "instance_id": "CM_7_B033",
        "source_csv_line": 323,
        "sam_confidence_score": 0.71484375,
        "flood_affected": 1,
        "dino_water_contact_fraction": 0.2293992557150451,
        "nearest_reference_control_m": 61.30493050282227,
        "within_800m_of_reference_group": 1,
        "position_status": "approximate_within_800m",
        "georeferencing_method": "homography_all_references",
        "result_source": "current_attached_reference",
        "image_file": "CM_7.webp"
      },
      "geometry": {
        "type": "Point",
        "coordinates": [
          99.00431347943442,
          18.758242232677496
        ]
      }
    },
    {
      "type": "Feature",
      "properties": {
        "image_id": "CM_7",
        "instance_id": "CM_7_B034",
        "source_csv_line": 324,
        "sam_confidence_score": 0.83203125,
        "flood_affected": 1,
        "dino_water_contact_fraction": 0.8553299492385786,
        "nearest_reference_control_m": 40.77927279267339,
        "within_800m_of_reference_group": 1,
        "position_status": "approximate_within_800m",
        "georeferencing_method": "homography_all_references",
        "result_source": "current_attached_reference",
        "image_file": "CM_7.webp"
      },
      "geometry": {
        "type": "Point",
        "coordinates": [
          99.00303522092482,
          18.757242537127176
        ]
      }
    },
    {
      "type": "Feature",
      "properties": {
        "image_id": "CM_7",
        "instance_id": "CM_7_B035",
        "source_csv_line": 325,
        "sam_confidence_score": 0.65625,
        "flood_affected": 1,
        "dino_water_contact_fraction": 0.4428463285389856,
        "nearest_reference_control_m": 54.36938249145996,
        "within_800m_of_reference_group": 1,
        "position_status": "approximate_within_800m",
        "georeferencing_method": "homography_all_references",
        "result_source": "current_attached_reference",
        "image_file": "CM_7.webp"
      },
      "geometry": {
        "type": "Point",
        "coordinates": [
          99.00480605113673,
          18.758419172123055
        ]
      }
    },
    {
      "type": "Feature",
      "properties": {
        "image_id": "CM_7",
        "instance_id": "CM_7_B036",
        "source_csv_line": 326,
        "sam_confidence_score": 0.515625,
        "flood_affected": 0,
        "dino_water_contact_fraction": 0.0,
        "nearest_reference_control_m": 41.18441773031636,
        "within_800m_of_reference_group": 1,
        "position_status": "approximate_within_800m",
        "georeferencing_method": "homography_all_references",
        "result_source": "current_attached_reference",
        "image_file": "CM_7.webp"
      },
      "geometry": {
        "type": "Point",
        "coordinates": [
          99.00509846495459,
          18.758537992997198
        ]
      }
    },
    {
      "type": "Feature",
      "properties": {
        "image_id": "CM_7",
        "instance_id": "CM_7_B037",
        "source_csv_line": 327,
        "sam_confidence_score": 0.57421875,
        "flood_affected": 0,
        "dino_water_contact_fraction": 0.0,
        "nearest_reference_control_m": 47.49713648430504,
        "within_800m_of_reference_group": 1,
        "position_status": "approximate_within_800m",
        "georeferencing_method": "homography_all_references",
        "result_source": "current_attached_reference",
        "image_file": "CM_7.webp"
      },
      "geometry": {
        "type": "Point",
        "coordinates": [
          99.00519754005909,
          18.758520533493964
        ]
      }
    },
    {
      "type": "Feature",
      "properties": {
        "image_id": "CM_7",
        "instance_id": "CM_7_B038",
        "source_csv_line": 328,
        "sam_confidence_score": 0.89453125,
        "flood_affected": 1,
        "dino_water_contact_fraction": 0.3105069501226492,
        "nearest_reference_control_m": 2.27381358253512,
        "within_800m_of_reference_group": 1,
        "position_status": "approximate_within_800m",
        "georeferencing_method": "homography_all_references",
        "result_source": "current_attached_reference",
        "image_file": "CM_7.webp"
      },
      "geometry": {
        "type": "Point",
        "coordinates": [
          99.00420308138631,
          18.757718464890047
        ]
      }
    },
    {
      "type": "Feature",
      "properties": {
        "image_id": "CM_7",
        "instance_id": "CM_7_B039",
        "source_csv_line": 329,
        "sam_confidence_score": 0.7578125,
        "flood_affected": 1,
        "dino_water_contact_fraction": 0.2010452961672474,
        "nearest_reference_control_m": 81.9219973053658,
        "within_800m_of_reference_group": 1,
        "position_status": "approximate_within_800m",
        "georeferencing_method": "homography_all_references",
        "result_source": "current_attached_reference",
        "image_file": "CM_7.webp"
      },
      "geometry": {
        "type": "Point",
        "coordinates": [
          99.00489646941499,
          18.75814952939529
        ]
      }
    },
    {
      "type": "Feature",
      "properties": {
        "image_id": "CM_7",
        "instance_id": "CM_7_B040",
        "source_csv_line": 330,
        "sam_confidence_score": 0.62890625,
        "flood_affected": 1,
        "dino_water_contact_fraction": 0.4142350695391328,
        "nearest_reference_control_m": 62.01387498072332,
        "within_800m_of_reference_group": 1,
        "position_status": "approximate_within_800m",
        "georeferencing_method": "homography_all_references",
        "result_source": "current_attached_reference",
        "image_file": "CM_7.webp"
      },
      "geometry": {
        "type": "Point",
        "coordinates": [
          99.00471999068905,
          18.757950093599842
        ]
      }
    },
    {
      "type": "Feature",
      "properties": {
        "image_id": "CM_7",
        "instance_id": "CM_7_B041",
        "source_csv_line": 331,
        "sam_confidence_score": 0.828125,
        "flood_affected": 1,
        "dino_water_contact_fraction": 0.3981179876945349,
        "nearest_reference_control_m": 25.730832245671987,
        "within_800m_of_reference_group": 1,
        "position_status": "approximate_within_800m",
        "georeferencing_method": "homography_all_references",
        "result_source": "current_attached_reference",
        "image_file": "CM_7.webp"
      },
      "geometry": {
        "type": "Point",
        "coordinates": [
          99.00408393278475,
          18.757492237552086
        ]
      }
    },
    {
      "type": "Feature",
      "properties": {
        "image_id": "CM_7",
        "instance_id": "CM_7_B042",
        "source_csv_line": 332,
        "sam_confidence_score": 0.546875,
        "flood_affected": 0,
        "dino_water_contact_fraction": 0.0169956140350877,
        "nearest_reference_control_m": 18.399348585047502,
        "within_800m_of_reference_group": 1,
        "position_status": "approximate_within_800m",
        "georeferencing_method": "homography_all_references",
        "result_source": "current_attached_reference",
        "image_file": "CM_7.webp"
      },
      "geometry": {
        "type": "Point",
        "coordinates": [
          99.00434481349232,
          18.757617344747484
        ]
      }
    },
    {
      "type": "Feature",
      "properties": {
        "image_id": "CM_7",
        "instance_id": "CM_7_B043",
        "source_csv_line": 333,
        "sam_confidence_score": 0.77734375,
        "flood_affected": 1,
        "dino_water_contact_fraction": 0.520371325425477,
        "nearest_reference_control_m": 6.771662452256741,
        "within_800m_of_reference_group": 1,
        "position_status": "approximate_within_800m",
        "georeferencing_method": "homography_all_references",
        "result_source": "current_attached_reference",
        "image_file": "CM_7.webp"
      },
      "geometry": {
        "type": "Point",
        "coordinates": [
          99.0032131303886,
          18.75685350771807
        ]
      }
    },
    {
      "type": "Feature",
      "properties": {
        "image_id": "CM_7",
        "instance_id": "CM_7_B044",
        "source_csv_line": 334,
        "sam_confidence_score": 0.6640625,
        "flood_affected": 0,
        "dino_water_contact_fraction": 0.0341880341880341,
        "nearest_reference_control_m": 87.8725149041476,
        "within_800m_of_reference_group": 1,
        "position_status": "approximate_within_800m",
        "georeferencing_method": "homography_all_references",
        "result_source": "current_attached_reference",
        "image_file": "CM_7.webp"
      },
      "geometry": {
        "type": "Point",
        "coordinates": [
          99.00527987196985,
          18.758152537542195
        ]
      }
    },
    {
      "type": "Feature",
      "properties": {
        "image_id": "CM_7",
        "instance_id": "CM_7_B045",
        "source_csv_line": 335,
        "sam_confidence_score": 0.6875,
        "flood_affected": 1,
        "dino_water_contact_fraction": 0.6573198565373329,
        "nearest_reference_control_m": 29.949284091730032,
        "within_800m_of_reference_group": 1,
        "position_status": "approximate_within_800m",
        "georeferencing_method": "homography_all_references",
        "result_source": "current_attached_reference",
        "image_file": "CM_7.webp"
      },
      "geometry": {
        "type": "Point",
        "coordinates": [
          99.00349513110372,
          18.756937534943557
        ]
      }
    },
    {
      "type": "Feature",
      "properties": {
        "image_id": "CM_7",
        "instance_id": "CM_7_B046",
        "source_csv_line": 336,
        "sam_confidence_score": 0.78125,
        "flood_affected": 1,
        "dino_water_contact_fraction": 0.4072342519685039,
        "nearest_reference_control_m": 40.85455218030508,
        "within_800m_of_reference_group": 1,
        "position_status": "approximate_within_800m",
        "georeferencing_method": "homography_all_references",
        "result_source": "current_attached_reference",
        "image_file": "CM_7.webp"
      },
      "geometry": {
        "type": "Point",
        "coordinates": [
          99.00457309599321,
          18.757625869355522
        ]
      }
    },
    {
      "type": "Feature",
      "properties": {
        "image_id": "CM_7",
        "instance_id": "CM_7_B047",
        "source_csv_line": 337,
        "sam_confidence_score": 0.82421875,
        "flood_affected": 1,
        "dino_water_contact_fraction": 0.3247323634367279,
        "nearest_reference_control_m": 86.11333409025261,
        "within_800m_of_reference_group": 1,
        "position_status": "approximate_within_800m",
        "georeferencing_method": "homography_all_references",
        "result_source": "current_attached_reference",
        "image_file": "CM_7.webp"
      },
      "geometry": {
        "type": "Point",
        "coordinates": [
          99.00498834656975,
          18.757879729245055
        ]
      }
    },
    {
      "type": "Feature",
      "properties": {
        "image_id": "CM_7",
        "instance_id": "CM_7_B048",
        "source_csv_line": 338,
        "sam_confidence_score": 0.671875,
        "flood_affected": 1,
        "dino_water_contact_fraction": 0.0866562009419152,
        "nearest_reference_control_m": 105.34224157347312,
        "within_800m_of_reference_group": 1,
        "position_status": "approximate_within_800m",
        "georeferencing_method": "homography_all_references",
        "result_source": "current_attached_reference",
        "image_file": "CM_7.webp"
      },
      "geometry": {
        "type": "Point",
        "coordinates": [
          99.00516248361389,
          18.75793296946003
        ]
      }
    },
    {
      "type": "Feature",
      "properties": {
        "image_id": "CM_7",
        "instance_id": "CM_7_B049",
        "source_csv_line": 339,
        "sam_confidence_score": 0.71484375,
        "flood_affected": 1,
        "dino_water_contact_fraction": 0.6843335931410756,
        "nearest_reference_control_m": 58.76763132907581,
        "within_800m_of_reference_group": 1,
        "position_status": "approximate_within_800m",
        "georeferencing_method": "homography_all_references",
        "result_source": "current_attached_reference",
        "image_file": "CM_7.webp"
      },
      "geometry": {
        "type": "Point",
        "coordinates": [
          99.00474826319314,
          18.757647916536545
        ]
      }
    },
    {
      "type": "Feature",
      "properties": {
        "image_id": "CM_7",
        "instance_id": "CM_7_B050",
        "source_csv_line": 340,
        "sam_confidence_score": 0.7265625,
        "flood_affected": 1,
        "dino_water_contact_fraction": 0.7255845942228336,
        "nearest_reference_control_m": 71.50315000530924,
        "within_800m_of_reference_group": 1,
        "position_status": "approximate_within_800m",
        "georeferencing_method": "homography_all_references",
        "result_source": "current_attached_reference",
        "image_file": "CM_7.webp"
      },
      "geometry": {
        "type": "Point",
        "coordinates": [
          99.00487169230004,
          18.75771105017317
        ]
      }
    },
    {
      "type": "Feature",
      "properties": {
        "image_id": "CM_7",
        "instance_id": "CM_7_B051",
        "source_csv_line": 341,
        "sam_confidence_score": 0.7890625,
        "flood_affected": 0,
        "dino_water_contact_fraction": 0.0,
        "nearest_reference_control_m": 39.157998963098045,
        "within_800m_of_reference_group": 1,
        "position_status": "approximate_within_800m",
        "georeferencing_method": "homography_all_references",
        "result_source": "current_attached_reference",
        "image_file": "CM_7.webp"
      },
      "geometry": {
        "type": "Point",
        "coordinates": [
          99.00340585462678,
          18.75661279335522
        ]
      }
    },
    {
      "type": "Feature",
      "properties": {
        "image_id": "CM_7",
        "instance_id": "CM_7_B052",
        "source_csv_line": 342,
        "sam_confidence_score": 0.80078125,
        "flood_affected": 1,
        "dino_water_contact_fraction": 0.0850307910942681,
        "nearest_reference_control_m": 53.81561955451819,
        "within_800m_of_reference_group": 1,
        "position_status": "approximate_within_800m",
        "georeferencing_method": "homography_all_references",
        "result_source": "current_attached_reference",
        "image_file": "CM_7.webp"
      },
      "geometry": {
        "type": "Point",
        "coordinates": [
          99.00390700339406,
          18.75691468790368
        ]
      }
    },
    {
      "type": "Feature",
      "properties": {
        "image_id": "CM_7",
        "instance_id": "CM_7_B053",
        "source_csv_line": 343,
        "sam_confidence_score": 0.7265625,
        "flood_affected": 1,
        "dino_water_contact_fraction": 0.3791780821917808,
        "nearest_reference_control_m": 5.0087751461865455,
        "within_800m_of_reference_group": 1,
        "position_status": "approximate_within_800m",
        "georeferencing_method": "homography_all_references",
        "result_source": "current_attached_reference",
        "image_file": "CM_7.webp"
      },
      "geometry": {
        "type": "Point",
        "coordinates": [
          99.00429646504853,
          18.757153477869334
        ]
      }
    },
    {
      "type": "Feature",
      "properties": {
        "image_id": "CM_11",
        "instance_id": "CM_11_B001",
        "source_csv_line": 445,
        "sam_confidence_score": 0.50390625,
        "flood_affected": 1,
        "dino_water_contact_fraction": 0.2249422632794457,
        "nearest_reference_control_m": 21.05539177841073,
        "within_800m_of_reference_group": 1,
        "position_status": "approximate_within_800m",
        "georeferencing_method": "similarity_exact_2_controls_limited",
        "result_source": "current_attached_reference",
        "image_file": "CM_11.jpg"
      },
      "geometry": {
        "type": "Point",
        "coordinates": [
          99.03403052961556,
          18.755171902850254
        ]
      }
    },
    {
      "type": "Feature",
      "properties": {
        "image_id": "CM_11",
        "instance_id": "CM_11_B002",
        "source_csv_line": 446,
        "sam_confidence_score": 0.53125,
        "flood_affected": 0,
        "dino_water_contact_fraction": 0.0709504685408299,
        "nearest_reference_control_m": 8.711283516223109,
        "within_800m_of_reference_group": 1,
        "position_status": "approximate_within_800m",
        "georeferencing_method": "similarity_exact_2_controls_limited",
        "result_source": "current_attached_reference",
        "image_file": "CM_11.jpg"
      },
      "geometry": {
        "type": "Point",
        "coordinates": [
          99.03393638397014,
          18.755300300541546
        ]
      }
    },
    {
      "type": "Feature",
      "properties": {
        "image_id": "CM_11",
        "instance_id": "CM_11_B003",
        "source_csv_line": 447,
        "sam_confidence_score": 0.57421875,
        "flood_affected": 1,
        "dino_water_contact_fraction": 0.1853899883585564,
        "nearest_reference_control_m": 2.172310142655082,
        "within_800m_of_reference_group": 1,
        "position_status": "approximate_within_800m",
        "georeferencing_method": "similarity_exact_2_controls_limited",
        "result_source": "current_attached_reference",
        "image_file": "CM_11.jpg"
      },
      "geometry": {
        "type": "Point",
        "coordinates": [
          99.03375134740388,
          18.75555008903538
        ]
      }
    },
    {
      "type": "Feature",
      "properties": {
        "image_id": "CM_11",
        "instance_id": "CM_11_B004",
        "source_csv_line": 448,
        "sam_confidence_score": 0.515625,
        "flood_affected": 1,
        "dino_water_contact_fraction": 0.2529719448407037,
        "nearest_reference_control_m": 18.998685732883757,
        "within_800m_of_reference_group": 1,
        "position_status": "approximate_within_800m",
        "georeferencing_method": "similarity_exact_2_controls_limited",
        "result_source": "current_attached_reference",
        "image_file": "CM_11.jpg"
      },
      "geometry": {
        "type": "Point",
        "coordinates": [
          99.03395195900612,
          18.75512313209933
        ]
      }
    },
    {
      "type": "Feature",
      "properties": {
        "image_id": "CM_11",
        "instance_id": "CM_11_B005",
        "source_csv_line": 449,
        "sam_confidence_score": 0.53125,
        "flood_affected": 1,
        "dino_water_contact_fraction": 0.216325036603221,
        "nearest_reference_control_m": 2.6686833231662908,
        "within_800m_of_reference_group": 1,
        "position_status": "approximate_within_800m",
        "georeferencing_method": "similarity_exact_2_controls_limited",
        "result_source": "current_attached_reference",
        "image_file": "CM_11.jpg"
      },
      "geometry": {
        "type": "Point",
        "coordinates": [
          99.03383626952267,
          18.755261795999257
        ]
      }
    },
    {
      "type": "Feature",
      "properties": {
        "image_id": "CM_11",
        "instance_id": "CM_11_B006",
        "source_csv_line": 450,
        "sam_confidence_score": 0.5390625,
        "flood_affected": 1,
        "dino_water_contact_fraction": 0.5738669805768098,
        "nearest_reference_control_m": 158.49786128673912,
        "within_800m_of_reference_group": 1,
        "position_status": "approximate_within_800m",
        "georeferencing_method": "similarity_exact_2_controls_limited",
        "result_source": "current_attached_reference",
        "image_file": "CM_11.jpg"
      },
      "geometry": {
        "type": "Point",
        "coordinates": [
          99.03357927134454,
          18.75386335677729
        ]
      }
    },
    {
      "type": "Feature",
      "properties": {
        "image_id": "CM_12",
        "instance_id": "CM_12_B001",
        "source_csv_line": 451,
        "sam_confidence_score": 0.515625,
        "flood_affected": 1,
        "dino_water_contact_fraction": 0.181960049937578,
        "nearest_reference_control_m": 1.483917858811321,
        "within_800m_of_reference_group": 1,
        "position_status": "approximate_within_800m",
        "georeferencing_method": "homography_all_references",
        "result_source": "current_attached_reference",
        "image_file": "CM_12.jpg"
      },
      "geometry": {
        "type": "Point",
        "coordinates": [
          99.02705568795108,
          18.75156100544502
        ]
      }
    },
    {
      "type": "Feature",
      "properties": {
        "image_id": "CM_12",
        "instance_id": "CM_12_B002",
        "source_csv_line": 452,
        "sam_confidence_score": 0.703125,
        "flood_affected": 1,
        "dino_water_contact_fraction": 0.3565613026819923,
        "nearest_reference_control_m": 6.9390301047908824,
        "within_800m_of_reference_group": 1,
        "position_status": "approximate_within_800m",
        "georeferencing_method": "homography_all_references",
        "result_source": "current_attached_reference",
        "image_file": "CM_12.jpg"
      },
      "geometry": {
        "type": "Point",
        "coordinates": [
          99.02773111983072,
          18.751521105218742
        ]
      }
    },
    {
      "type": "Feature",
      "properties": {
        "image_id": "CM_12",
        "instance_id": "CM_12_B003",
        "source_csv_line": 453,
        "sam_confidence_score": 0.59375,
        "flood_affected": 1,
        "dino_water_contact_fraction": 0.507845503922752,
        "nearest_reference_control_m": 2.170910461544963,
        "within_800m_of_reference_group": 1,
        "position_status": "approximate_within_800m",
        "georeferencing_method": "homography_all_references",
        "result_source": "current_attached_reference",
        "image_file": "CM_12.jpg"
      },
      "geometry": {
        "type": "Point",
        "coordinates": [
          99.02845103073453,
          18.752738175079298
        ]
      }
    },
    {
      "type": "Feature",
      "properties": {
        "image_id": "CM_12",
        "instance_id": "CM_12_B004",
        "source_csv_line": 454,
        "sam_confidence_score": 0.69140625,
        "flood_affected": 1,
        "dino_water_contact_fraction": 0.7178108193609617,
        "nearest_reference_control_m": 12.99259094094385,
        "within_800m_of_reference_group": 1,
        "position_status": "approximate_within_800m",
        "georeferencing_method": "homography_all_references",
        "result_source": "current_attached_reference",
        "image_file": "CM_12.jpg"
      },
      "geometry": {
        "type": "Point",
        "coordinates": [
          99.02832261931316,
          18.752329601270503
        ]
      }
    },
    {
      "type": "Feature",
      "properties": {
        "image_id": "CM_12",
        "instance_id": "CM_12_B005",
        "source_csv_line": 455,
        "sam_confidence_score": 0.50390625,
        "flood_affected": 1,
        "dino_water_contact_fraction": 0.3055257921322517,
        "nearest_reference_control_m": 59.818953258799844,
        "within_800m_of_reference_group": 1,
        "position_status": "approximate_within_800m",
        "georeferencing_method": "homography_all_references",
        "result_source": "current_attached_reference",
        "image_file": "CM_12.jpg"
      },
      "geometry": {
        "type": "Point",
        "coordinates": [
          99.02820535069826,
          18.751686049128946
        ]
      }
    },
    {
      "type": "Feature",
      "properties": {
        "image_id": "CM_12",
        "instance_id": "CM_12_B006",
        "source_csv_line": 456,
        "sam_confidence_score": 0.65234375,
        "flood_affected": 1,
        "dino_water_contact_fraction": 0.3240971357409714,
        "nearest_reference_control_m": 5.830304427368588,
        "within_800m_of_reference_group": 1,
        "position_status": "approximate_within_800m",
        "georeferencing_method": "homography_all_references",
        "result_source": "current_attached_reference",
        "image_file": "CM_12.jpg"
      },
      "geometry": {
        "type": "Point",
        "coordinates": [
          99.02839275219893,
          18.752185500008316
        ]
      }
    },
    {
      "type": "Feature",
      "properties": {
        "image_id": "CM_12",
        "instance_id": "CM_12_B007",
        "source_csv_line": 457,
        "sam_confidence_score": 0.5390625,
        "flood_affected": 1,
        "dino_water_contact_fraction": 0.2928319623971798,
        "nearest_reference_control_m": 16.89043047767411,
        "within_800m_of_reference_group": 1,
        "position_status": "approximate_within_800m",
        "georeferencing_method": "homography_all_references",
        "result_source": "current_attached_reference",
        "image_file": "CM_12.jpg"
      },
      "geometry": {
        "type": "Point",
        "coordinates": [
          99.02860218589431,
          18.752712893135286
        ]
      }
    },
    {
      "type": "Feature",
      "properties": {
        "image_id": "CM_12",
        "instance_id": "CM_12_B008",
        "source_csv_line": 458,
        "sam_confidence_score": 0.6484375,
        "flood_affected": 1,
        "dino_water_contact_fraction": 0.6006568144499179,
        "nearest_reference_control_m": 19.22504247122092,
        "within_800m_of_reference_group": 1,
        "position_status": "approximate_within_800m",
        "georeferencing_method": "homography_all_references",
        "result_source": "current_attached_reference",
        "image_file": "CM_12.jpg"
      },
      "geometry": {
        "type": "Point",
        "coordinates": [
          99.02852736191012,
          18.75223686381545
        ]
      }
    },
    {
      "type": "Feature",
      "properties": {
        "image_id": "CM_12",
        "instance_id": "CM_12_B009",
        "source_csv_line": 459,
        "sam_confidence_score": 0.65234375,
        "flood_affected": 1,
        "dino_water_contact_fraction": 0.4782059380922299,
        "nearest_reference_control_m": 32.44378517679681,
        "within_800m_of_reference_group": 1,
        "position_status": "approximate_within_800m",
        "georeferencing_method": "homography_all_references",
        "result_source": "current_attached_reference",
        "image_file": "CM_12.jpg"
      },
      "geometry": {
        "type": "Point",
        "coordinates": [
          99.02848997955348,
          18.751954981469925
        ]
      }
    },
    {
      "type": "Feature",
      "properties": {
        "image_id": "CM_12",
        "instance_id": "CM_12_B010",
        "source_csv_line": 460,
        "sam_confidence_score": 0.63671875,
        "flood_affected": 0,
        "dino_water_contact_fraction": 0.0,
        "nearest_reference_control_m": 32.06182538302494,
        "within_800m_of_reference_group": 1,
        "position_status": "approximate_within_800m",
        "georeferencing_method": "homography_all_references",
        "result_source": "current_attached_reference",
        "image_file": "CM_12.jpg"
      },
      "geometry": {
        "type": "Point",
        "coordinates": [
          99.02880197892432,
          18.7528230622458
        ]
      }
    },
    {
      "type": "Feature",
      "properties": {
        "image_id": "CM_12",
        "instance_id": "CM_12_B011",
        "source_csv_line": 461,
        "sam_confidence_score": 0.73046875,
        "flood_affected": 1,
        "dino_water_contact_fraction": 0.7663876164902859,
        "nearest_reference_control_m": 34.03447155915532,
        "within_800m_of_reference_group": 1,
        "position_status": "approximate_within_800m",
        "georeferencing_method": "homography_all_references",
        "result_source": "current_attached_reference",
        "image_file": "CM_12.jpg"
      },
      "geometry": {
        "type": "Point",
        "coordinates": [
          99.02866496582517,
          18.752327669121
        ]
      }
    },
    {
      "type": "Feature",
      "properties": {
        "image_id": "CM_12",
        "instance_id": "CM_12_B012",
        "source_csv_line": 462,
        "sam_confidence_score": 0.6875,
        "flood_affected": 1,
        "dino_water_contact_fraction": 0.0912060301507537,
        "nearest_reference_control_m": 48.35444464695882,
        "within_800m_of_reference_group": 1,
        "position_status": "approximate_within_800m",
        "georeferencing_method": "homography_all_references",
        "result_source": "current_attached_reference",
        "image_file": "CM_12.jpg"
      },
      "geometry": {
        "type": "Point",
        "coordinates": [
          99.02856587082509,
          18.7518305816395
        ]
      }
    },
    {
      "type": "Feature",
      "properties": {
        "image_id": "CM_12",
        "instance_id": "CM_12_B013",
        "source_csv_line": 463,
        "sam_confidence_score": 0.66796875,
        "flood_affected": 1,
        "dino_water_contact_fraction": 0.431913407821229,
        "nearest_reference_control_m": 38.19735042930916,
        "within_800m_of_reference_group": 1,
        "position_status": "approximate_within_800m",
        "georeferencing_method": "homography_all_references",
        "result_source": "current_attached_reference",
        "image_file": "CM_12.jpg"
      },
      "geometry": {
        "type": "Point",
        "coordinates": [
          99.02864030837007,
          18.752012311768354
        ]
      }
    },
    {
      "type": "Feature",
      "properties": {
        "image_id": "CM_12",
        "instance_id": "CM_12_B014",
        "source_csv_line": 464,
        "sam_confidence_score": 0.5859375,
        "flood_affected": 1,
        "dino_water_contact_fraction": 0.9464065201284269,
        "nearest_reference_control_m": 66.43094085577883,
        "within_800m_of_reference_group": 1,
        "position_status": "approximate_within_800m",
        "georeferencing_method": "homography_all_references",
        "result_source": "current_attached_reference",
        "image_file": "CM_12.jpg"
      },
      "geometry": {
        "type": "Point",
        "coordinates": [
          99.02852634904103,
          18.75163896703378
        ]
      }
    },
    {
      "type": "Feature",
      "properties": {
        "image_id": "CM_12",
        "instance_id": "CM_12_B015",
        "source_csv_line": 465,
        "sam_confidence_score": 0.6640625,
        "flood_affected": 1,
        "dino_water_contact_fraction": 0.3490620769677045,
        "nearest_reference_control_m": 1.9009954807754623,
        "within_800m_of_reference_group": 1,
        "position_status": "approximate_within_800m",
        "georeferencing_method": "homography_all_references",
        "result_source": "current_attached_reference",
        "image_file": "CM_12.jpg"
      },
      "geometry": {
        "type": "Point",
        "coordinates": [
          99.02890920655064,
          18.752540857796088
        ]
      }
    },
    {
      "type": "Feature",
      "properties": {
        "image_id": "CM_12",
        "instance_id": "CM_12_B016",
        "source_csv_line": 466,
        "sam_confidence_score": 0.60546875,
        "flood_affected": 1,
        "dino_water_contact_fraction": 0.3525688756515264,
        "nearest_reference_control_m": 54.846075639753586,
        "within_800m_of_reference_group": 1,
        "position_status": "approximate_within_800m",
        "georeferencing_method": "homography_all_references",
        "result_source": "current_attached_reference",
        "image_file": "CM_12.jpg"
      },
      "geometry": {
        "type": "Point",
        "coordinates": [
          99.02872272613794,
          18.75187197235113
        ]
      }
    },
    {
      "type": "Feature",
      "properties": {
        "image_id": "CM_12",
        "instance_id": "CM_12_B017",
        "source_csv_line": 467,
        "sam_confidence_score": 0.70703125,
        "flood_affected": 1,
        "dino_water_contact_fraction": 0.4754653130287648,
        "nearest_reference_control_m": 49.50068839311023,
        "within_800m_of_reference_group": 1,
        "position_status": "approximate_within_800m",
        "georeferencing_method": "homography_all_references",
        "result_source": "current_attached_reference",
        "image_file": "CM_12.jpg"
      },
      "geometry": {
        "type": "Point",
        "coordinates": [
          99.02878938204925,
          18.752065583855806
        ]
      }
    },
    {
      "type": "Feature",
      "properties": {
        "image_id": "CM_12",
        "instance_id": "CM_12_B018",
        "source_csv_line": 468,
        "sam_confidence_score": 0.64453125,
        "flood_affected": 0,
        "dino_water_contact_fraction": 0.0698979591836734,
        "nearest_reference_control_m": 15.189869558519083,
        "within_800m_of_reference_group": 1,
        "position_status": "approximate_within_800m",
        "georeferencing_method": "homography_all_references",
        "result_source": "current_attached_reference",
        "image_file": "CM_12.jpg"
      },
      "geometry": {
        "type": "Point",
        "coordinates": [
          99.02890378795354,
          18.75240946736594
        ]
      }
    },
    {
      "type": "Feature",
      "properties": {
        "image_id": "CM_12",
        "instance_id": "CM_12_B019",
        "source_csv_line": 469,
        "sam_confidence_score": 0.6328125,
        "flood_affected": 0,
        "dino_water_contact_fraction": 0.0,
        "nearest_reference_control_m": 56.746244979071,
        "within_800m_of_reference_group": 1,
        "position_status": "approximate_within_800m",
        "georeferencing_method": "homography_all_references",
        "result_source": "current_attached_reference",
        "image_file": "CM_12.jpg"
      },
      "geometry": {
        "type": "Point",
        "coordinates": [
          99.02880736748158,
          18.751949302226766
        ]
      }
    },
    {
      "type": "Feature",
      "properties": {
        "image_id": "CM_12",
        "instance_id": "CM_12_B020",
        "source_csv_line": 470,
        "sam_confidence_score": 0.62890625,
        "flood_affected": 1,
        "dino_water_contact_fraction": 0.9067760034527406,
        "nearest_reference_control_m": 44.928046288769,
        "within_800m_of_reference_group": 1,
        "position_status": "approximate_within_800m",
        "georeferencing_method": "homography_all_references",
        "result_source": "current_attached_reference",
        "image_file": "CM_12.jpg"
      },
      "geometry": {
        "type": "Point",
        "coordinates": [
          99.02887516520727,
          18.752140564285465
        ]
      }
    },
    {
      "type": "Feature",
      "properties": {
        "image_id": "CM_15",
        "instance_id": "CM_15_B001",
        "source_csv_line": 556,
        "sam_confidence_score": 0.65625,
        "flood_affected": 0,
        "dino_water_contact_fraction": 0.0724959612277867,
        "nearest_reference_control_m": 32.927638695282695,
        "within_800m_of_reference_group": 1,
        "position_status": "approximate_within_800m",
        "georeferencing_method": "homography_all_references",
        "result_source": "current_attached_reference",
        "image_file": "CM_15.jpg"
      },
      "geometry": {
        "type": "Point",
        "coordinates": [
          99.02516060361006,
          18.774833218716182
        ]
      }
    },
    {
      "type": "Feature",
      "properties": {
        "image_id": "CM_15",
        "instance_id": "CM_15_B002",
        "source_csv_line": 557,
        "sam_confidence_score": 0.81640625,
        "flood_affected": 0,
        "dino_water_contact_fraction": 0.0,
        "nearest_reference_control_m": 42.93238417883599,
        "within_800m_of_reference_group": 1,
        "position_status": "approximate_within_800m",
        "georeferencing_method": "homography_all_references",
        "result_source": "current_attached_reference",
        "image_file": "CM_15.jpg"
      },
      "geometry": {
        "type": "Point",
        "coordinates": [
          99.0246773891886,
          18.774790316529682
        ]
      }
    },
    {
      "type": "Feature",
      "properties": {
        "image_id": "CM_15",
        "instance_id": "CM_15_B003",
        "source_csv_line": 558,
        "sam_confidence_score": 0.63671875,
        "flood_affected": 0,
        "dino_water_contact_fraction": 0.0593273712054414,
        "nearest_reference_control_m": 38.65161012836406,
        "within_800m_of_reference_group": 1,
        "position_status": "approximate_within_800m",
        "georeferencing_method": "homography_all_references",
        "result_source": "current_attached_reference",
        "image_file": "CM_15.jpg"
      },
      "geometry": {
        "type": "Point",
        "coordinates": [
          99.02507207201161,
          18.77473111873029
        ]
      }
    },
    {
      "type": "Feature",
      "properties": {
        "image_id": "CM_15",
        "instance_id": "CM_15_B004",
        "source_csv_line": 559,
        "sam_confidence_score": 0.76953125,
        "flood_affected": 0,
        "dino_water_contact_fraction": 0.0,
        "nearest_reference_control_m": 52.83352879057425,
        "within_800m_of_reference_group": 1,
        "position_status": "approximate_within_800m",
        "georeferencing_method": "homography_all_references",
        "result_source": "current_attached_reference",
        "image_file": "CM_15.jpg"
      },
      "geometry": {
        "type": "Point",
        "coordinates": [
          99.02462889989553,
          18.7747108237681
        ]
      }
    },
    {
      "type": "Feature",
      "properties": {
        "image_id": "CM_15",
        "instance_id": "CM_15_B005",
        "source_csv_line": 560,
        "sam_confidence_score": 0.5625,
        "flood_affected": 0,
        "dino_water_contact_fraction": 0.0,
        "nearest_reference_control_m": 22.417100610846642,
        "within_800m_of_reference_group": 1,
        "position_status": "approximate_within_800m",
        "georeferencing_method": "homography_all_references",
        "result_source": "current_attached_reference",
        "image_file": "CM_15.jpg"
      },
      "geometry": {
        "type": "Point",
        "coordinates": [
          99.02605946470584,
          18.774751992768554
        ]
      }
    },
    {
      "type": "Feature",
      "properties": {
        "image_id": "CM_15",
        "instance_id": "CM_15_B006",
        "source_csv_line": 561,
        "sam_confidence_score": 0.63671875,
        "flood_affected": 0,
        "dino_water_contact_fraction": 0.0,
        "nearest_reference_control_m": 31.81777010004835,
        "within_800m_of_reference_group": 1,
        "position_status": "approximate_within_800m",
        "georeferencing_method": "homography_all_references",
        "result_source": "current_attached_reference",
        "image_file": "CM_15.jpg"
      },
      "geometry": {
        "type": "Point",
        "coordinates": [
          99.02380403900911,
          18.774650465700805
        ]
      }
    },
    {
      "type": "Feature",
      "properties": {
        "image_id": "CM_15",
        "instance_id": "CM_15_B007",
        "source_csv_line": 562,
        "sam_confidence_score": 0.79296875,
        "flood_affected": 0,
        "dino_water_contact_fraction": 0.0,
        "nearest_reference_control_m": 56.183844935473914,
        "within_800m_of_reference_group": 1,
        "position_status": "approximate_within_800m",
        "georeferencing_method": "homography_all_references",
        "result_source": "current_attached_reference",
        "image_file": "CM_15.jpg"
      },
      "geometry": {
        "type": "Point",
        "coordinates": [
          99.0252960456441,
          18.77466726131801
        ]
      }
    },
    {
      "type": "Feature",
      "properties": {
        "image_id": "CM_15",
        "instance_id": "CM_15_B008",
        "source_csv_line": 563,
        "sam_confidence_score": 0.5859375,
        "flood_affected": 0,
        "dino_water_contact_fraction": 0.0,
        "nearest_reference_control_m": 28.208931709793763,
        "within_800m_of_reference_group": 1,
        "position_status": "approximate_within_800m",
        "georeferencing_method": "homography_all_references",
        "result_source": "current_attached_reference",
        "image_file": "CM_15.jpg"
      },
      "geometry": {
        "type": "Point",
        "coordinates": [
          99.02403945815023,
          18.77460112767824
        ]
      }
    },
    {
      "type": "Feature",
      "properties": {
        "image_id": "CM_15",
        "instance_id": "CM_15_B009",
        "source_csv_line": 564,
        "sam_confidence_score": 0.875,
        "flood_affected": 0,
        "dino_water_contact_fraction": 0.0,
        "nearest_reference_control_m": 53.565591532926454,
        "within_800m_of_reference_group": 1,
        "position_status": "approximate_within_800m",
        "georeferencing_method": "homography_all_references",
        "result_source": "current_attached_reference",
        "image_file": "CM_15.jpg"
      },
      "geometry": {
        "type": "Point",
        "coordinates": [
          99.02481764057781,
          18.774601844611862
        ]
      }
    },
    {
      "type": "Feature",
      "properties": {
        "image_id": "CM_15",
        "instance_id": "CM_15_B010",
        "source_csv_line": 565,
        "sam_confidence_score": 0.8515625,
        "flood_affected": 1,
        "dino_water_contact_fraction": 0.1456900847035376,
        "nearest_reference_control_m": 39.61751404888853,
        "within_800m_of_reference_group": 1,
        "position_status": "approximate_within_800m",
        "georeferencing_method": "homography_all_references",
        "result_source": "current_attached_reference",
        "image_file": "CM_15.jpg"
      },
      "geometry": {
        "type": "Point",
        "coordinates": [
          99.02431738191453,
          18.77456690718166
        ]
      }
    },
    {
      "type": "Feature",
      "properties": {
        "image_id": "CM_15",
        "instance_id": "CM_15_B011",
        "source_csv_line": 566,
        "sam_confidence_score": 0.6640625,
        "flood_affected": 0,
        "dino_water_contact_fraction": 0.0,
        "nearest_reference_control_m": 55.86744070181633,
        "within_800m_of_reference_group": 1,
        "position_status": "approximate_within_800m",
        "georeferencing_method": "homography_all_references",
        "result_source": "current_attached_reference",
        "image_file": "CM_15.jpg"
      },
      "geometry": {
        "type": "Point",
        "coordinates": [
          99.02450995453206,
          18.774544220626144
        ]
      }
    },
    {
      "type": "Feature",
      "properties": {
        "image_id": "CM_15",
        "instance_id": "CM_15_B012",
        "source_csv_line": 567,
        "sam_confidence_score": 0.60546875,
        "flood_affected": 0,
        "dino_water_contact_fraction": 0.0,
        "nearest_reference_control_m": 41.09334344671593,
        "within_800m_of_reference_group": 1,
        "position_status": "approximate_within_800m",
        "georeferencing_method": "homography_all_references",
        "result_source": "current_attached_reference",
        "image_file": "CM_15.jpg"
      },
      "geometry": {
        "type": "Point",
        "coordinates": [
          99.02616333534816,
          18.774583432168125
        ]
      }
    },
    {
      "type": "Feature",
      "properties": {
        "image_id": "CM_15",
        "instance_id": "CM_15_B013",
        "source_csv_line": 568,
        "sam_confidence_score": 0.734375,
        "flood_affected": 0,
        "dino_water_contact_fraction": 0.0111904761904761,
        "nearest_reference_control_m": 32.56076931568459,
        "within_800m_of_reference_group": 1,
        "position_status": "approximate_within_800m",
        "georeferencing_method": "homography_all_references",
        "result_source": "current_attached_reference",
        "image_file": "CM_15.jpg"
      },
      "geometry": {
        "type": "Point",
        "coordinates": [
          99.0235620367074,
          18.774470532624957
        ]
      }
    },
    {
      "type": "Feature",
      "properties": {
        "image_id": "CM_15",
        "instance_id": "CM_15_B014",
        "source_csv_line": 569,
        "sam_confidence_score": 0.80859375,
        "flood_affected": 0,
        "dino_water_contact_fraction": 0.004017072558373,
        "nearest_reference_control_m": 62.707135736166606,
        "within_800m_of_reference_group": 1,
        "position_status": "approximate_within_800m",
        "georeferencing_method": "homography_all_references",
        "result_source": "current_attached_reference",
        "image_file": "CM_15.jpg"
      },
      "geometry": {
        "type": "Point",
        "coordinates": [
          99.02495216490703,
          18.774498588772502
        ]
      }
    },
    {
      "type": "Feature",
      "properties": {
        "image_id": "CM_15",
        "instance_id": "CM_15_B015",
        "source_csv_line": 570,
        "sam_confidence_score": 0.72265625,
        "flood_affected": 0,
        "dino_water_contact_fraction": 0.0,
        "nearest_reference_control_m": 40.933448902315824,
        "within_800m_of_reference_group": 1,
        "position_status": "approximate_within_800m",
        "georeferencing_method": "homography_all_references",
        "result_source": "current_attached_reference",
        "image_file": "CM_15.jpg"
      },
      "geometry": {
        "type": "Point",
        "coordinates": [
          99.02346787344767,
          18.774427135264684
        ]
      }
    },
    {
      "type": "Feature",
      "properties": {
        "image_id": "CM_15",
        "instance_id": "CM_15_B016",
        "source_csv_line": 571,
        "sam_confidence_score": 0.84765625,
        "flood_affected": 0,
        "dino_water_contact_fraction": 0.0394359991187486,
        "nearest_reference_control_m": 70.94091705212034,
        "within_800m_of_reference_group": 1,
        "position_status": "approximate_within_800m",
        "georeferencing_method": "homography_all_references",
        "result_source": "current_attached_reference",
        "image_file": "CM_15.jpg"
      },
      "geometry": {
        "type": "Point",
        "coordinates": [
          99.02460289966571,
          18.774437052530097
        ]
      }
    },
    {
      "type": "Feature",
      "properties": {
        "image_id": "CM_15",
        "instance_id": "CM_15_B017",
        "source_csv_line": 572,
        "sam_confidence_score": 0.72265625,
        "flood_affected": 0,
        "dino_water_contact_fraction": 0.0,
        "nearest_reference_control_m": 18.686497375938817,
        "within_800m_of_reference_group": 1,
        "position_status": "approximate_within_800m",
        "georeferencing_method": "homography_all_references",
        "result_source": "current_attached_reference",
        "image_file": "CM_15.jpg"
      },
      "geometry": {
        "type": "Point",
        "coordinates": [
          99.02367712545946,
          18.774399467925782
        ]
      }
    },
    {
      "type": "Feature",
      "properties": {
        "image_id": "CM_15",
        "instance_id": "CM_15_B018",
        "source_csv_line": 573,
        "sam_confidence_score": 0.640625,
        "flood_affected": 0,
        "dino_water_contact_fraction": 0.0295843520782396,
        "nearest_reference_control_m": 47.65843316341964,
        "within_800m_of_reference_group": 1,
        "position_status": "approximate_within_800m",
        "georeferencing_method": "homography_all_references",
        "result_source": "current_attached_reference",
        "image_file": "CM_15.jpg"
      },
      "geometry": {
        "type": "Point",
        "coordinates": [
          99.02608618978952,
          18.774441568089685
        ]
      }
    },
    {
      "type": "Feature",
      "properties": {
        "image_id": "CM_15",
        "instance_id": "CM_15_B019",
        "source_csv_line": 574,
        "sam_confidence_score": 0.61328125,
        "flood_affected": 0,
        "dino_water_contact_fraction": 0.0,
        "nearest_reference_control_m": 74.30254235911613,
        "within_800m_of_reference_group": 1,
        "position_status": "approximate_within_800m",
        "georeferencing_method": "homography_all_references",
        "result_source": "current_attached_reference",
        "image_file": "CM_15.jpg"
      },
      "geometry": {
        "type": "Point",
        "coordinates": [
          99.02475740830454,
          18.774400395739942
        ]
      }
    },
    {
      "type": "Feature",
      "properties": {
        "image_id": "CM_15",
        "instance_id": "CM_15_B020",
        "source_csv_line": 575,
        "sam_confidence_score": 0.79296875,
        "flood_affected": 0,
        "dino_water_contact_fraction": 0.0,
        "nearest_reference_control_m": 64.13746315147628,
        "within_800m_of_reference_group": 1,
        "position_status": "approximate_within_800m",
        "georeferencing_method": "homography_all_references",
        "result_source": "current_attached_reference",
        "image_file": "CM_15.jpg"
      },
      "geometry": {
        "type": "Point",
        "coordinates": [
          99.02489851185415,
          18.77436990868055
        ]
      }
    },
    {
      "type": "Feature",
      "properties": {
        "image_id": "CM_15",
        "instance_id": "CM_15_B021",
        "source_csv_line": 576,
        "sam_confidence_score": 0.65234375,
        "flood_affected": 0,
        "dino_water_contact_fraction": 0.0,
        "nearest_reference_control_m": 7.585495507098582,
        "within_800m_of_reference_group": 1,
        "position_status": "approximate_within_800m",
        "georeferencing_method": "homography_all_references",
        "result_source": "current_attached_reference",
        "image_file": "CM_15.jpg"
      },
      "geometry": {
        "type": "Point",
        "coordinates": [
          99.02378626514225,
          18.77433643329811
        ]
      }
    },
    {
      "type": "Feature",
      "properties": {
        "image_id": "CM_15",
        "instance_id": "CM_15_B022",
        "source_csv_line": 577,
        "sam_confidence_score": 0.51953125,
        "flood_affected": 0,
        "dino_water_contact_fraction": 0.0172605790645879,
        "nearest_reference_control_m": 64.43720282308601,
        "within_800m_of_reference_group": 1,
        "position_status": "approximate_within_800m",
        "georeferencing_method": "homography_all_references",
        "result_source": "current_attached_reference",
        "image_file": "CM_15.jpg"
      },
      "geometry": {
        "type": "Point",
        "coordinates": [
          99.02476270343115,
          18.774311142052813
        ]
      }
    },
    {
      "type": "Feature",
      "properties": {
        "image_id": "CM_15",
        "instance_id": "CM_15_B023",
        "source_csv_line": 578,
        "sam_confidence_score": 0.765625,
        "flood_affected": 1,
        "dino_water_contact_fraction": 0.1653217011995638,
        "nearest_reference_control_m": 25.620627055066294,
        "within_800m_of_reference_group": 1,
        "position_status": "approximate_within_800m",
        "georeferencing_method": "homography_all_references",
        "result_source": "current_attached_reference",
        "image_file": "CM_15.jpg"
      },
      "geometry": {
        "type": "Point",
        "coordinates": [
          99.0236220420746,
          18.774288571691756
        ]
      }
    },
    {
      "type": "Feature",
      "properties": {
        "image_id": "CM_15",
        "instance_id": "CM_15_B024",
        "source_csv_line": 579,
        "sam_confidence_score": 0.7734375,
        "flood_affected": 0,
        "dino_water_contact_fraction": 0.0,
        "nearest_reference_control_m": 59.20196066457927,
        "within_800m_of_reference_group": 1,
        "position_status": "approximate_within_800m",
        "georeferencing_method": "homography_all_references",
        "result_source": "current_attached_reference",
        "image_file": "CM_15.jpg"
      },
      "geometry": {
        "type": "Point",
        "coordinates": [
          99.02591458565068,
          18.774280406574352
        ]
      }
    },
    {
      "type": "Feature",
      "properties": {
        "image_id": "CM_15",
        "instance_id": "CM_15_B025",
        "source_csv_line": 580,
        "sam_confidence_score": 0.7109375,
        "flood_affected": 0,
        "dino_water_contact_fraction": 0.0228894905242431,
        "nearest_reference_control_m": 18.469642418728764,
        "within_800m_of_reference_group": 1,
        "position_status": "approximate_within_800m",
        "georeferencing_method": "homography_all_references",
        "result_source": "current_attached_reference",
        "image_file": "CM_15.jpg"
      },
      "geometry": {
        "type": "Point",
        "coordinates": [
          99.02376675368423,
          18.774220026529083
        ]
      }
    },
    {
      "type": "Feature",
      "properties": {
        "image_id": "CM_15",
        "instance_id": "CM_15_B026",
        "source_csv_line": 581,
        "sam_confidence_score": 0.5078125,
        "flood_affected": 1,
        "dino_water_contact_fraction": 0.535202682109113,
        "nearest_reference_control_m": 31.802985300331805,
        "within_800m_of_reference_group": 1,
        "position_status": "approximate_within_800m",
        "georeferencing_method": "homography_all_references",
        "result_source": "current_attached_reference",
        "image_file": "CM_15.jpg"
      },
      "geometry": {
        "type": "Point",
        "coordinates": [
          99.02366886466054,
          18.77413722801169
        ]
      }
    },
    {
      "type": "Feature",
      "properties": {
        "image_id": "CM_15",
        "instance_id": "CM_15_B027",
        "source_csv_line": 582,
        "sam_confidence_score": 0.8515625,
        "flood_affected": 1,
        "dino_water_contact_fraction": 0.2747719734660033,
        "nearest_reference_control_m": 47.72358214465648,
        "within_800m_of_reference_group": 1,
        "position_status": "approximate_within_800m",
        "georeferencing_method": "homography_all_references",
        "result_source": "current_attached_reference",
        "image_file": "CM_15.jpg"
      },
      "geometry": {
        "type": "Point",
        "coordinates": [
          99.02468750721832,
          18.774138569301204
        ]
      }
    },
    {
      "type": "Feature",
      "properties": {
        "image_id": "CM_15",
        "instance_id": "CM_15_B028",
        "source_csv_line": 583,
        "sam_confidence_score": 0.86328125,
        "flood_affected": 1,
        "dino_water_contact_fraction": 0.1842384261986099,
        "nearest_reference_control_m": 53.65040327115832,
        "within_800m_of_reference_group": 1,
        "position_status": "approximate_within_800m",
        "georeferencing_method": "homography_all_references",
        "result_source": "current_attached_reference",
        "image_file": "CM_15.jpg"
      },
      "geometry": {
        "type": "Point",
        "coordinates": [
          99.02445796609925,
          18.774049530204262
        ]
      }
    },
    {
      "type": "Feature",
      "properties": {
        "image_id": "CM_15",
        "instance_id": "CM_15_B029",
        "source_csv_line": 584,
        "sam_confidence_score": 0.859375,
        "flood_affected": 1,
        "dino_water_contact_fraction": 0.4381888912902528,
        "nearest_reference_control_m": 40.14008009823969,
        "within_800m_of_reference_group": 1,
        "position_status": "approximate_within_800m",
        "georeferencing_method": "homography_all_references",
        "result_source": "current_attached_reference",
        "image_file": "CM_15.jpg"
      },
      "geometry": {
        "type": "Point",
        "coordinates": [
          99.02402889739163,
          18.77404562329273
        ]
      }
    },
    {
      "type": "Feature",
      "properties": {
        "image_id": "CM_15",
        "instance_id": "CM_15_B030",
        "source_csv_line": 585,
        "sam_confidence_score": 0.83984375,
        "flood_affected": 0,
        "dino_water_contact_fraction": 0.0008526966531656,
        "nearest_reference_control_m": 89.1753972721953,
        "within_800m_of_reference_group": 1,
        "position_status": "approximate_within_800m",
        "georeferencing_method": "homography_all_references",
        "result_source": "current_attached_reference",
        "image_file": "CM_15.jpg"
      },
      "geometry": {
        "type": "Point",
        "coordinates": [
          99.02608978142301,
          18.774029760045078
        ]
      }
    },
    {
      "type": "Feature",
      "properties": {
        "image_id": "CM_15",
        "instance_id": "CM_15_B031",
        "source_csv_line": 586,
        "sam_confidence_score": 0.85546875,
        "flood_affected": 1,
        "dino_water_contact_fraction": 0.5444171348314607,
        "nearest_reference_control_m": 15.242181772847635,
        "within_800m_of_reference_group": 1,
        "position_status": "approximate_within_800m",
        "georeferencing_method": "homography_all_references",
        "result_source": "current_attached_reference",
        "image_file": "CM_15.jpg"
      },
      "geometry": {
        "type": "Point",
        "coordinates": [
          99.02514612649082,
          18.77399090450365
        ]
      }
    },
    {
      "type": "Feature",
      "properties": {
        "image_id": "CM_15",
        "instance_id": "CM_15_B032",
        "source_csv_line": 587,
        "sam_confidence_score": 0.6171875,
        "flood_affected": 0,
        "dino_water_contact_fraction": 0.0,
        "nearest_reference_control_m": 66.74736946847128,
        "within_800m_of_reference_group": 1,
        "position_status": "approximate_within_800m",
        "georeferencing_method": "homography_all_references",
        "result_source": "current_attached_reference",
        "image_file": "CM_15.jpg"
      },
      "geometry": {
        "type": "Point",
        "coordinates": [
          99.02588646535405,
          18.773942270894064
        ]
      }
    },
    {
      "type": "Feature",
      "properties": {
        "image_id": "CM_15",
        "instance_id": "CM_15_B033",
        "source_csv_line": 588,
        "sam_confidence_score": 0.73046875,
        "flood_affected": 1,
        "dino_water_contact_fraction": 0.1874675437078068,
        "nearest_reference_control_m": 23.12082630140224,
        "within_800m_of_reference_group": 1,
        "position_status": "approximate_within_800m",
        "georeferencing_method": "homography_all_references",
        "result_source": "current_attached_reference",
        "image_file": "CM_15.jpg"
      },
      "geometry": {
        "type": "Point",
        "coordinates": [
          99.0249418348535,
          18.77392127031722
        ]
      }
    },
    {
      "type": "Feature",
      "properties": {
        "image_id": "CM_15",
        "instance_id": "CM_15_B034",
        "source_csv_line": 589,
        "sam_confidence_score": 0.85546875,
        "flood_affected": 1,
        "dino_water_contact_fraction": 0.263677382966723,
        "nearest_reference_control_m": 28.488886121500997,
        "within_800m_of_reference_group": 1,
        "position_status": "approximate_within_800m",
        "georeferencing_method": "homography_all_references",
        "result_source": "current_attached_reference",
        "image_file": "CM_15.jpg"
      },
      "geometry": {
        "type": "Point",
        "coordinates": [
          99.02465404302544,
          18.77391671575842
        ]
      }
    },
    {
      "type": "Feature",
      "properties": {
        "image_id": "CM_15",
        "instance_id": "CM_15_B035",
        "source_csv_line": 590,
        "sam_confidence_score": 0.74609375,
        "flood_affected": 0,
        "dino_water_contact_fraction": 0.0,
        "nearest_reference_control_m": 19.145171669716024,
        "within_800m_of_reference_group": 1,
        "position_status": "approximate_within_800m",
        "georeferencing_method": "homography_all_references",
        "result_source": "current_attached_reference",
        "image_file": "CM_15.jpg"
      },
      "geometry": {
        "type": "Point",
        "coordinates": [
          99.0250775859835,
          18.77386144051328
        ]
      }
    },
    {
      "type": "Feature",
      "properties": {
        "image_id": "CM_15",
        "instance_id": "CM_15_B036",
        "source_csv_line": 591,
        "sam_confidence_score": 0.89453125,
        "flood_affected": 1,
        "dino_water_contact_fraction": 0.2490088246578846,
        "nearest_reference_control_m": 50.51740116906219,
        "within_800m_of_reference_group": 1,
        "position_status": "approximate_within_800m",
        "georeferencing_method": "homography_all_references",
        "result_source": "current_attached_reference",
        "image_file": "CM_15.jpg"
      },
      "geometry": {
        "type": "Point",
        "coordinates": [
          99.02423117883399,
          18.77381472506079
        ]
      }
    },
    {
      "type": "Feature",
      "properties": {
        "image_id": "CM_15",
        "instance_id": "CM_15_B037",
        "source_csv_line": 592,
        "sam_confidence_score": 0.8984375,
        "flood_affected": 1,
        "dino_water_contact_fraction": 0.0842670401493931,
        "nearest_reference_control_m": 42.71808709409949,
        "within_800m_of_reference_group": 1,
        "position_status": "approximate_within_800m",
        "georeferencing_method": "homography_all_references",
        "result_source": "current_attached_reference",
        "image_file": "CM_15.jpg"
      },
      "geometry": {
        "type": "Point",
        "coordinates": [
          99.02437267285703,
          18.773777949596262
        ]
      }
    },
    {
      "type": "Feature",
      "properties": {
        "image_id": "CM_15",
        "instance_id": "CM_15_B038",
        "source_csv_line": 593,
        "sam_confidence_score": 0.8203125,
        "flood_affected": 0,
        "dino_water_contact_fraction": 0.0019978484708775,
        "nearest_reference_control_m": 28.923584223749305,
        "within_800m_of_reference_group": 1,
        "position_status": "approximate_within_800m",
        "georeferencing_method": "homography_all_references",
        "result_source": "current_attached_reference",
        "image_file": "CM_15.jpg"
      },
      "geometry": {
        "type": "Point",
        "coordinates": [
          99.02544384952918,
          18.77371049585912
        ]
      }
    },
    {
      "type": "Feature",
      "properties": {
        "image_id": "CM_15",
        "instance_id": "CM_15_B039",
        "source_csv_line": 594,
        "sam_confidence_score": 0.80078125,
        "flood_affected": 1,
        "dino_water_contact_fraction": 0.1153090699017908,
        "nearest_reference_control_m": 34.255300557916975,
        "within_800m_of_reference_group": 1,
        "position_status": "approximate_within_800m",
        "georeferencing_method": "homography_all_references",
        "result_source": "current_attached_reference",
        "image_file": "CM_15.jpg"
      },
      "geometry": {
        "type": "Point",
        "coordinates": [
          99.02452036863664,
          18.77371100006354
        ]
      }
    },
    {
      "type": "Feature",
      "properties": {
        "image_id": "CM_15",
        "instance_id": "CM_15_B040",
        "source_csv_line": 595,
        "sam_confidence_score": 0.5625,
        "flood_affected": 1,
        "dino_water_contact_fraction": 0.1424490573224147,
        "nearest_reference_control_m": 67.70414606829938,
        "within_800m_of_reference_group": 1,
        "position_status": "approximate_within_800m",
        "georeferencing_method": "homography_all_references",
        "result_source": "current_attached_reference",
        "image_file": "CM_15.jpg"
      },
      "geometry": {
        "type": "Point",
        "coordinates": [
          99.0258491471169,
          18.77366790844423
        ]
      }
    },
    {
      "type": "Feature",
      "properties": {
        "image_id": "CM_15",
        "instance_id": "CM_15_B041",
        "source_csv_line": 596,
        "sam_confidence_score": 0.6484375,
        "flood_affected": 1,
        "dino_water_contact_fraction": 0.6636675235646958,
        "nearest_reference_control_m": 15.665541284447546,
        "within_800m_of_reference_group": 1,
        "position_status": "approximate_within_800m",
        "georeferencing_method": "homography_all_references",
        "result_source": "current_attached_reference",
        "image_file": "CM_15.jpg"
      },
      "geometry": {
        "type": "Point",
        "coordinates": [
          99.02470376689129,
          18.773688433021253
        ]
      }
    },
    {
      "type": "Feature",
      "properties": {
        "image_id": "CM_15",
        "instance_id": "CM_15_B042",
        "source_csv_line": 597,
        "sam_confidence_score": 0.80078125,
        "flood_affected": 1,
        "dino_water_contact_fraction": 0.1334388185654008,
        "nearest_reference_control_m": 31.2161234849441,
        "within_800m_of_reference_group": 1,
        "position_status": "approximate_within_800m",
        "georeferencing_method": "homography_all_references",
        "result_source": "current_attached_reference",
        "image_file": "CM_15.jpg"
      },
      "geometry": {
        "type": "Point",
        "coordinates": [
          99.02432154705271,
          18.773661017489005
        ]
      }
    },
    {
      "type": "Feature",
      "properties": {
        "image_id": "CM_15",
        "instance_id": "CM_15_B043",
        "source_csv_line": 598,
        "sam_confidence_score": 0.6015625,
        "flood_affected": 1,
        "dino_water_contact_fraction": 0.4890120036934441,
        "nearest_reference_control_m": 13.517649525518703,
        "within_800m_of_reference_group": 1,
        "position_status": "approximate_within_800m",
        "georeferencing_method": "homography_all_references",
        "result_source": "current_attached_reference",
        "image_file": "CM_15.jpg"
      },
      "geometry": {
        "type": "Point",
        "coordinates": [
          99.02492043230322,
          18.773635538637894
        ]
      }
    },
    {
      "type": "Feature",
      "properties": {
        "image_id": "CM_15",
        "instance_id": "CM_15_B044",
        "source_csv_line": 599,
        "sam_confidence_score": 0.859375,
        "flood_affected": 0,
        "dino_water_contact_fraction": 0.0323827936201063,
        "nearest_reference_control_m": 35.18956675282153,
        "within_800m_of_reference_group": 1,
        "position_status": "approximate_within_800m",
        "georeferencing_method": "homography_all_references",
        "result_source": "current_attached_reference",
        "image_file": "CM_15.jpg"
      },
      "geometry": {
        "type": "Point",
        "coordinates": [
          99.02540161958812,
          18.773614303670954
        ]
      }
    },
    {
      "type": "Feature",
      "properties": {
        "image_id": "CM_15",
        "instance_id": "CM_15_B045",
        "source_csv_line": 600,
        "sam_confidence_score": 0.82421875,
        "flood_affected": 1,
        "dino_water_contact_fraction": 0.1406292159084776,
        "nearest_reference_control_m": 25.01896857357291,
        "within_800m_of_reference_group": 1,
        "position_status": "approximate_within_800m",
        "georeferencing_method": "homography_all_references",
        "result_source": "current_attached_reference",
        "image_file": "CM_15.jpg"
      },
      "geometry": {
        "type": "Point",
        "coordinates": [
          99.02446529887814,
          18.773615904664254
        ]
      }
    },
    {
      "type": "Feature",
      "properties": {
        "image_id": "CM_15",
        "instance_id": "CM_15_B046",
        "source_csv_line": 601,
        "sam_confidence_score": 0.77734375,
        "flood_affected": 1,
        "dino_water_contact_fraction": 0.4044771542471634,
        "nearest_reference_control_m": 23.799484544115856,
        "within_800m_of_reference_group": 1,
        "position_status": "approximate_within_800m",
        "georeferencing_method": "homography_all_references",
        "result_source": "current_attached_reference",
        "image_file": "CM_15.jpg"
      },
      "geometry": {
        "type": "Point",
        "coordinates": [
          99.02466174650982,
          18.77360764921717
        ]
      }
    },
    {
      "type": "Feature",
      "properties": {
        "image_id": "CM_15",
        "instance_id": "CM_15_B047",
        "source_csv_line": 602,
        "sam_confidence_score": 0.546875,
        "flood_affected": 1,
        "dino_water_contact_fraction": 0.0886875921634716,
        "nearest_reference_control_m": 48.69873948746629,
        "within_800m_of_reference_group": 1,
        "position_status": "approximate_within_800m",
        "georeferencing_method": "homography_all_references",
        "result_source": "current_attached_reference",
        "image_file": "CM_15.jpg"
      },
      "geometry": {
        "type": "Point",
        "coordinates": [
          99.02555352730434,
          18.773564192374444
        ]
      }
    },
    {
      "type": "Feature",
      "properties": {
        "image_id": "CM_15",
        "instance_id": "CM_15_B048",
        "source_csv_line": 603,
        "sam_confidence_score": 0.85546875,
        "flood_affected": 1,
        "dino_water_contact_fraction": 0.9113027409916846,
        "nearest_reference_control_m": 48.38857308955301,
        "within_800m_of_reference_group": 1,
        "position_status": "approximate_within_800m",
        "georeferencing_method": "homography_all_references",
        "result_source": "current_attached_reference",
        "image_file": "CM_15.jpg"
      },
      "geometry": {
        "type": "Point",
        "coordinates": [
          99.02401205131464,
          18.773598428857944
        ]
      }
    },
    {
      "type": "Feature",
      "properties": {
        "image_id": "CM_15",
        "instance_id": "CM_15_B049",
        "source_csv_line": 604,
        "sam_confidence_score": 0.8046875,
        "flood_affected": 0,
        "dino_water_contact_fraction": 0.0700840711256603,
        "nearest_reference_control_m": 25.097070923913325,
        "within_800m_of_reference_group": 1,
        "position_status": "approximate_within_800m",
        "georeferencing_method": "homography_all_references",
        "result_source": "current_attached_reference",
        "image_file": "CM_15.jpg"
      },
      "geometry": {
        "type": "Point",
        "coordinates": [
          99.02498790888765,
          18.773552919523315
        ]
      }
    },
    {
      "type": "Feature",
      "properties": {
        "image_id": "CM_15",
        "instance_id": "CM_15_B050",
        "source_csv_line": 605,
        "sam_confidence_score": 0.74609375,
        "flood_affected": 1,
        "dino_water_contact_fraction": 0.0931899641577061,
        "nearest_reference_control_m": 73.72808887906704,
        "within_800m_of_reference_group": 1,
        "position_status": "approximate_within_800m",
        "georeferencing_method": "homography_all_references",
        "result_source": "current_attached_reference",
        "image_file": "CM_15.jpg"
      },
      "geometry": {
        "type": "Point",
        "coordinates": [
          99.02583385034067,
          18.773526134607494
        ]
      }
    },
    {
      "type": "Feature",
      "properties": {
        "image_id": "CM_15",
        "instance_id": "CM_15_B051",
        "source_csv_line": 606,
        "sam_confidence_score": 0.88671875,
        "flood_affected": 0,
        "dino_water_contact_fraction": 0.0712027698329068,
        "nearest_reference_control_m": 43.88108816704135,
        "within_800m_of_reference_group": 1,
        "position_status": "approximate_within_800m",
        "georeferencing_method": "homography_all_references",
        "result_source": "current_attached_reference",
        "image_file": "CM_15.jpg"
      },
      "geometry": {
        "type": "Point",
        "coordinates": [
          99.02532481796189,
          18.77350897114031
        ]
      }
    },
    {
      "type": "Feature",
      "properties": {
        "image_id": "CM_15",
        "instance_id": "CM_15_B052",
        "source_csv_line": 607,
        "sam_confidence_score": 0.6171875,
        "flood_affected": 0,
        "dino_water_contact_fraction": 0.0,
        "nearest_reference_control_m": 49.628187260351254,
        "within_800m_of_reference_group": 1,
        "position_status": "approximate_within_800m",
        "georeferencing_method": "homography_all_references",
        "result_source": "current_attached_reference",
        "image_file": "CM_15.jpg"
      },
      "geometry": {
        "type": "Point",
        "coordinates": [
          99.025453132325,
          18.773493133920496
        ]
      }
    },
    {
      "type": "Feature",
      "properties": {
        "image_id": "CM_15",
        "instance_id": "CM_15_B053",
        "source_csv_line": 608,
        "sam_confidence_score": 0.90234375,
        "flood_affected": 1,
        "dino_water_contact_fraction": 0.3405151906477265,
        "nearest_reference_control_m": 27.86351221172677,
        "within_800m_of_reference_group": 1,
        "position_status": "approximate_within_800m",
        "georeferencing_method": "homography_all_references",
        "result_source": "current_attached_reference",
        "image_file": "CM_15.jpg"
      },
      "geometry": {
        "type": "Point",
        "coordinates": [
          99.02472977902684,
          18.77350711571936
        ]
      }
    },
    {
      "type": "Feature",
      "properties": {
        "image_id": "CM_15",
        "instance_id": "CM_15_B054",
        "source_csv_line": 609,
        "sam_confidence_score": 0.8515625,
        "flood_affected": 0,
        "dino_water_contact_fraction": 0.0127081507449605,
        "nearest_reference_control_m": 53.57372085689188,
        "within_800m_of_reference_group": 1,
        "position_status": "approximate_within_800m",
        "georeferencing_method": "homography_all_references",
        "result_source": "current_attached_reference",
        "image_file": "CM_15.jpg"
      },
      "geometry": {
        "type": "Point",
        "coordinates": [
          99.0252407680642,
          18.773415887695464
        ]
      }
    },
    {
      "type": "Feature",
      "properties": {
        "image_id": "CM_15",
        "instance_id": "CM_15_B055",
        "source_csv_line": 610,
        "sam_confidence_score": 0.8359375,
        "flood_affected": 1,
        "dino_water_contact_fraction": 0.4520170383362565,
        "nearest_reference_control_m": 21.626340349364774,
        "within_800m_of_reference_group": 1,
        "position_status": "approximate_within_800m",
        "georeferencing_method": "homography_all_references",
        "result_source": "current_attached_reference",
        "image_file": "CM_15.jpg"
      },
      "geometry": {
        "type": "Point",
        "coordinates": [
          99.0242195535405,
          18.773443668877945
        ]
      }
    },
    {
      "type": "Feature",
      "properties": {
        "image_id": "CM_15",
        "instance_id": "CM_15_B056",
        "source_csv_line": 611,
        "sam_confidence_score": 0.59765625,
        "flood_affected": 1,
        "dino_water_contact_fraction": 0.6672820512820513,
        "nearest_reference_control_m": 18.456719330375446,
        "within_800m_of_reference_group": 1,
        "position_status": "approximate_within_800m",
        "georeferencing_method": "homography_all_references",
        "result_source": "current_attached_reference",
        "image_file": "CM_15.jpg"
      },
      "geometry": {
        "type": "Point",
        "coordinates": [
          99.02459035546052,
          18.773424374647444
        ]
      }
    },
    {
      "type": "Feature",
      "properties": {
        "image_id": "CM_15",
        "instance_id": "CM_15_B057",
        "source_csv_line": 612,
        "sam_confidence_score": 0.578125,
        "flood_affected": 1,
        "dino_water_contact_fraction": 0.3086570816763536,
        "nearest_reference_control_m": 65.89997784141308,
        "within_800m_of_reference_group": 1,
        "position_status": "approximate_within_800m",
        "georeferencing_method": "homography_all_references",
        "result_source": "current_attached_reference",
        "image_file": "CM_15.jpg"
      },
      "geometry": {
        "type": "Point",
        "coordinates": [
          99.02555881935537,
          18.77337949368339
        ]
      }
    },
    {
      "type": "Feature",
      "properties": {
        "image_id": "CM_15",
        "instance_id": "CM_15_B058",
        "source_csv_line": 613,
        "sam_confidence_score": 0.73046875,
        "flood_affected": 1,
        "dino_water_contact_fraction": 0.6343519494204426,
        "nearest_reference_control_m": 8.846467829806336,
        "within_800m_of_reference_group": 1,
        "position_status": "approximate_within_800m",
        "georeferencing_method": "homography_all_references",
        "result_source": "current_attached_reference",
        "image_file": "CM_15.jpg"
      },
      "geometry": {
        "type": "Point",
        "coordinates": [
          99.02433650592104,
          18.773413066619476
        ]
      }
    },
    {
      "type": "Feature",
      "properties": {
        "image_id": "CM_15",
        "instance_id": "CM_15_B059",
        "source_csv_line": 614,
        "sam_confidence_score": 0.8046875,
        "flood_affected": 0,
        "dino_water_contact_fraction": 0.0,
        "nearest_reference_control_m": 75.64189418300711,
        "within_800m_of_reference_group": 1,
        "position_status": "approximate_within_800m",
        "georeferencing_method": "homography_all_references",
        "result_source": "current_attached_reference",
        "image_file": "CM_15.jpg"
      },
      "geometry": {
        "type": "Point",
        "coordinates": [
          99.02569423024588,
          18.773359443676014
        ]
      }
    },
    {
      "type": "Feature",
      "properties": {
        "image_id": "CM_15",
        "instance_id": "CM_15_B060",
        "source_csv_line": 615,
        "sam_confidence_score": 0.87890625,
        "flood_affected": 1,
        "dino_water_contact_fraction": 0.1480578707343922,
        "nearest_reference_control_m": 56.16467424743521,
        "within_800m_of_reference_group": 1,
        "position_status": "approximate_within_800m",
        "georeferencing_method": "homography_all_references",
        "result_source": "current_attached_reference",
        "image_file": "CM_15.jpg"
      },
      "geometry": {
        "type": "Point",
        "coordinates": [
          99.02515369934316,
          18.773320565506257
        ]
      }
    },
    {
      "type": "Feature",
      "properties": {
        "image_id": "CM_15",
        "instance_id": "CM_15_B061",
        "source_csv_line": 616,
        "sam_confidence_score": 0.51171875,
        "flood_affected": 1,
        "dino_water_contact_fraction": 0.229020979020979,
        "nearest_reference_control_m": 73.2567627860216,
        "within_800m_of_reference_group": 1,
        "position_status": "approximate_within_800m",
        "georeferencing_method": "homography_all_references",
        "result_source": "current_attached_reference",
        "image_file": "CM_15.jpg"
      },
      "geometry": {
        "type": "Point",
        "coordinates": [
          99.02550000504256,
          18.77328041288953
        ]
      }
    },
    {
      "type": "Feature",
      "properties": {
        "image_id": "CM_15",
        "instance_id": "CM_15_B062",
        "source_csv_line": 617,
        "sam_confidence_score": 0.6640625,
        "flood_affected": 0,
        "dino_water_contact_fraction": 0.0,
        "nearest_reference_control_m": 78.566261098126,
        "within_800m_of_reference_group": 1,
        "position_status": "approximate_within_800m",
        "georeferencing_method": "homography_all_references",
        "result_source": "current_attached_reference",
        "image_file": "CM_15.jpg"
      },
      "geometry": {
        "type": "Point",
        "coordinates": [
          99.02561038783807,
          18.773275864025216
        ]
      }
    },
    {
      "type": "Feature",
      "properties": {
        "image_id": "CM_15",
        "instance_id": "CM_15_B063",
        "source_csv_line": 618,
        "sam_confidence_score": 0.85546875,
        "flood_affected": 1,
        "dino_water_contact_fraction": 0.1942287011590393,
        "nearest_reference_control_m": 19.42293170517216,
        "within_800m_of_reference_group": 1,
        "position_status": "approximate_within_800m",
        "georeferencing_method": "homography_all_references",
        "result_source": "current_attached_reference",
        "image_file": "CM_15.jpg"
      },
      "geometry": {
        "type": "Point",
        "coordinates": [
          99.02451904997262,
          18.773247435843036
        ]
      }
    },
    {
      "type": "Feature",
      "properties": {
        "image_id": "CM_15",
        "instance_id": "CM_15_B064",
        "source_csv_line": 619,
        "sam_confidence_score": 0.8671875,
        "flood_affected": 1,
        "dino_water_contact_fraction": 0.3512061462418739,
        "nearest_reference_control_m": 60.72261171807993,
        "within_800m_of_reference_group": 1,
        "position_status": "approximate_within_800m",
        "georeferencing_method": "homography_all_references",
        "result_source": "current_attached_reference",
        "image_file": "CM_15.jpg"
      },
      "geometry": {
        "type": "Point",
        "coordinates": [
          99.02503701783687,
          18.773216737879267
        ]
      }
    },
    {
      "type": "Feature",
      "properties": {
        "image_id": "CM_15",
        "instance_id": "CM_15_B065",
        "source_csv_line": 620,
        "sam_confidence_score": 0.828125,
        "flood_affected": 0,
        "dino_water_contact_fraction": 0.0,
        "nearest_reference_control_m": 81.58207429483375,
        "within_800m_of_reference_group": 1,
        "position_status": "approximate_within_800m",
        "georeferencing_method": "homography_all_references",
        "result_source": "current_attached_reference",
        "image_file": "CM_15.jpg"
      },
      "geometry": {
        "type": "Point",
        "coordinates": [
          99.02548640619682,
          18.773196375548004
        ]
      }
    },
    {
      "type": "Feature",
      "properties": {
        "image_id": "CM_15",
        "instance_id": "CM_15_B066",
        "source_csv_line": 621,
        "sam_confidence_score": 0.70703125,
        "flood_affected": 1,
        "dino_water_contact_fraction": 0.4301004445908118,
        "nearest_reference_control_m": 78.51343608616939,
        "within_800m_of_reference_group": 1,
        "position_status": "approximate_within_800m",
        "georeferencing_method": "homography_all_references",
        "result_source": "current_attached_reference",
        "image_file": "CM_15.jpg"
      },
      "geometry": {
        "type": "Point",
        "coordinates": [
          99.02531033007608,
          18.773180242163356
        ]
      }
    },
    {
      "type": "Feature",
      "properties": {
        "image_id": "CM_15",
        "instance_id": "CM_15_B067",
        "source_csv_line": 622,
        "sam_confidence_score": 0.6953125,
        "flood_affected": 0,
        "dino_water_contact_fraction": 0.0,
        "nearest_reference_control_m": 86.93089451016606,
        "within_800m_of_reference_group": 1,
        "position_status": "approximate_within_800m",
        "georeferencing_method": "homography_all_references",
        "result_source": "current_attached_reference",
        "image_file": "CM_15.jpg"
      },
      "geometry": {
        "type": "Point",
        "coordinates": [
          99.02538945551487,
          18.773124782730626
        ]
      }
    },
    {
      "type": "Feature",
      "properties": {
        "image_id": "CM_15",
        "instance_id": "CM_15_B068",
        "source_csv_line": 623,
        "sam_confidence_score": 0.81640625,
        "flood_affected": 1,
        "dino_water_contact_fraction": 0.1748038360941586,
        "nearest_reference_control_m": 53.81189726311175,
        "within_800m_of_reference_group": 1,
        "position_status": "approximate_within_800m",
        "georeferencing_method": "homography_all_references",
        "result_source": "current_attached_reference",
        "image_file": "CM_15.jpg"
      },
      "geometry": {
        "type": "Point",
        "coordinates": [
          99.02485243065965,
          18.77313860771426
        ]
      }
    },
    {
      "type": "Feature",
      "properties": {
        "image_id": "CM_15",
        "instance_id": "CM_15_B069",
        "source_csv_line": 624,
        "sam_confidence_score": 0.56640625,
        "flood_affected": 1,
        "dino_water_contact_fraction": 0.2731958762886597,
        "nearest_reference_control_m": 79.8157310818654,
        "within_800m_of_reference_group": 1,
        "position_status": "approximate_within_800m",
        "georeferencing_method": "homography_all_references",
        "result_source": "current_attached_reference",
        "image_file": "CM_15.jpg"
      },
      "geometry": {
        "type": "Point",
        "coordinates": [
          99.02522296652522,
          18.77310916989204
        ]
      }
    },
    {
      "type": "Feature",
      "properties": {
        "image_id": "CM_16",
        "instance_id": "CM_16_B001",
        "source_csv_line": 625,
        "sam_confidence_score": 0.609375,
        "flood_affected": 0,
        "dino_water_contact_fraction": 0.0,
        "nearest_reference_control_m": 118.90420779553826,
        "within_800m_of_reference_group": 1,
        "position_status": "approximate_within_800m",
        "georeferencing_method": "homography_all_references",
        "result_source": "current_attached_reference",
        "image_file": "CM_16.jpg"
      },
      "geometry": {
        "type": "Point",
        "coordinates": [
          99.02332468515809,
          18.774803413825904
        ]
      }
    },
    {
      "type": "Feature",
      "properties": {
        "image_id": "CM_16",
        "instance_id": "CM_16_B002",
        "source_csv_line": 626,
        "sam_confidence_score": 0.5390625,
        "flood_affected": 0,
        "dino_water_contact_fraction": 0.0369249394673123,
        "nearest_reference_control_m": 40.710507564996256,
        "within_800m_of_reference_group": 1,
        "position_status": "approximate_within_800m",
        "georeferencing_method": "homography_all_references",
        "result_source": "current_attached_reference",
        "image_file": "CM_16.jpg"
      },
      "geometry": {
        "type": "Point",
        "coordinates": [
          99.02396565674799,
          18.775173716071034
        ]
      }
    },
    {
      "type": "Feature",
      "properties": {
        "image_id": "CM_16",
        "instance_id": "CM_16_B003",
        "source_csv_line": 627,
        "sam_confidence_score": 0.51953125,
        "flood_affected": 0,
        "dino_water_contact_fraction": 0.0,
        "nearest_reference_control_m": 47.79895158166127,
        "within_800m_of_reference_group": 1,
        "position_status": "approximate_within_800m",
        "georeferencing_method": "homography_all_references",
        "result_source": "current_attached_reference",
        "image_file": "CM_16.jpg"
      },
      "geometry": {
        "type": "Point",
        "coordinates": [
          99.02391127037932,
          18.77512756238784
        ]
      }
    },
    {
      "type": "Feature",
      "properties": {
        "image_id": "CM_16",
        "instance_id": "CM_16_B004",
        "source_csv_line": 628,
        "sam_confidence_score": 0.66796875,
        "flood_affected": 0,
        "dino_water_contact_fraction": 0.0,
        "nearest_reference_control_m": 71.18526208635146,
        "within_800m_of_reference_group": 1,
        "position_status": "approximate_within_800m",
        "georeferencing_method": "homography_all_references",
        "result_source": "current_attached_reference",
        "image_file": "CM_16.jpg"
      },
      "geometry": {
        "type": "Point",
        "coordinates": [
          99.02372035554787,
          18.775014919302997
        ]
      }
    },
    {
      "type": "Feature",
      "properties": {
        "image_id": "CM_16",
        "instance_id": "CM_16_B005",
        "source_csv_line": 629,
        "sam_confidence_score": 0.6328125,
        "flood_affected": 0,
        "dino_water_contact_fraction": 0.0,
        "nearest_reference_control_m": 37.415345056052864,
        "within_800m_of_reference_group": 1,
        "position_status": "approximate_within_800m",
        "georeferencing_method": "homography_all_references",
        "result_source": "current_attached_reference",
        "image_file": "CM_16.jpg"
      },
      "geometry": {
        "type": "Point",
        "coordinates": [
          99.0246191750403,
          18.775484533825214
        ]
      }
    },
    {
      "type": "Feature",
      "properties": {
        "image_id": "CM_16",
        "instance_id": "CM_16_B006",
        "source_csv_line": 630,
        "sam_confidence_score": 0.57421875,
        "flood_affected": 0,
        "dino_water_contact_fraction": 0.0362367021276595,
        "nearest_reference_control_m": 93.85419114946153,
        "within_800m_of_reference_group": 1,
        "position_status": "approximate_within_800m",
        "georeferencing_method": "homography_all_references",
        "result_source": "current_attached_reference",
        "image_file": "CM_16.jpg"
      },
      "geometry": {
        "type": "Point",
        "coordinates": [
          99.02356712174429,
          18.77485217428451
        ]
      }
    },
    {
      "type": "Feature",
      "properties": {
        "image_id": "CM_16",
        "instance_id": "CM_16_B007",
        "source_csv_line": 631,
        "sam_confidence_score": 0.78125,
        "flood_affected": 0,
        "dino_water_contact_fraction": 0.0,
        "nearest_reference_control_m": 107.18962852559058,
        "within_800m_of_reference_group": 1,
        "position_status": "approximate_within_800m",
        "georeferencing_method": "homography_all_references",
        "result_source": "current_attached_reference",
        "image_file": "CM_16.jpg"
      },
      "geometry": {
        "type": "Point",
        "coordinates": [
          99.02348503332382,
          18.774749776428163
        ]
      }
    },
    {
      "type": "Feature",
      "properties": {
        "image_id": "CM_16",
        "instance_id": "CM_16_B008",
        "source_csv_line": 632,
        "sam_confidence_score": 0.6875,
        "flood_affected": 0,
        "dino_water_contact_fraction": 0.0,
        "nearest_reference_control_m": 48.80620712445416,
        "within_800m_of_reference_group": 1,
        "position_status": "approximate_within_800m",
        "georeferencing_method": "homography_all_references",
        "result_source": "current_attached_reference",
        "image_file": "CM_16.jpg"
      },
      "geometry": {
        "type": "Point",
        "coordinates": [
          99.0239563188001,
          18.77502791649081
        ]
      }
    },
    {
      "type": "Feature",
      "properties": {
        "image_id": "CM_16",
        "instance_id": "CM_16_B009",
        "source_csv_line": 633,
        "sam_confidence_score": 0.6484375,
        "flood_affected": 0,
        "dino_water_contact_fraction": 0.0596421471172962,
        "nearest_reference_control_m": 68.79067846330189,
        "within_800m_of_reference_group": 1,
        "position_status": "approximate_within_800m",
        "georeferencing_method": "homography_all_references",
        "result_source": "current_attached_reference",
        "image_file": "CM_16.jpg"
      },
      "geometry": {
        "type": "Point",
        "coordinates": [
          99.02380907828228,
          18.77491361007039
        ]
      }
    },
    {
      "type": "Feature",
      "properties": {
        "image_id": "CM_16",
        "instance_id": "CM_16_B010",
        "source_csv_line": 634,
        "sam_confidence_score": 0.8515625,
        "flood_affected": 0,
        "dino_water_contact_fraction": 0.007132667617689,
        "nearest_reference_control_m": 73.29692019144898,
        "within_800m_of_reference_group": 1,
        "position_status": "approximate_within_800m",
        "georeferencing_method": "homography_all_references",
        "result_source": "current_attached_reference",
        "image_file": "CM_16.jpg"
      },
      "geometry": {
        "type": "Point",
        "coordinates": [
          99.02494615262448,
          18.77559792693487
        ]
      }
    },
    {
      "type": "Feature",
      "properties": {
        "image_id": "CM_16",
        "instance_id": "CM_16_B011",
        "source_csv_line": 635,
        "sam_confidence_score": 0.859375,
        "flood_affected": 1,
        "dino_water_contact_fraction": 0.2892894644732237,
        "nearest_reference_control_m": 19.038055734300393,
        "within_800m_of_reference_group": 1,
        "position_status": "approximate_within_800m",
        "georeferencing_method": "homography_all_references",
        "result_source": "current_attached_reference",
        "image_file": "CM_16.jpg"
      },
      "geometry": {
        "type": "Point",
        "coordinates": [
          99.02450870122848,
          18.775328669145367
        ]
      }
    },
    {
      "type": "Feature",
      "properties": {
        "image_id": "CM_16",
        "instance_id": "CM_16_B012",
        "source_csv_line": 636,
        "sam_confidence_score": 0.796875,
        "flood_affected": 1,
        "dino_water_contact_fraction": 0.1745088327554895,
        "nearest_reference_control_m": 109.08071843600148,
        "within_800m_of_reference_group": 1,
        "position_status": "approximate_within_800m",
        "georeferencing_method": "homography_all_references",
        "result_source": "current_attached_reference",
        "image_file": "CM_16.jpg"
      },
      "geometry": {
        "type": "Point",
        "coordinates": [
          99.0234019005654,
          18.774588262326574
        ]
      }
    },
    {
      "type": "Feature",
      "properties": {
        "image_id": "CM_16",
        "instance_id": "CM_16_B013",
        "source_csv_line": 637,
        "sam_confidence_score": 0.51953125,
        "flood_affected": 0,
        "dino_water_contact_fraction": 0.0,
        "nearest_reference_control_m": 47.66520747878747,
        "within_800m_of_reference_group": 1,
        "position_status": "approximate_within_800m",
        "georeferencing_method": "homography_all_references",
        "result_source": "current_attached_reference",
        "image_file": "CM_16.jpg"
      },
      "geometry": {
        "type": "Point",
        "coordinates": [
          99.02477762928264,
          18.775369674074582
        ]
      }
    },
    {
      "type": "Feature",
      "properties": {
        "image_id": "CM_16",
        "instance_id": "CM_16_B014",
        "source_csv_line": 638,
        "sam_confidence_score": 0.72265625,
        "flood_affected": 0,
        "dino_water_contact_fraction": 0.0,
        "nearest_reference_control_m": 100.66785283072885,
        "within_800m_of_reference_group": 1,
        "position_status": "approximate_within_800m",
        "georeferencing_method": "homography_all_references",
        "result_source": "current_attached_reference",
        "image_file": "CM_16.jpg"
      },
      "geometry": {
        "type": "Point",
        "coordinates": [
          99.02364209694345,
          18.77463435084028
        ]
      }
    },
    {
      "type": "Feature",
      "properties": {
        "image_id": "CM_16",
        "instance_id": "CM_16_B015",
        "source_csv_line": 639,
        "sam_confidence_score": 0.90625,
        "flood_affected": 1,
        "dino_water_contact_fraction": 0.2370289459311851,
        "nearest_reference_control_m": 31.62902734960215,
        "within_800m_of_reference_group": 1,
        "position_status": "approximate_within_800m",
        "georeferencing_method": "homography_all_references",
        "result_source": "current_attached_reference",
        "image_file": "CM_16.jpg"
      },
      "geometry": {
        "type": "Point",
        "coordinates": [
          99.0242934832708,
          18.77499896184689
        ]
      }
    },
    {
      "type": "Feature",
      "properties": {
        "image_id": "CM_16",
        "instance_id": "CM_16_B016",
        "source_csv_line": 640,
        "sam_confidence_score": 0.86328125,
        "flood_affected": 1,
        "dino_water_contact_fraction": 0.3352510460251046,
        "nearest_reference_control_m": 36.4288842189876,
        "within_800m_of_reference_group": 1,
        "position_status": "approximate_within_800m",
        "georeferencing_method": "homography_all_references",
        "result_source": "current_attached_reference",
        "image_file": "CM_16.jpg"
      },
      "geometry": {
        "type": "Point",
        "coordinates": [
          99.02467727075825,
          18.775237502088583
        ]
      }
    },
    {
      "type": "Feature",
      "properties": {
        "image_id": "CM_16",
        "instance_id": "CM_16_B017",
        "source_csv_line": 641,
        "sam_confidence_score": 0.734375,
        "flood_affected": 0,
        "dino_water_contact_fraction": 0.0437006043700604,
        "nearest_reference_control_m": 89.82783579229327,
        "within_800m_of_reference_group": 1,
        "position_status": "approximate_within_800m",
        "georeferencing_method": "homography_all_references",
        "result_source": "current_attached_reference",
        "image_file": "CM_16.jpg"
      },
      "geometry": {
        "type": "Point",
        "coordinates": [
          99.0236300519154,
          18.7744812849142
        ]
      }
    },
    {
      "type": "Feature",
      "properties": {
        "image_id": "CM_16",
        "instance_id": "CM_16_B018",
        "source_csv_line": 642,
        "sam_confidence_score": 0.55078125,
        "flood_affected": 1,
        "dino_water_contact_fraction": 0.5002506265664161,
        "nearest_reference_control_m": 83.95867372267537,
        "within_800m_of_reference_group": 1,
        "position_status": "approximate_within_800m",
        "georeferencing_method": "homography_all_references",
        "result_source": "current_attached_reference",
        "image_file": "CM_16.jpg"
      },
      "geometry": {
        "type": "Point",
        "coordinates": [
          99.0234887851241,
          18.77437622833355
        ]
      }
    },
    {
      "type": "Feature",
      "properties": {
        "image_id": "CM_16",
        "instance_id": "CM_16_B019",
        "source_csv_line": 643,
        "sam_confidence_score": 0.87890625,
        "flood_affected": 0,
        "dino_water_contact_fraction": 0.0416791156259336,
        "nearest_reference_control_m": 52.19624639000121,
        "within_800m_of_reference_group": 1,
        "position_status": "approximate_within_800m",
        "georeferencing_method": "homography_all_references",
        "result_source": "current_attached_reference",
        "image_file": "CM_16.jpg"
      },
      "geometry": {
        "type": "Point",
        "coordinates": [
          99.02422634197889,
          18.774821805951124
        ]
      }
    },
    {
      "type": "Feature",
      "properties": {
        "image_id": "CM_16",
        "instance_id": "CM_16_B020",
        "source_csv_line": 644,
        "sam_confidence_score": 0.52734375,
        "flood_affected": 0,
        "dino_water_contact_fraction": 0.0,
        "nearest_reference_control_m": 70.54670031288128,
        "within_800m_of_reference_group": 1,
        "position_status": "approximate_within_800m",
        "georeferencing_method": "homography_all_references",
        "result_source": "current_attached_reference",
        "image_file": "CM_16.jpg"
      },
      "geometry": {
        "type": "Point",
        "coordinates": [
          99.02500412379511,
          18.775290696706833
        ]
      }
    },
    {
      "type": "Feature",
      "properties": {
        "image_id": "CM_16",
        "instance_id": "CM_16_B021",
        "source_csv_line": 645,
        "sam_confidence_score": 0.734375,
        "flood_affected": 0,
        "dino_water_contact_fraction": 0.0,
        "nearest_reference_control_m": 52.44436913014779,
        "within_800m_of_reference_group": 1,
        "position_status": "approximate_within_800m",
        "georeferencing_method": "homography_all_references",
        "result_source": "current_attached_reference",
        "image_file": "CM_16.jpg"
      },
      "geometry": {
        "type": "Point",
        "coordinates": [
          99.02481834294694,
          18.775170157789386
        ]
      }
    },
    {
      "type": "Feature",
      "properties": {
        "image_id": "CM_16",
        "instance_id": "CM_16_B022",
        "source_csv_line": 646,
        "sam_confidence_score": 0.8515625,
        "flood_affected": 1,
        "dino_water_contact_fraction": 0.2365076441333579,
        "nearest_reference_control_m": 41.61852729450042,
        "within_800m_of_reference_group": 1,
        "position_status": "approximate_within_800m",
        "georeferencing_method": "homography_all_references",
        "result_source": "current_attached_reference",
        "image_file": "CM_16.jpg"
      },
      "geometry": {
        "type": "Point",
        "coordinates": [
          99.02454672067348,
          18.77496470671052
        ]
      }
    },
    {
      "type": "Feature",
      "properties": {
        "image_id": "CM_16",
        "instance_id": "CM_16_B023",
        "source_csv_line": 647,
        "sam_confidence_score": 0.8125,
        "flood_affected": 0,
        "dino_water_contact_fraction": 0.0,
        "nearest_reference_control_m": 50.294127649536314,
        "within_800m_of_reference_group": 1,
        "position_status": "approximate_within_800m",
        "georeferencing_method": "homography_all_references",
        "result_source": "current_attached_reference",
        "image_file": "CM_16.jpg"
      },
      "geometry": {
        "type": "Point",
        "coordinates": [
          99.02446867940675,
          18.774845800609725
        ]
      }
    },
    {
      "type": "Feature",
      "properties": {
        "image_id": "CM_16",
        "instance_id": "CM_16_B024",
        "source_csv_line": 648,
        "sam_confidence_score": 0.6171875,
        "flood_affected": 1,
        "dino_water_contact_fraction": 0.2638232084394325,
        "nearest_reference_control_m": 71.90397705482755,
        "within_800m_of_reference_group": 1,
        "position_status": "approximate_within_800m",
        "georeferencing_method": "homography_all_references",
        "result_source": "current_attached_reference",
        "image_file": "CM_16.jpg"
      },
      "geometry": {
        "type": "Point",
        "coordinates": [
          99.02498874842061,
          18.775096827861425
        ]
      }
    },
    {
      "type": "Feature",
      "properties": {
        "image_id": "CM_16",
        "instance_id": "CM_16_B025",
        "source_csv_line": 649,
        "sam_confidence_score": 0.86328125,
        "flood_affected": 1,
        "dino_water_contact_fraction": 0.09255278796308,
        "nearest_reference_control_m": 62.687429247353776,
        "within_800m_of_reference_group": 1,
        "position_status": "approximate_within_800m",
        "georeferencing_method": "homography_all_references",
        "result_source": "current_attached_reference",
        "image_file": "CM_16.jpg"
      },
      "geometry": {
        "type": "Point",
        "coordinates": [
          99.0248112701806,
          18.774942952747125
        ]
      }
    },
    {
      "type": "Feature",
      "properties": {
        "image_id": "CM_16",
        "instance_id": "CM_16_B026",
        "source_csv_line": 650,
        "sam_confidence_score": 0.625,
        "flood_affected": 1,
        "dino_water_contact_fraction": 0.6390324095819634,
        "nearest_reference_control_m": 41.78675297211243,
        "within_800m_of_reference_group": 1,
        "position_status": "approximate_within_800m",
        "georeferencing_method": "homography_all_references",
        "result_source": "current_attached_reference",
        "image_file": "CM_16.jpg"
      },
      "geometry": {
        "type": "Point",
        "coordinates": [
          99.02417279834529,
          18.77446733046114
        ]
      }
    },
    {
      "type": "Feature",
      "properties": {
        "image_id": "CM_16",
        "instance_id": "CM_16_B027",
        "source_csv_line": 651,
        "sam_confidence_score": 0.91796875,
        "flood_affected": 1,
        "dino_water_contact_fraction": 0.0940821830874186,
        "nearest_reference_control_m": 43.3256807953568,
        "within_800m_of_reference_group": 1,
        "position_status": "approximate_within_800m",
        "georeferencing_method": "homography_all_references",
        "result_source": "current_attached_reference",
        "image_file": "CM_16.jpg"
      },
      "geometry": {
        "type": "Point",
        "coordinates": [
          99.0246086646763,
          18.774752946955147
        ]
      }
    },
    {
      "type": "Feature",
      "properties": {
        "image_id": "CM_16",
        "instance_id": "CM_16_B028",
        "source_csv_line": 652,
        "sam_confidence_score": 0.75390625,
        "flood_affected": 1,
        "dino_water_contact_fraction": 0.1968347232752084,
        "nearest_reference_control_m": 55.54150252242036,
        "within_800m_of_reference_group": 1,
        "position_status": "approximate_within_800m",
        "georeferencing_method": "homography_all_references",
        "result_source": "current_attached_reference",
        "image_file": "CM_16.jpg"
      },
      "geometry": {
        "type": "Point",
        "coordinates": [
          99.02397399999863,
          18.77423030387029
        ]
      }
    },
    {
      "type": "Feature",
      "properties": {
        "image_id": "CM_16",
        "instance_id": "CM_16_B029",
        "source_csv_line": 653,
        "sam_confidence_score": 0.79296875,
        "flood_affected": 0,
        "dino_water_contact_fraction": 0.0010324179227751,
        "nearest_reference_control_m": 44.847941896316236,
        "within_800m_of_reference_group": 1,
        "position_status": "approximate_within_800m",
        "georeferencing_method": "homography_all_references",
        "result_source": "current_attached_reference",
        "image_file": "CM_16.jpg"
      },
      "geometry": {
        "type": "Point",
        "coordinates": [
          99.02476904978873,
          18.774714787216592
        ]
      }
    },
    {
      "type": "Feature",
      "properties": {
        "image_id": "CM_16",
        "instance_id": "CM_16_B030",
        "source_csv_line": 654,
        "sam_confidence_score": 0.8203125,
        "flood_affected": 1,
        "dino_water_contact_fraction": 0.3054187192118227,
        "nearest_reference_control_m": 63.541138981943504,
        "within_800m_of_reference_group": 1,
        "position_status": "approximate_within_800m",
        "georeferencing_method": "homography_all_references",
        "result_source": "current_attached_reference",
        "image_file": "CM_16.jpg"
      },
      "geometry": {
        "type": "Point",
        "coordinates": [
          99.02493821863048,
          18.774807675405388
        ]
      }
    },
    {
      "type": "Feature",
      "properties": {
        "image_id": "CM_16",
        "instance_id": "CM_16_B031",
        "source_csv_line": 655,
        "sam_confidence_score": 0.65625,
        "flood_affected": 1,
        "dino_water_contact_fraction": 0.3910698878343399,
        "nearest_reference_control_m": 30.831167414101603,
        "within_800m_of_reference_group": 1,
        "position_status": "approximate_within_800m",
        "georeferencing_method": "homography_all_references",
        "result_source": "current_attached_reference",
        "image_file": "CM_16.jpg"
      },
      "geometry": {
        "type": "Point",
        "coordinates": [
          99.02467959597128,
          18.774616642412745
        ]
      }
    },
    {
      "type": "Feature",
      "properties": {
        "image_id": "CM_16",
        "instance_id": "CM_16_B032",
        "source_csv_line": 656,
        "sam_confidence_score": 0.60546875,
        "flood_affected": 1,
        "dino_water_contact_fraction": 0.3024208566108007,
        "nearest_reference_control_m": 34.92412746034786,
        "within_800m_of_reference_group": 1,
        "position_status": "approximate_within_800m",
        "georeferencing_method": "homography_all_references",
        "result_source": "current_attached_reference",
        "image_file": "CM_16.jpg"
      },
      "geometry": {
        "type": "Point",
        "coordinates": [
          99.02477004925763,
          18.774604459084372
        ]
      }
    },
    {
      "type": "Feature",
      "properties": {
        "image_id": "CM_16",
        "instance_id": "CM_16_B033",
        "source_csv_line": 657,
        "sam_confidence_score": 0.7734375,
        "flood_affected": 0,
        "dino_water_contact_fraction": 0.0003729487817006,
        "nearest_reference_control_m": 47.260336893741126,
        "within_800m_of_reference_group": 1,
        "position_status": "approximate_within_800m",
        "georeferencing_method": "homography_all_references",
        "result_source": "current_attached_reference",
        "image_file": "CM_16.jpg"
      },
      "geometry": {
        "type": "Point",
        "coordinates": [
          99.02489161480244,
          18.774646355502817
        ]
      }
    },
    {
      "type": "Feature",
      "properties": {
        "image_id": "CM_16",
        "instance_id": "CM_16_B034",
        "source_csv_line": 658,
        "sam_confidence_score": 0.5390625,
        "flood_affected": 0,
        "dino_water_contact_fraction": 0.0032608695652173,
        "nearest_reference_control_m": 33.687286224333924,
        "within_800m_of_reference_group": 1,
        "position_status": "approximate_within_800m",
        "georeferencing_method": "homography_all_references",
        "result_source": "current_attached_reference",
        "image_file": "CM_16.jpg"
      },
      "geometry": {
        "type": "Point",
        "coordinates": [
          99.02420833669605,
          18.774087814688478
        ]
      }
    },
    {
      "type": "Feature",
      "properties": {
        "image_id": "CM_16",
        "instance_id": "CM_16_B035",
        "source_csv_line": 659,
        "sam_confidence_score": 0.890625,
        "flood_affected": 1,
        "dino_water_contact_fraction": 0.0804967291273977,
        "nearest_reference_control_m": 14.977677472398254,
        "within_800m_of_reference_group": 1,
        "position_status": "approximate_within_800m",
        "georeferencing_method": "homography_all_references",
        "result_source": "current_attached_reference",
        "image_file": "CM_16.jpg"
      },
      "geometry": {
        "type": "Point",
        "coordinates": [
          99.02446856085594,
          18.774256915830907
        ]
      }
    },
    {
      "type": "Feature",
      "properties": {
        "image_id": "CM_16",
        "instance_id": "CM_16_B036",
        "source_csv_line": 660,
        "sam_confidence_score": 0.59765625,
        "flood_affected": 1,
        "dino_water_contact_fraction": 0.2294713160854893,
        "nearest_reference_control_m": 29.278662532129452,
        "within_800m_of_reference_group": 1,
        "position_status": "approximate_within_800m",
        "georeferencing_method": "homography_all_references",
        "result_source": "current_attached_reference",
        "image_file": "CM_16.jpg"
      },
      "geometry": {
        "type": "Point",
        "coordinates": [
          99.02439182801739,
          18.774150222769578
        ]
      }
    },
    {
      "type": "Feature",
      "properties": {
        "image_id": "CM_16",
        "instance_id": "CM_16_B037",
        "source_csv_line": 661,
        "sam_confidence_score": 0.921875,
        "flood_affected": 1,
        "dino_water_contact_fraction": 0.5439282428702852,
        "nearest_reference_control_m": 17.578036203634568,
        "within_800m_of_reference_group": 1,
        "position_status": "approximate_within_800m",
        "georeferencing_method": "homography_all_references",
        "result_source": "current_attached_reference",
        "image_file": "CM_16.jpg"
      },
      "geometry": {
        "type": "Point",
        "coordinates": [
          99.02472100185732,
          18.774372320952573
        ]
      }
    },
    {
      "type": "Feature",
      "properties": {
        "image_id": "CM_16",
        "instance_id": "CM_16_B038",
        "source_csv_line": 662,
        "sam_confidence_score": 0.92578125,
        "flood_affected": 1,
        "dino_water_contact_fraction": 0.4281268524007113,
        "nearest_reference_control_m": 19.30946332934666,
        "within_800m_of_reference_group": 1,
        "position_status": "approximate_within_800m",
        "georeferencing_method": "homography_all_references",
        "result_source": "current_attached_reference",
        "image_file": "CM_16.jpg"
      },
      "geometry": {
        "type": "Point",
        "coordinates": [
          99.02423372363187,
          18.7739569029112
        ]
      }
    },
    {
      "type": "Feature",
      "properties": {
        "image_id": "CM_16",
        "instance_id": "CM_16_B039",
        "source_csv_line": 663,
        "sam_confidence_score": 0.5078125,
        "flood_affected": 0,
        "dino_water_contact_fraction": 0.0,
        "nearest_reference_control_m": 25.965362406471073,
        "within_800m_of_reference_group": 1,
        "position_status": "approximate_within_800m",
        "georeferencing_method": "homography_all_references",
        "result_source": "current_attached_reference",
        "image_file": "CM_16.jpg"
      },
      "geometry": {
        "type": "Point",
        "coordinates": [
          99.02450944486345,
          18.774134067302644
        ]
      }
    },
    {
      "type": "Feature",
      "properties": {
        "image_id": "CM_16",
        "instance_id": "CM_16_B040",
        "source_csv_line": 664,
        "sam_confidence_score": 0.62890625,
        "flood_affected": 1,
        "dino_water_contact_fraction": 0.1933287950987066,
        "nearest_reference_control_m": 29.84817721762126,
        "within_800m_of_reference_group": 1,
        "position_status": "approximate_within_800m",
        "georeferencing_method": "homography_all_references",
        "result_source": "current_attached_reference",
        "image_file": "CM_16.jpg"
      },
      "geometry": {
        "type": "Point",
        "coordinates": [
          99.02436368437394,
          18.774012408760594
        ]
      }
    },
    {
      "type": "Feature",
      "properties": {
        "image_id": "CM_16",
        "instance_id": "CM_16_B041",
        "source_csv_line": 665,
        "sam_confidence_score": 0.546875,
        "flood_affected": 1,
        "dino_water_contact_fraction": 0.8338235294117647,
        "nearest_reference_control_m": 12.472367488823824,
        "within_800m_of_reference_group": 1,
        "position_status": "approximate_within_800m",
        "georeferencing_method": "homography_all_references",
        "result_source": "current_attached_reference",
        "image_file": "CM_16.jpg"
      },
      "geometry": {
        "type": "Point",
        "coordinates": [
          99.02425755721221,
          18.773888211174356
        ]
      }
    },
    {
      "type": "Feature",
      "properties": {
        "image_id": "CM_16",
        "instance_id": "CM_16_B042",
        "source_csv_line": 666,
        "sam_confidence_score": 0.58203125,
        "flood_affected": 1,
        "dino_water_contact_fraction": 0.3949649195212546,
        "nearest_reference_control_m": 31.055862046655264,
        "within_800m_of_reference_group": 1,
        "position_status": "approximate_within_800m",
        "georeferencing_method": "homography_all_references",
        "result_source": "current_attached_reference",
        "image_file": "CM_16.jpg"
      },
      "geometry": {
        "type": "Point",
        "coordinates": [
          99.0245598784029,
          18.774084168601455
        ]
      }
    },
    {
      "type": "Feature",
      "properties": {
        "image_id": "CM_16",
        "instance_id": "CM_16_B043",
        "source_csv_line": 667,
        "sam_confidence_score": 0.73828125,
        "flood_affected": 1,
        "dino_water_contact_fraction": 0.4139817629179331,
        "nearest_reference_control_m": 13.349955841133475,
        "within_800m_of_reference_group": 1,
        "position_status": "approximate_within_800m",
        "georeferencing_method": "homography_all_references",
        "result_source": "current_attached_reference",
        "image_file": "CM_16.jpg"
      },
      "geometry": {
        "type": "Point",
        "coordinates": [
          99.02429357471789,
          18.77387727605473
        ]
      }
    },
    {
      "type": "Feature",
      "properties": {
        "image_id": "CM_16",
        "instance_id": "CM_16_B044",
        "source_csv_line": 668,
        "sam_confidence_score": 0.85546875,
        "flood_affected": 1,
        "dino_water_contact_fraction": 0.9467875874125874,
        "nearest_reference_control_m": 15.310950604217592,
        "within_800m_of_reference_group": 1,
        "position_status": "approximate_within_800m",
        "georeferencing_method": "homography_all_references",
        "result_source": "current_attached_reference",
        "image_file": "CM_16.jpg"
      },
      "geometry": {
        "type": "Point",
        "coordinates": [
          99.02396574007281,
          18.773629763029493
        ]
      }
    },
    {
      "type": "Feature",
      "properties": {
        "image_id": "CM_16",
        "instance_id": "CM_16_B045",
        "source_csv_line": 669,
        "sam_confidence_score": 0.89453125,
        "flood_affected": 0,
        "dino_water_contact_fraction": 0.0407124681933842,
        "nearest_reference_control_m": 22.866217085379198,
        "within_800m_of_reference_group": 1,
        "position_status": "approximate_within_800m",
        "georeferencing_method": "homography_all_references",
        "result_source": "current_attached_reference",
        "image_file": "CM_16.jpg"
      },
      "geometry": {
        "type": "Point",
        "coordinates": [
          99.02438853152161,
          18.773906169546375
        ]
      }
    },
    {
      "type": "Feature",
      "properties": {
        "image_id": "CM_16",
        "instance_id": "CM_16_B046",
        "source_csv_line": 670,
        "sam_confidence_score": 0.70703125,
        "flood_affected": 1,
        "dino_water_contact_fraction": 0.5536691190341445,
        "nearest_reference_control_m": 29.602455249375723,
        "within_800m_of_reference_group": 1,
        "position_status": "approximate_within_800m",
        "georeferencing_method": "homography_all_references",
        "result_source": "current_attached_reference",
        "image_file": "CM_16.jpg"
      },
      "geometry": {
        "type": "Point",
        "coordinates": [
          99.02468361859468,
          18.774127248805875
        ]
      }
    },
    {
      "type": "Feature",
      "properties": {
        "image_id": "CM_16",
        "instance_id": "CM_16_B047",
        "source_csv_line": 671,
        "sam_confidence_score": 0.66015625,
        "flood_affected": 1,
        "dino_water_contact_fraction": 0.7513751375137514,
        "nearest_reference_control_m": 34.586533728582275,
        "within_800m_of_reference_group": 1,
        "position_status": "approximate_within_800m",
        "georeferencing_method": "homography_all_references",
        "result_source": "current_attached_reference",
        "image_file": "CM_16.jpg"
      },
      "geometry": {
        "type": "Point",
        "coordinates": [
          99.02447858942239,
          18.77396832007193
        ]
      }
    },
    {
      "type": "Feature",
      "properties": {
        "image_id": "CM_16",
        "instance_id": "CM_16_B048",
        "source_csv_line": 672,
        "sam_confidence_score": 0.8984375,
        "flood_affected": 1,
        "dino_water_contact_fraction": 0.2427381460914139,
        "nearest_reference_control_m": 13.105818540096351,
        "within_800m_of_reference_group": 1,
        "position_status": "approximate_within_800m",
        "georeferencing_method": "homography_all_references",
        "result_source": "current_attached_reference",
        "image_file": "CM_16.jpg"
      },
      "geometry": {
        "type": "Point",
        "coordinates": [
          99.02433441888535,
          18.773753838556626
        ]
      }
    },
    {
      "type": "Feature",
      "properties": {
        "image_id": "CM_16",
        "instance_id": "CM_16_B049",
        "source_csv_line": 673,
        "sam_confidence_score": 0.515625,
        "flood_affected": 1,
        "dino_water_contact_fraction": 0.5662831415707854,
        "nearest_reference_control_m": 15.101270730704716,
        "within_800m_of_reference_group": 1,
        "position_status": "approximate_within_800m",
        "georeferencing_method": "homography_all_references",
        "result_source": "current_attached_reference",
        "image_file": "CM_16.jpg"
      },
      "geometry": {
        "type": "Point",
        "coordinates": [
          99.0250920356391,
          18.77431185678147
        ]
      }
    },
    {
      "type": "Feature",
      "properties": {
        "image_id": "CM_16",
        "instance_id": "CM_16_B050",
        "source_csv_line": 674,
        "sam_confidence_score": 0.68359375,
        "flood_affected": 1,
        "dino_water_contact_fraction": 0.5198564056540274,
        "nearest_reference_control_m": 21.784338075719464,
        "within_800m_of_reference_group": 1,
        "position_status": "approximate_within_800m",
        "georeferencing_method": "homography_all_references",
        "result_source": "current_attached_reference",
        "image_file": "CM_16.jpg"
      },
      "geometry": {
        "type": "Point",
        "coordinates": [
          99.02483422552052,
          18.774089052791364
        ]
      }
    },
    {
      "type": "Feature",
      "properties": {
        "image_id": "CM_16",
        "instance_id": "CM_16_B051",
        "source_csv_line": 675,
        "sam_confidence_score": 0.78515625,
        "flood_affected": 1,
        "dino_water_contact_fraction": 0.3737907964921797,
        "nearest_reference_control_m": 8.399159198097033,
        "within_800m_of_reference_group": 1,
        "position_status": "approximate_within_800m",
        "georeferencing_method": "homography_all_references",
        "result_source": "current_attached_reference",
        "image_file": "CM_16.jpg"
      },
      "geometry": {
        "type": "Point",
        "coordinates": [
          99.02493808518014,
          18.774159015647648
        ]
      }
    },
    {
      "type": "Feature",
      "properties": {
        "image_id": "CM_16",
        "instance_id": "CM_16_B052",
        "source_csv_line": 676,
        "sam_confidence_score": 0.796875,
        "flood_affected": 1,
        "dino_water_contact_fraction": 0.3024721100033357,
        "nearest_reference_control_m": 31.893058755192083,
        "within_800m_of_reference_group": 1,
        "position_status": "approximate_within_800m",
        "georeferencing_method": "homography_all_references",
        "result_source": "current_attached_reference",
        "image_file": "CM_16.jpg"
      },
      "geometry": {
        "type": "Point",
        "coordinates": [
          99.02451584714692,
          18.773762870853034
        ]
      }
    },
    {
      "type": "Feature",
      "properties": {
        "image_id": "CM_16",
        "instance_id": "CM_16_B053",
        "source_csv_line": 677,
        "sam_confidence_score": 0.71875,
        "flood_affected": 1,
        "dino_water_contact_fraction": 0.1571909875763318,
        "nearest_reference_control_m": 11.609387286617165,
        "within_800m_of_reference_group": 1,
        "position_status": "approximate_within_800m",
        "georeferencing_method": "homography_all_references",
        "result_source": "current_attached_reference",
        "image_file": "CM_16.jpg"
      },
      "geometry": {
        "type": "Point",
        "coordinates": [
          99.02510885529027,
          18.774208195207795
        ]
      }
    },
    {
      "type": "Feature",
      "properties": {
        "image_id": "CM_16",
        "instance_id": "CM_16_B054",
        "source_csv_line": 678,
        "sam_confidence_score": 0.73828125,
        "flood_affected": 1,
        "dino_water_contact_fraction": 0.5512430504563096,
        "nearest_reference_control_m": 31.95288276589636,
        "within_800m_of_reference_group": 1,
        "position_status": "approximate_within_800m",
        "georeferencing_method": "homography_all_references",
        "result_source": "current_attached_reference",
        "image_file": "CM_16.jpg"
      },
      "geometry": {
        "type": "Point",
        "coordinates": [
          99.02423815681892,
          18.77349553102268
        ]
      }
    },
    {
      "type": "Feature",
      "properties": {
        "image_id": "CM_16",
        "instance_id": "CM_16_B055",
        "source_csv_line": 679,
        "sam_confidence_score": 0.5546875,
        "flood_affected": 1,
        "dino_water_contact_fraction": 0.8165332077249176,
        "nearest_reference_control_m": 26.597903788643478,
        "within_800m_of_reference_group": 1,
        "position_status": "approximate_within_800m",
        "georeferencing_method": "homography_all_references",
        "result_source": "current_attached_reference",
        "image_file": "CM_16.jpg"
      },
      "geometry": {
        "type": "Point",
        "coordinates": [
          99.02471418863435,
          18.773829636392538
        ]
      }
    },
    {
      "type": "Feature",
      "properties": {
        "image_id": "CM_16",
        "instance_id": "CM_16_B056",
        "source_csv_line": 680,
        "sam_confidence_score": 0.7421875,
        "flood_affected": 0,
        "dino_water_contact_fraction": 0.0615464184122058,
        "nearest_reference_control_m": 16.67485687615545,
        "within_800m_of_reference_group": 1,
        "position_status": "approximate_within_800m",
        "georeferencing_method": "homography_all_references",
        "result_source": "current_attached_reference",
        "image_file": "CM_16.jpg"
      },
      "geometry": {
        "type": "Point",
        "coordinates": [
          99.02506056622508,
          18.774069592896186
        ]
      }
    },
    {
      "type": "Feature",
      "properties": {
        "image_id": "CM_16",
        "instance_id": "CM_16_B057",
        "source_csv_line": 681,
        "sam_confidence_score": 0.8125,
        "flood_affected": 1,
        "dino_water_contact_fraction": 0.5772836860433967,
        "nearest_reference_control_m": 30.733291088831436,
        "within_800m_of_reference_group": 1,
        "position_status": "approximate_within_800m",
        "georeferencing_method": "homography_all_references",
        "result_source": "current_attached_reference",
        "image_file": "CM_16.jpg"
      },
      "geometry": {
        "type": "Point",
        "coordinates": [
          99.02467999959033,
          18.773746777637886
        ]
      }
    },
    {
      "type": "Feature",
      "properties": {
        "image_id": "CM_16",
        "instance_id": "CM_16_B058",
        "source_csv_line": 682,
        "sam_confidence_score": 0.79296875,
        "flood_affected": 1,
        "dino_water_contact_fraction": 0.4755631669081807,
        "nearest_reference_control_m": 15.29253282856981,
        "within_800m_of_reference_group": 1,
        "position_status": "approximate_within_800m",
        "georeferencing_method": "homography_all_references",
        "result_source": "current_attached_reference",
        "image_file": "CM_16.jpg"
      },
      "geometry": {
        "type": "Point",
        "coordinates": [
          99.02482812128117,
          18.773850023604943
        ]
      }
    },
    {
      "type": "Feature",
      "properties": {
        "image_id": "CM_16",
        "instance_id": "CM_16_B059",
        "source_csv_line": 683,
        "sam_confidence_score": 0.84375,
        "flood_affected": 1,
        "dino_water_contact_fraction": 0.4181156490093004,
        "nearest_reference_control_m": 19.19754606642863,
        "within_800m_of_reference_group": 1,
        "position_status": "approximate_within_800m",
        "georeferencing_method": "homography_all_references",
        "result_source": "current_attached_reference",
        "image_file": "CM_16.jpg"
      },
      "geometry": {
        "type": "Point",
        "coordinates": [
          99.02478585004168,
          18.773774368516122
        ]
      }
    },
    {
      "type": "Feature",
      "properties": {
        "image_id": "CM_16",
        "instance_id": "CM_16_B060",
        "source_csv_line": 684,
        "sam_confidence_score": 0.5859375,
        "flood_affected": 1,
        "dino_water_contact_fraction": 0.8490348602708153,
        "nearest_reference_control_m": 35.74700568289531,
        "within_800m_of_reference_group": 1,
        "position_status": "approximate_within_800m",
        "georeferencing_method": "homography_all_references",
        "result_source": "current_attached_reference",
        "image_file": "CM_16.jpg"
      },
      "geometry": {
        "type": "Point",
        "coordinates": [
          99.02466208558636,
          18.77365971983809
        ]
      }
    },
    {
      "type": "Feature",
      "properties": {
        "image_id": "CM_16",
        "instance_id": "CM_16_B061",
        "source_csv_line": 685,
        "sam_confidence_score": 0.65625,
        "flood_affected": 0,
        "dino_water_contact_fraction": 0.0638297872340425,
        "nearest_reference_control_m": 4.339384187243009,
        "within_800m_of_reference_group": 1,
        "position_status": "approximate_within_800m",
        "georeferencing_method": "homography_all_references",
        "result_source": "current_attached_reference",
        "image_file": "CM_16.jpg"
      },
      "geometry": {
        "type": "Point",
        "coordinates": [
          99.0249296466199,
          18.773824480670218
        ]
      }
    },
    {
      "type": "Feature",
      "properties": {
        "image_id": "CM_16",
        "instance_id": "CM_16_B062",
        "source_csv_line": 686,
        "sam_confidence_score": 0.6953125,
        "flood_affected": 1,
        "dino_water_contact_fraction": 0.7877075843177538,
        "nearest_reference_control_m": 45.961499514170285,
        "within_800m_of_reference_group": 1,
        "position_status": "approximate_within_800m",
        "georeferencing_method": "homography_all_references",
        "result_source": "current_attached_reference",
        "image_file": "CM_16.jpg"
      },
      "geometry": {
        "type": "Point",
        "coordinates": [
          99.02462039074743,
          18.77355037176888
        ]
      }
    },
    {
      "type": "Feature",
      "properties": {
        "image_id": "CM_16",
        "instance_id": "CM_16_B063",
        "source_csv_line": 687,
        "sam_confidence_score": 0.88671875,
        "flood_affected": 1,
        "dino_water_contact_fraction": 0.4570876288659793,
        "nearest_reference_control_m": 30.791235774341487,
        "within_800m_of_reference_group": 1,
        "position_status": "approximate_within_800m",
        "georeferencing_method": "homography_all_references",
        "result_source": "current_attached_reference",
        "image_file": "CM_16.jpg"
      },
      "geometry": {
        "type": "Point",
        "coordinates": [
          99.02474166258307,
          18.773625512760052
        ]
      }
    },
    {
      "type": "Feature",
      "properties": {
        "image_id": "CM_16",
        "instance_id": "CM_16_B064",
        "source_csv_line": 688,
        "sam_confidence_score": 0.7734375,
        "flood_affected": 1,
        "dino_water_contact_fraction": 0.5648768106428602,
        "nearest_reference_control_m": 58.11629933482256,
        "within_800m_of_reference_group": 1,
        "position_status": "approximate_within_800m",
        "georeferencing_method": "homography_all_references",
        "result_source": "current_attached_reference",
        "image_file": "CM_16.jpg"
      },
      "geometry": {
        "type": "Point",
        "coordinates": [
          99.02453251545921,
          18.77335463359431
        ]
      }
    },
    {
      "type": "Feature",
      "properties": {
        "image_id": "CM_16",
        "instance_id": "CM_16_B065",
        "source_csv_line": 689,
        "sam_confidence_score": 0.80078125,
        "flood_affected": 1,
        "dino_water_contact_fraction": 0.1692105263157894,
        "nearest_reference_control_m": 11.225460108570196,
        "within_800m_of_reference_group": 1,
        "position_status": "approximate_within_800m",
        "georeferencing_method": "homography_all_references",
        "result_source": "current_attached_reference",
        "image_file": "CM_16.jpg"
      },
      "geometry": {
        "type": "Point",
        "coordinates": [
          99.02506806006024,
          18.773778360599284
        ]
      }
    },
    {
      "type": "Feature",
      "properties": {
        "image_id": "CM_16",
        "instance_id": "CM_16_B066",
        "source_csv_line": 690,
        "sam_confidence_score": 0.86328125,
        "flood_affected": 1,
        "dino_water_contact_fraction": 0.196496868244554,
        "nearest_reference_control_m": 11.663421282112672,
        "within_800m_of_reference_group": 1,
        "position_status": "approximate_within_800m",
        "georeferencing_method": "homography_all_references",
        "result_source": "current_attached_reference",
        "image_file": "CM_16.jpg"
      },
      "geometry": {
        "type": "Point",
        "coordinates": [
          99.02498016940616,
          18.773700255902224
        ]
      }
    },
    {
      "type": "Feature",
      "properties": {
        "image_id": "CM_16",
        "instance_id": "CM_16_B067",
        "source_csv_line": 691,
        "sam_confidence_score": 0.8046875,
        "flood_affected": 0,
        "dino_water_contact_fraction": 0.0616635609012366,
        "nearest_reference_control_m": 38.43971873172291,
        "within_800m_of_reference_group": 1,
        "position_status": "approximate_within_800m",
        "georeferencing_method": "homography_all_references",
        "result_source": "current_attached_reference",
        "image_file": "CM_16.jpg"
      },
      "geometry": {
        "type": "Point",
        "coordinates": [
          99.02530509794968,
          18.773930705610876
        ]
      }
    },
    {
      "type": "Feature",
      "properties": {
        "image_id": "CM_16",
        "instance_id": "CM_16_B068",
        "source_csv_line": 692,
        "sam_confidence_score": 0.56640625,
        "flood_affected": 1,
        "dino_water_contact_fraction": 0.7056047876625618,
        "nearest_reference_control_m": 22.109131401684234,
        "within_800m_of_reference_group": 1,
        "position_status": "approximate_within_800m",
        "georeferencing_method": "homography_all_references",
        "result_source": "current_attached_reference",
        "image_file": "CM_16.jpg"
      },
      "geometry": {
        "type": "Point",
        "coordinates": [
          99.02498774686134,
          18.773606037240125
        ]
      }
    },
    {
      "type": "Feature",
      "properties": {
        "image_id": "CM_16",
        "instance_id": "CM_16_B069",
        "source_csv_line": 693,
        "sam_confidence_score": 0.62890625,
        "flood_affected": 0,
        "dino_water_contact_fraction": 0.0,
        "nearest_reference_control_m": 31.6057859997372,
        "within_800m_of_reference_group": 1,
        "position_status": "approximate_within_800m",
        "georeferencing_method": "homography_all_references",
        "result_source": "current_attached_reference",
        "image_file": "CM_16.jpg"
      },
      "geometry": {
        "type": "Point",
        "coordinates": [
          99.02526327268642,
          18.773836098989456
        ]
      }
    },
    {
      "type": "Feature",
      "properties": {
        "image_id": "CM_16",
        "instance_id": "CM_16_B070",
        "source_csv_line": 694,
        "sam_confidence_score": 0.58984375,
        "flood_affected": 0,
        "dino_water_contact_fraction": 0.0,
        "nearest_reference_control_m": 30.242893286455416,
        "within_800m_of_reference_group": 1,
        "position_status": "approximate_within_800m",
        "georeferencing_method": "homography_all_references",
        "result_source": "current_attached_reference",
        "image_file": "CM_16.jpg"
      },
      "geometry": {
        "type": "Point",
        "coordinates": [
          99.0252519982404,
          18.773813824273766
        ]
      }
    },
    {
      "type": "Feature",
      "properties": {
        "image_id": "CM_16",
        "instance_id": "CM_16_B071",
        "source_csv_line": 695,
        "sam_confidence_score": 0.81640625,
        "flood_affected": 0,
        "dino_water_contact_fraction": 0.0,
        "nearest_reference_control_m": 35.78531411117184,
        "within_800m_of_reference_group": 1,
        "position_status": "approximate_within_800m",
        "georeferencing_method": "homography_all_references",
        "result_source": "current_attached_reference",
        "image_file": "CM_16.jpg"
      },
      "geometry": {
        "type": "Point",
        "coordinates": [
          99.0253035907954,
          18.773831369571436
        ]
      }
    },
    {
      "type": "Feature",
      "properties": {
        "image_id": "CM_16",
        "instance_id": "CM_16_B072",
        "source_csv_line": 696,
        "sam_confidence_score": 0.8203125,
        "flood_affected": 1,
        "dino_water_contact_fraction": 0.3121619747607821,
        "nearest_reference_control_m": 59.50277399350563,
        "within_800m_of_reference_group": 1,
        "position_status": "approximate_within_800m",
        "georeferencing_method": "homography_all_references",
        "result_source": "current_attached_reference",
        "image_file": "CM_16.jpg"
      },
      "geometry": {
        "type": "Point",
        "coordinates": [
          99.02472453833748,
          18.773318223587207
        ]
      }
    },
    {
      "type": "Feature",
      "properties": {
        "image_id": "CM_16",
        "instance_id": "CM_16_B073",
        "source_csv_line": 697,
        "sam_confidence_score": 0.88671875,
        "flood_affected": 0,
        "dino_water_contact_fraction": 0.0,
        "nearest_reference_control_m": 28.27401109308367,
        "within_800m_of_reference_group": 1,
        "position_status": "approximate_within_800m",
        "georeferencing_method": "homography_all_references",
        "result_source": "current_attached_reference",
        "image_file": "CM_16.jpg"
      },
      "geometry": {
        "type": "Point",
        "coordinates": [
          99.02522441793788,
          18.77373885687511
        ]
      }
    },
    {
      "type": "Feature",
      "properties": {
        "image_id": "CM_16",
        "instance_id": "CM_16_B074",
        "source_csv_line": 698,
        "sam_confidence_score": 0.7578125,
        "flood_affected": 1,
        "dino_water_contact_fraction": 0.4667313556972553,
        "nearest_reference_control_m": 25.79298375822432,
        "within_800m_of_reference_group": 1,
        "position_status": "approximate_within_800m",
        "georeferencing_method": "homography_all_references",
        "result_source": "current_attached_reference",
        "image_file": "CM_16.jpg"
      },
      "geometry": {
        "type": "Point",
        "coordinates": [
          99.0251417226858,
          18.77364323471727
        ]
      }
    },
    {
      "type": "Feature",
      "properties": {
        "image_id": "CM_16",
        "instance_id": "CM_16_B075",
        "source_csv_line": 699,
        "sam_confidence_score": 0.64453125,
        "flood_affected": 1,
        "dino_water_contact_fraction": 0.9246945154873544,
        "nearest_reference_control_m": 28.129932869811242,
        "within_800m_of_reference_group": 1,
        "position_status": "approximate_within_800m",
        "georeferencing_method": "homography_all_references",
        "result_source": "current_attached_reference",
        "image_file": "CM_16.jpg"
      },
      "geometry": {
        "type": "Point",
        "coordinates": [
          99.02507041937349,
          18.77357105268741
        ]
      }
    },
    {
      "type": "Feature",
      "properties": {
        "image_id": "CM_17",
        "instance_id": "CM_17_B001",
        "source_csv_line": 700,
        "sam_confidence_score": 0.73828125,
        "flood_affected": 0,
        "dino_water_contact_fraction": 0.0,
        "nearest_reference_control_m": 30.811186287385134,
        "within_800m_of_reference_group": 1,
        "position_status": "approximate_within_800m",
        "georeferencing_method": "homography_all_references",
        "result_source": "current_attached_reference",
        "image_file": "CM_17.jpg"
      },
      "geometry": {
        "type": "Point",
        "coordinates": [
          99.02641490625194,
          18.772997250033164
        ]
      }
    },
    {
      "type": "Feature",
      "properties": {
        "image_id": "CM_17",
        "instance_id": "CM_17_B002",
        "source_csv_line": 701,
        "sam_confidence_score": 0.83203125,
        "flood_affected": 1,
        "dino_water_contact_fraction": 0.260043431053203,
        "nearest_reference_control_m": 22.64487637743819,
        "within_800m_of_reference_group": 1,
        "position_status": "approximate_within_800m",
        "georeferencing_method": "homography_all_references",
        "result_source": "current_attached_reference",
        "image_file": "CM_17.jpg"
      },
      "geometry": {
        "type": "Point",
        "coordinates": [
          99.02563753978282,
          18.773683665711268
        ]
      }
    },
    {
      "type": "Feature",
      "properties": {
        "image_id": "CM_17",
        "instance_id": "CM_17_B003",
        "source_csv_line": 702,
        "sam_confidence_score": 0.92578125,
        "flood_affected": 0,
        "dino_water_contact_fraction": 0.0412825240729358,
        "nearest_reference_control_m": 14.522959320521444,
        "within_800m_of_reference_group": 1,
        "position_status": "approximate_within_800m",
        "georeferencing_method": "homography_all_references",
        "result_source": "current_attached_reference",
        "image_file": "CM_17.jpg"
      },
      "geometry": {
        "type": "Point",
        "coordinates": [
          99.02628282405989,
          18.7730802329192
        ]
      }
    },
    {
      "type": "Feature",
      "properties": {
        "image_id": "CM_17",
        "instance_id": "CM_17_B004",
        "source_csv_line": 703,
        "sam_confidence_score": 0.87890625,
        "flood_affected": 0,
        "dino_water_contact_fraction": 0.0,
        "nearest_reference_control_m": 20.939566648602884,
        "within_800m_of_reference_group": 1,
        "position_status": "approximate_within_800m",
        "georeferencing_method": "homography_all_references",
        "result_source": "current_attached_reference",
        "image_file": "CM_17.jpg"
      },
      "geometry": {
        "type": "Point",
        "coordinates": [
          99.025257415374,
          18.77385483484465
        ]
      }
    },
    {
      "type": "Feature",
      "properties": {
        "image_id": "CM_17",
        "instance_id": "CM_17_B005",
        "source_csv_line": 704,
        "sam_confidence_score": 0.87890625,
        "flood_affected": 1,
        "dino_water_contact_fraction": 0.2441060453169434,
        "nearest_reference_control_m": 8.77914317132146,
        "within_800m_of_reference_group": 1,
        "position_status": "approximate_within_800m",
        "georeferencing_method": "homography_all_references",
        "result_source": "current_attached_reference",
        "image_file": "CM_17.jpg"
      },
      "geometry": {
        "type": "Point",
        "coordinates": [
          99.02582142745369,
          18.773221870527923
        ]
      }
    },
    {
      "type": "Feature",
      "properties": {
        "image_id": "CM_17",
        "instance_id": "CM_17_B006",
        "source_csv_line": 705,
        "sam_confidence_score": 0.8359375,
        "flood_affected": 1,
        "dino_water_contact_fraction": 0.0874763257575757,
        "nearest_reference_control_m": 31.63157573817341,
        "within_800m_of_reference_group": 1,
        "position_status": "approximate_within_800m",
        "georeferencing_method": "homography_all_references",
        "result_source": "current_attached_reference",
        "image_file": "CM_17.jpg"
      },
      "geometry": {
        "type": "Point",
        "coordinates": [
          99.02616309060618,
          18.772898958130543
        ]
      }
    },
    {
      "type": "Feature",
      "properties": {
        "image_id": "CM_17",
        "instance_id": "CM_17_B007",
        "source_csv_line": 706,
        "sam_confidence_score": 0.8671875,
        "flood_affected": 0,
        "dino_water_contact_fraction": 0.0035714285714285,
        "nearest_reference_control_m": 9.188429185553895,
        "within_800m_of_reference_group": 1,
        "position_status": "approximate_within_800m",
        "georeferencing_method": "homography_all_references",
        "result_source": "current_attached_reference",
        "image_file": "CM_17.jpg"
      },
      "geometry": {
        "type": "Point",
        "coordinates": [
          99.02520296756003,
          18.773761943422937
        ]
      }
    },
    {
      "type": "Feature",
      "properties": {
        "image_id": "CM_17",
        "instance_id": "CM_17_B008",
        "source_csv_line": 707,
        "sam_confidence_score": 0.734375,
        "flood_affected": 0,
        "dino_water_contact_fraction": 0.0,
        "nearest_reference_control_m": 6.846299638504776,
        "within_800m_of_reference_group": 1,
        "position_status": "approximate_within_800m",
        "georeferencing_method": "homography_all_references",
        "result_source": "current_attached_reference",
        "image_file": "CM_17.jpg"
      },
      "geometry": {
        "type": "Point",
        "coordinates": [
          99.02545745613864,
          18.77352053014256
        ]
      }
    },
    {
      "type": "Feature",
      "properties": {
        "image_id": "CM_17",
        "instance_id": "CM_17_B009",
        "source_csv_line": 708,
        "sam_confidence_score": 0.875,
        "flood_affected": 1,
        "dino_water_contact_fraction": 0.3809289348432627,
        "nearest_reference_control_m": 12.356530695285395,
        "within_800m_of_reference_group": 1,
        "position_status": "approximate_within_800m",
        "georeferencing_method": "homography_all_references",
        "result_source": "current_attached_reference",
        "image_file": "CM_17.jpg"
      },
      "geometry": {
        "type": "Point",
        "coordinates": [
          99.02592223699003,
          18.773094768197755
        ]
      }
    },
    {
      "type": "Feature",
      "properties": {
        "image_id": "CM_17",
        "instance_id": "CM_17_B010",
        "source_csv_line": 709,
        "sam_confidence_score": 0.625,
        "flood_affected": 0,
        "dino_water_contact_fraction": 0.0,
        "nearest_reference_control_m": 11.25413958592029,
        "within_800m_of_reference_group": 1,
        "position_status": "approximate_within_800m",
        "georeferencing_method": "homography_all_references",
        "result_source": "current_attached_reference",
        "image_file": "CM_17.jpg"
      },
      "geometry": {
        "type": "Point",
        "coordinates": [
          99.02525281794944,
          18.773654984224624
        ]
      }
    },
    {
      "type": "Feature",
      "properties": {
        "image_id": "CM_17",
        "instance_id": "CM_17_B011",
        "source_csv_line": 710,
        "sam_confidence_score": 0.51953125,
        "flood_affected": 1,
        "dino_water_contact_fraction": 0.4443478260869565,
        "nearest_reference_control_m": 10.107105894619727,
        "within_800m_of_reference_group": 1,
        "position_status": "approximate_within_800m",
        "georeferencing_method": "homography_all_references",
        "result_source": "current_attached_reference",
        "image_file": "CM_17.jpg"
      },
      "geometry": {
        "type": "Point",
        "coordinates": [
          99.0253599356101,
          18.773553457748996
        ]
      }
    },
    {
      "type": "Feature",
      "properties": {
        "image_id": "CM_17",
        "instance_id": "CM_17_B012",
        "source_csv_line": 711,
        "sam_confidence_score": 0.5078125,
        "flood_affected": 0,
        "dino_water_contact_fraction": 0.0,
        "nearest_reference_control_m": 16.951974540063425,
        "within_800m_of_reference_group": 1,
        "position_status": "approximate_within_800m",
        "georeferencing_method": "homography_all_references",
        "result_source": "current_attached_reference",
        "image_file": "CM_17.jpg"
      },
      "geometry": {
        "type": "Point",
        "coordinates": [
          99.02537392519753,
          18.77344762463995
        ]
      }
    },
    {
      "type": "Feature",
      "properties": {
        "image_id": "CM_17",
        "instance_id": "CM_17_B013",
        "source_csv_line": 712,
        "sam_confidence_score": 0.8359375,
        "flood_affected": 1,
        "dino_water_contact_fraction": 0.2214113811039515,
        "nearest_reference_control_m": 21.36052614698397,
        "within_800m_of_reference_group": 1,
        "position_status": "approximate_within_800m",
        "georeferencing_method": "homography_all_references",
        "result_source": "current_attached_reference",
        "image_file": "CM_17.jpg"
      },
      "geometry": {
        "type": "Point",
        "coordinates": [
          99.02571465047903,
          18.773133125659687
        ]
      }
    },
    {
      "type": "Feature",
      "properties": {
        "image_id": "CM_17",
        "instance_id": "CM_17_B014",
        "source_csv_line": 713,
        "sam_confidence_score": 0.87890625,
        "flood_affected": 1,
        "dino_water_contact_fraction": 0.1351247600767754,
        "nearest_reference_control_m": 5.660560959086413,
        "within_800m_of_reference_group": 1,
        "position_status": "approximate_within_800m",
        "georeferencing_method": "homography_all_references",
        "result_source": "current_attached_reference",
        "image_file": "CM_17.jpg"
      },
      "geometry": {
        "type": "Point",
        "coordinates": [
          99.02513040660808,
          18.773647294162096
        ]
      }
    },
    {
      "type": "Feature",
      "properties": {
        "image_id": "CM_17",
        "instance_id": "CM_17_B015",
        "source_csv_line": 714,
        "sam_confidence_score": 0.87890625,
        "flood_affected": 1,
        "dino_water_contact_fraction": 0.1800840240717611,
        "nearest_reference_control_m": 23.18939365756185,
        "within_800m_of_reference_group": 1,
        "position_status": "approximate_within_800m",
        "georeferencing_method": "homography_all_references",
        "result_source": "current_attached_reference",
        "image_file": "CM_17.jpg"
      },
      "geometry": {
        "type": "Point",
        "coordinates": [
          99.02582784519667,
          18.77300785209933
        ]
      }
    },
    {
      "type": "Feature",
      "properties": {
        "image_id": "CM_17",
        "instance_id": "CM_17_B016",
        "source_csv_line": 715,
        "sam_confidence_score": 0.875,
        "flood_affected": 1,
        "dino_water_contact_fraction": 0.228414669361825,
        "nearest_reference_control_m": 41.84566747707754,
        "within_800m_of_reference_group": 1,
        "position_status": "approximate_within_800m",
        "georeferencing_method": "homography_all_references",
        "result_source": "current_attached_reference",
        "image_file": "CM_17.jpg"
      },
      "geometry": {
        "type": "Point",
        "coordinates": [
          99.0260005439317,
          18.772838341799428
        ]
      }
    },
    {
      "type": "Feature",
      "properties": {
        "image_id": "CM_17",
        "instance_id": "CM_17_B017",
        "source_csv_line": 716,
        "sam_confidence_score": 0.69921875,
        "flood_affected": 1,
        "dino_water_contact_fraction": 0.3975825598963954,
        "nearest_reference_control_m": 23.223618260161167,
        "within_800m_of_reference_group": 1,
        "position_status": "approximate_within_800m",
        "georeferencing_method": "homography_all_references",
        "result_source": "current_attached_reference",
        "image_file": "CM_17.jpg"
      },
      "geometry": {
        "type": "Point",
        "coordinates": [
          99.0252807316239,
          18.773448865429394
        ]
      }
    },
    {
      "type": "Feature",
      "properties": {
        "image_id": "CM_17",
        "instance_id": "CM_17_B018",
        "source_csv_line": 717,
        "sam_confidence_score": 0.69921875,
        "flood_affected": 1,
        "dino_water_contact_fraction": 0.167487684729064,
        "nearest_reference_control_m": 18.567101353381275,
        "within_800m_of_reference_group": 1,
        "position_status": "approximate_within_800m",
        "georeferencing_method": "homography_all_references",
        "result_source": "current_attached_reference",
        "image_file": "CM_17.jpg"
      },
      "geometry": {
        "type": "Point",
        "coordinates": [
          99.02505658475785,
          18.773553417346054
        ]
      }
    },
    {
      "type": "Feature",
      "properties": {
        "image_id": "CM_17",
        "instance_id": "CM_17_B019",
        "source_csv_line": 718,
        "sam_confidence_score": 0.859375,
        "flood_affected": 1,
        "dino_water_contact_fraction": 0.0870092324909073,
        "nearest_reference_control_m": 21.85932778481125,
        "within_800m_of_reference_group": 1,
        "position_status": "approximate_within_800m",
        "georeferencing_method": "homography_all_references",
        "result_source": "current_attached_reference",
        "image_file": "CM_17.jpg"
      },
      "geometry": {
        "type": "Point",
        "coordinates": [
          99.02526330923281,
          18.773366320408176
        ]
      }
    },
    {
      "type": "Feature",
      "properties": {
        "image_id": "CM_17",
        "instance_id": "CM_17_B020",
        "source_csv_line": 719,
        "sam_confidence_score": 0.8046875,
        "flood_affected": 0,
        "dino_water_contact_fraction": 0.0771471527908287,
        "nearest_reference_control_m": 23.69115820575451,
        "within_800m_of_reference_group": 1,
        "position_status": "approximate_within_800m",
        "georeferencing_method": "homography_all_references",
        "result_source": "current_attached_reference",
        "image_file": "CM_17.jpg"
      },
      "geometry": {
        "type": "Point",
        "coordinates": [
          99.0256249759889,
          18.773024086321048
        ]
      }
    },
    {
      "type": "Feature",
      "properties": {
        "image_id": "CM_17",
        "instance_id": "CM_17_B021",
        "source_csv_line": 720,
        "sam_confidence_score": 0.85546875,
        "flood_affected": 0,
        "dino_water_contact_fraction": 0.0373932778558305,
        "nearest_reference_control_m": 32.03772588483653,
        "within_800m_of_reference_group": 1,
        "position_status": "approximate_within_800m",
        "georeferencing_method": "homography_all_references",
        "result_source": "current_attached_reference",
        "image_file": "CM_17.jpg"
      },
      "geometry": {
        "type": "Point",
        "coordinates": [
          99.02572498073127,
          18.7729322740741
        ]
      }
    },
    {
      "type": "Feature",
      "properties": {
        "image_id": "CM_17",
        "instance_id": "CM_17_B022",
        "source_csv_line": 721,
        "sam_confidence_score": 0.54296875,
        "flood_affected": 1,
        "dino_water_contact_fraction": 0.2037521815008726,
        "nearest_reference_control_m": 15.831988126375752,
        "within_800m_of_reference_group": 1,
        "position_status": "approximate_within_800m",
        "georeferencing_method": "homography_all_references",
        "result_source": "current_attached_reference",
        "image_file": "CM_17.jpg"
      },
      "geometry": {
        "type": "Point",
        "coordinates": [
          99.02552591573786,
          18.773036507431236
        ]
      }
    },
    {
      "type": "Feature",
      "properties": {
        "image_id": "CM_17",
        "instance_id": "CM_17_B023",
        "source_csv_line": 722,
        "sam_confidence_score": 0.859375,
        "flood_affected": 1,
        "dino_water_contact_fraction": 0.6387931934439921,
        "nearest_reference_control_m": 23.149336512741254,
        "within_800m_of_reference_group": 1,
        "position_status": "approximate_within_800m",
        "georeferencing_method": "homography_all_references",
        "result_source": "current_attached_reference",
        "image_file": "CM_17.jpg"
      },
      "geometry": {
        "type": "Point",
        "coordinates": [
          99.02498584368341,
          18.77343373779455
        ]
      }
    },
    {
      "type": "Feature",
      "properties": {
        "image_id": "CM_17",
        "instance_id": "CM_17_B024",
        "source_csv_line": 723,
        "sam_confidence_score": 0.71875,
        "flood_affected": 1,
        "dino_water_contact_fraction": 0.3714842515537764,
        "nearest_reference_control_m": 6.8755714356227475,
        "within_800m_of_reference_group": 1,
        "position_status": "approximate_within_800m",
        "georeferencing_method": "homography_all_references",
        "result_source": "current_attached_reference",
        "image_file": "CM_17.jpg"
      },
      "geometry": {
        "type": "Point",
        "coordinates": [
          99.02515650800841,
          18.773270518882835
        ]
      }
    },
    {
      "type": "Feature",
      "properties": {
        "image_id": "CM_17",
        "instance_id": "CM_17_B025",
        "source_csv_line": 724,
        "sam_confidence_score": 0.88671875,
        "flood_affected": 0,
        "dino_water_contact_fraction": 0.0068728522336769,
        "nearest_reference_control_m": 23.680026096089207,
        "within_800m_of_reference_group": 1,
        "position_status": "approximate_within_800m",
        "georeferencing_method": "homography_all_references",
        "result_source": "current_attached_reference",
        "image_file": "CM_17.jpg"
      },
      "geometry": {
        "type": "Point",
        "coordinates": [
          99.02562390867104,
          18.772842184607427
        ]
      }
    },
    {
      "type": "Feature",
      "properties": {
        "image_id": "CM_17",
        "instance_id": "CM_17_B026",
        "source_csv_line": 725,
        "sam_confidence_score": 0.80859375,
        "flood_affected": 1,
        "dino_water_contact_fraction": 0.1543110394842868,
        "nearest_reference_control_m": 9.872032506727582,
        "within_800m_of_reference_group": 1,
        "position_status": "approximate_within_800m",
        "georeferencing_method": "homography_all_references",
        "result_source": "current_attached_reference",
        "image_file": "CM_17.jpg"
      },
      "geometry": {
        "type": "Point",
        "coordinates": [
          99.02551461448536,
          18.772937165810035
        ]
      }
    },
    {
      "type": "Feature",
      "properties": {
        "image_id": "CM_17",
        "instance_id": "CM_17_B027",
        "source_csv_line": 726,
        "sam_confidence_score": 0.65234375,
        "flood_affected": 1,
        "dino_water_contact_fraction": 0.3322597268745169,
        "nearest_reference_control_m": 3.975774248939852,
        "within_800m_of_reference_group": 1,
        "position_status": "approximate_within_800m",
        "georeferencing_method": "homography_all_references",
        "result_source": "current_attached_reference",
        "image_file": "CM_17.jpg"
      },
      "geometry": {
        "type": "Point",
        "coordinates": [
          99.02508434907122,
          18.77321713999844
        ]
      }
    },
    {
      "type": "Feature",
      "properties": {
        "image_id": "CM_17",
        "instance_id": "CM_17_B028",
        "source_csv_line": 727,
        "sam_confidence_score": 0.62109375,
        "flood_affected": 1,
        "dino_water_contact_fraction": 0.4138634580172639,
        "nearest_reference_control_m": 10.007135516607006,
        "within_800m_of_reference_group": 1,
        "position_status": "approximate_within_800m",
        "georeferencing_method": "homography_all_references",
        "result_source": "current_attached_reference",
        "image_file": "CM_17.jpg"
      },
      "geometry": {
        "type": "Point",
        "coordinates": [
          99.02505888359089,
          18.773167883402337
        ]
      }
    },
    {
      "type": "Feature",
      "properties": {
        "image_id": "CM_17",
        "instance_id": "CM_17_B029",
        "source_csv_line": 728,
        "sam_confidence_score": 0.73046875,
        "flood_affected": 1,
        "dino_water_contact_fraction": 0.4012718258245311,
        "nearest_reference_control_m": 24.167913337507763,
        "within_800m_of_reference_group": 1,
        "position_status": "approximate_within_800m",
        "georeferencing_method": "homography_all_references",
        "result_source": "current_attached_reference",
        "image_file": "CM_17.jpg"
      },
      "geometry": {
        "type": "Point",
        "coordinates": [
          99.02552871201844,
          18.772741268131316
        ]
      }
    },
    {
      "type": "Feature",
      "properties": {
        "image_id": "CM_17",
        "instance_id": "CM_17_B030",
        "source_csv_line": 729,
        "sam_confidence_score": 0.7890625,
        "flood_affected": 1,
        "dino_water_contact_fraction": 0.8517641754029985,
        "nearest_reference_control_m": 22.447422996757062,
        "within_800m_of_reference_group": 1,
        "position_status": "approximate_within_800m",
        "georeferencing_method": "homography_all_references",
        "result_source": "current_attached_reference",
        "image_file": "CM_17.jpg"
      },
      "geometry": {
        "type": "Point",
        "coordinates": [
          99.0248901145459,
          18.77330952996357
        ]
      }
    },
    {
      "type": "Feature",
      "properties": {
        "image_id": "CM_17",
        "instance_id": "CM_17_B031",
        "source_csv_line": 730,
        "sam_confidence_score": 0.79296875,
        "flood_affected": 1,
        "dino_water_contact_fraction": 0.4219458914468156,
        "nearest_reference_control_m": 10.56961857157694,
        "within_800m_of_reference_group": 1,
        "position_status": "approximate_within_800m",
        "georeferencing_method": "homography_all_references",
        "result_source": "current_attached_reference",
        "image_file": "CM_17.jpg"
      },
      "geometry": {
        "type": "Point",
        "coordinates": [
          99.02541821546447,
          18.772838609613697
        ]
      }
    },
    {
      "type": "Feature",
      "properties": {
        "image_id": "CM_17",
        "instance_id": "CM_17_B032",
        "source_csv_line": 731,
        "sam_confidence_score": 0.68359375,
        "flood_affected": 1,
        "dino_water_contact_fraction": 0.7958987063033306,
        "nearest_reference_control_m": 32.285297613153844,
        "within_800m_of_reference_group": 1,
        "position_status": "approximate_within_800m",
        "georeferencing_method": "homography_all_references",
        "result_source": "current_attached_reference",
        "image_file": "CM_17.jpg"
      },
      "geometry": {
        "type": "Point",
        "coordinates": [
          99.02481597047839,
          18.77312991238976
        ]
      }
    },
    {
      "type": "Feature",
      "properties": {
        "image_id": "CM_17",
        "instance_id": "CM_17_B033",
        "source_csv_line": 732,
        "sam_confidence_score": 0.59375,
        "flood_affected": 1,
        "dino_water_contact_fraction": 0.8791176470588236,
        "nearest_reference_control_m": 38.4293810500858,
        "within_800m_of_reference_group": 1,
        "position_status": "approximate_within_800m",
        "georeferencing_method": "homography_all_references",
        "result_source": "current_attached_reference",
        "image_file": "CM_17.jpg"
      },
      "geometry": {
        "type": "Point",
        "coordinates": [
          99.02542020992864,
          18.772586779693345
        ]
      }
    },
    {
      "type": "Feature",
      "properties": {
        "image_id": "CM_17",
        "instance_id": "CM_17_B034",
        "source_csv_line": 733,
        "sam_confidence_score": 0.62109375,
        "flood_affected": 1,
        "dino_water_contact_fraction": 0.939718375421855,
        "nearest_reference_control_m": 30.963609171039632,
        "within_800m_of_reference_group": 1,
        "position_status": "approximate_within_800m",
        "georeferencing_method": "homography_all_references",
        "result_source": "current_attached_reference",
        "image_file": "CM_17.jpg"
      },
      "geometry": {
        "type": "Point",
        "coordinates": [
          99.02493086307229,
          18.773019252046687
        ]
      }
    },
    {
      "type": "Feature",
      "properties": {
        "image_id": "CM_17",
        "instance_id": "CM_17_B035",
        "source_csv_line": 734,
        "sam_confidence_score": 0.6796875,
        "flood_affected": 0,
        "dino_water_contact_fraction": 0.0582773607269853,
        "nearest_reference_control_m": 30.494663761140142,
        "within_800m_of_reference_group": 1,
        "position_status": "approximate_within_800m",
        "georeferencing_method": "homography_all_references",
        "result_source": "current_attached_reference",
        "image_file": "CM_17.jpg"
      },
      "geometry": {
        "type": "Point",
        "coordinates": [
          99.02517445507428,
          18.772789842776934
        ]
      }
    },
    {
      "type": "Feature",
      "properties": {
        "image_id": "CM_20",
        "instance_id": "CM_20_B001",
        "source_csv_line": 810,
        "sam_confidence_score": 0.81640625,
        "flood_affected": 0,
        "dino_water_contact_fraction": 0.0,
        "nearest_reference_control_m": 211.12902735775893,
        "within_800m_of_reference_group": 1,
        "position_status": "approximate_within_800m",
        "georeferencing_method": "homography_all_references",
        "result_source": "current_attached_reference",
        "image_file": "CM_20.jpg"
      },
      "geometry": {
        "type": "Point",
        "coordinates": [
          98.98685654207466,
          18.841181804809434
        ]
      }
    },
    {
      "type": "Feature",
      "properties": {
        "image_id": "CM_20",
        "instance_id": "CM_20_B002",
        "source_csv_line": 811,
        "sam_confidence_score": 0.6171875,
        "flood_affected": 0,
        "dino_water_contact_fraction": 0.0,
        "nearest_reference_control_m": 5.0872148572520945,
        "within_800m_of_reference_group": 1,
        "position_status": "approximate_within_800m",
        "georeferencing_method": "homography_all_references",
        "result_source": "current_attached_reference",
        "image_file": "CM_20.jpg"
      },
      "geometry": {
        "type": "Point",
        "coordinates": [
          98.98917735511462,
          18.844135281906897
        ]
      }
    },
    {
      "type": "Feature",
      "properties": {
        "image_id": "CM_20",
        "instance_id": "CM_20_B003",
        "source_csv_line": 812,
        "sam_confidence_score": 0.54296875,
        "flood_affected": 0,
        "dino_water_contact_fraction": 0.0,
        "nearest_reference_control_m": 152.60369945646582,
        "within_800m_of_reference_group": 1,
        "position_status": "approximate_within_800m",
        "georeferencing_method": "homography_all_references",
        "result_source": "current_attached_reference",
        "image_file": "CM_20.jpg"
      },
      "geometry": {
        "type": "Point",
        "coordinates": [
          98.98800620915415,
          18.843358722068892
        ]
      }
    },
    {
      "type": "Feature",
      "properties": {
        "image_id": "CM_20",
        "instance_id": "CM_20_B004",
        "source_csv_line": 813,
        "sam_confidence_score": 0.84375,
        "flood_affected": 0,
        "dino_water_contact_fraction": 0.0,
        "nearest_reference_control_m": 145.8767967494829,
        "within_800m_of_reference_group": 1,
        "position_status": "approximate_within_800m",
        "georeferencing_method": "homography_all_references",
        "result_source": "current_attached_reference",
        "image_file": "CM_20.jpg"
      },
      "geometry": {
        "type": "Point",
        "coordinates": [
          98.98623957669243,
          18.84128307059694
        ]
      }
    },
    {
      "type": "Feature",
      "properties": {
        "image_id": "CM_20",
        "instance_id": "CM_20_B005",
        "source_csv_line": 814,
        "sam_confidence_score": 0.57421875,
        "flood_affected": 1,
        "dino_water_contact_fraction": 0.1040623260990539,
        "nearest_reference_control_m": 79.01677359272125,
        "within_800m_of_reference_group": 1,
        "position_status": "approximate_within_800m",
        "georeferencing_method": "homography_all_references",
        "result_source": "current_attached_reference",
        "image_file": "CM_20.jpg"
      },
      "geometry": {
        "type": "Point",
        "coordinates": [
          98.9855962512823,
          18.84138442204305
        ]
      }
    },
    {
      "type": "Feature",
      "properties": {
        "image_id": "CM_20",
        "instance_id": "CM_20_B006",
        "source_csv_line": 815,
        "sam_confidence_score": 0.50390625,
        "flood_affected": 0,
        "dino_water_contact_fraction": 0.0,
        "nearest_reference_control_m": 90.48660074411441,
        "within_800m_of_reference_group": 1,
        "position_status": "approximate_within_800m",
        "georeferencing_method": "homography_all_references",
        "result_source": "current_attached_reference",
        "image_file": "CM_20.jpg"
      },
      "geometry": {
        "type": "Point",
        "coordinates": [
          98.98794378794679,
          18.844268321633738
        ]
      }
    },
    {
      "type": "Feature",
      "properties": {
        "image_id": "CM_20",
        "instance_id": "CM_20_B007",
        "source_csv_line": 816,
        "sam_confidence_score": 0.7421875,
        "flood_affected": 0,
        "dino_water_contact_fraction": 0.0,
        "nearest_reference_control_m": 96.40008911910121,
        "within_800m_of_reference_group": 1,
        "position_status": "approximate_within_800m",
        "georeferencing_method": "homography_all_references",
        "result_source": "current_attached_reference",
        "image_file": "CM_20.jpg"
      },
      "geometry": {
        "type": "Point",
        "coordinates": [
          98.987807669346,
          18.84414843072535
        ]
      }
    },
    {
      "type": "Feature",
      "properties": {
        "image_id": "CM_20",
        "instance_id": "CM_20_B008",
        "source_csv_line": 817,
        "sam_confidence_score": 0.515625,
        "flood_affected": 0,
        "dino_water_contact_fraction": 0.0,
        "nearest_reference_control_m": 128.38080140658792,
        "within_800m_of_reference_group": 1,
        "position_status": "approximate_within_800m",
        "georeferencing_method": "homography_all_references",
        "result_source": "current_attached_reference",
        "image_file": "CM_20.jpg"
      },
      "geometry": {
        "type": "Point",
        "coordinates": [
          98.98740825790745,
          18.843693331752185
        ]
      }
    },
    {
      "type": "Feature",
      "properties": {
        "image_id": "CM_20",
        "instance_id": "CM_20_B009",
        "source_csv_line": 818,
        "sam_confidence_score": 0.82421875,
        "flood_affected": 0,
        "dino_water_contact_fraction": 0.0,
        "nearest_reference_control_m": 72.60141157886346,
        "within_800m_of_reference_group": 1,
        "position_status": "approximate_within_800m",
        "georeferencing_method": "homography_all_references",
        "result_source": "current_attached_reference",
        "image_file": "CM_20.jpg"
      },
      "geometry": {
        "type": "Point",
        "coordinates": [
          98.98784768316573,
          18.844402010998255
        ]
      }
    },
    {
      "type": "Feature",
      "properties": {
        "image_id": "CM_20",
        "instance_id": "CM_20_B010",
        "source_csv_line": 819,
        "sam_confidence_score": 0.74609375,
        "flood_affected": 0,
        "dino_water_contact_fraction": 0.0,
        "nearest_reference_control_m": 85.89562438032252,
        "within_800m_of_reference_group": 1,
        "position_status": "approximate_within_800m",
        "georeferencing_method": "homography_all_references",
        "result_source": "current_attached_reference",
        "image_file": "CM_20.jpg"
      },
      "geometry": {
        "type": "Point",
        "coordinates": [
          98.98550908084535,
          18.84173935581617
        ]
      }
    },
    {
      "type": "Feature",
      "properties": {
        "image_id": "CM_20",
        "instance_id": "CM_20_B011",
        "source_csv_line": 820,
        "sam_confidence_score": 0.79296875,
        "flood_affected": 1,
        "dino_water_contact_fraction": 0.2796809009854528,
        "nearest_reference_control_m": 65.08201118880044,
        "within_800m_of_reference_group": 1,
        "position_status": "approximate_within_800m",
        "georeferencing_method": "homography_all_references",
        "result_source": "current_attached_reference",
        "image_file": "CM_20.jpg"
      },
      "geometry": {
        "type": "Point",
        "coordinates": [
          98.98537990582894,
          18.84158601100674
        ]
      }
    },
    {
      "type": "Feature",
      "properties": {
        "image_id": "CM_20",
        "instance_id": "CM_20_B012",
        "source_csv_line": 821,
        "sam_confidence_score": 0.80078125,
        "flood_affected": 0,
        "dino_water_contact_fraction": 0.0,
        "nearest_reference_control_m": 116.32224698357513,
        "within_800m_of_reference_group": 1,
        "position_status": "approximate_within_800m",
        "georeferencing_method": "homography_all_references",
        "result_source": "current_attached_reference",
        "image_file": "CM_20.jpg"
      },
      "geometry": {
        "type": "Point",
        "coordinates": [
          98.98562618799858,
          18.842028292411804
        ]
      }
    },
    {
      "type": "Feature",
      "properties": {
        "image_id": "CM_20",
        "instance_id": "CM_20_B013",
        "source_csv_line": 822,
        "sam_confidence_score": 0.6015625,
        "flood_affected": 0,
        "dino_water_contact_fraction": 0.0,
        "nearest_reference_control_m": 121.83732476503725,
        "within_800m_of_reference_group": 1,
        "position_status": "approximate_within_800m",
        "georeferencing_method": "homography_all_references",
        "result_source": "current_attached_reference",
        "image_file": "CM_20.jpg"
      },
      "geometry": {
        "type": "Point",
        "coordinates": [
          98.98571578359031,
          18.84234424928326
        ]
      }
    },
    {
      "type": "Feature",
      "properties": {
        "image_id": "CM_20",
        "instance_id": "CM_20_B014",
        "source_csv_line": 823,
        "sam_confidence_score": 0.80859375,
        "flood_affected": 0,
        "dino_water_contact_fraction": 0.029806259314456,
        "nearest_reference_control_m": 45.705900043112365,
        "within_800m_of_reference_group": 1,
        "position_status": "approximate_within_800m",
        "georeferencing_method": "homography_all_references",
        "result_source": "current_attached_reference",
        "image_file": "CM_20.jpg"
      },
      "geometry": {
        "type": "Point",
        "coordinates": [
          98.98751086302468,
          18.844556605700006
        ]
      }
    },
    {
      "type": "Feature",
      "properties": {
        "image_id": "CM_20",
        "instance_id": "CM_20_B015",
        "source_csv_line": 824,
        "sam_confidence_score": 0.89453125,
        "flood_affected": 1,
        "dino_water_contact_fraction": 0.1535749265426053,
        "nearest_reference_control_m": 8.662395718972327,
        "within_800m_of_reference_group": 1,
        "position_status": "approximate_within_800m",
        "georeferencing_method": "homography_all_references",
        "result_source": "current_attached_reference",
        "image_file": "CM_20.jpg"
      },
      "geometry": {
        "type": "Point",
        "coordinates": [
          98.98482432806945,
          18.841348676819063
        ]
      }
    },
    {
      "type": "Feature",
      "properties": {
        "image_id": "CM_20",
        "instance_id": "CM_20_B016",
        "source_csv_line": 825,
        "sam_confidence_score": 0.6484375,
        "flood_affected": 1,
        "dino_water_contact_fraction": 0.0873377762188705,
        "nearest_reference_control_m": 58.16475271002052,
        "within_800m_of_reference_group": 1,
        "position_status": "approximate_within_800m",
        "georeferencing_method": "homography_all_references",
        "result_source": "current_attached_reference",
        "image_file": "CM_20.jpg"
      },
      "geometry": {
        "type": "Point",
        "coordinates": [
          98.98506992756099,
          18.84176017703162
        ]
      }
    },
    {
      "type": "Feature",
      "properties": {
        "image_id": "CM_20",
        "instance_id": "CM_20_B017",
        "source_csv_line": 826,
        "sam_confidence_score": 0.83203125,
        "flood_affected": 0,
        "dino_water_contact_fraction": 0.0,
        "nearest_reference_control_m": 108.35651671525736,
        "within_800m_of_reference_group": 1,
        "position_status": "approximate_within_800m",
        "georeferencing_method": "homography_all_references",
        "result_source": "current_attached_reference",
        "image_file": "CM_20.jpg"
      },
      "geometry": {
        "type": "Point",
        "coordinates": [
          98.98530617892396,
          18.84215601425298
        ]
      }
    },
    {
      "type": "Feature",
      "properties": {
        "image_id": "CM_20",
        "instance_id": "CM_20_B018",
        "source_csv_line": 827,
        "sam_confidence_score": 0.69921875,
        "flood_affected": 0,
        "dino_water_contact_fraction": 0.0,
        "nearest_reference_control_m": 109.2277434995281,
        "within_800m_of_reference_group": 1,
        "position_status": "approximate_within_800m",
        "georeferencing_method": "homography_all_references",
        "result_source": "current_attached_reference",
        "image_file": "CM_20.jpg"
      },
      "geometry": {
        "type": "Point",
        "coordinates": [
          98.98546569974974,
          18.842354837137858
        ]
      }
    },
    {
      "type": "Feature",
      "properties": {
        "image_id": "CM_20",
        "instance_id": "CM_20_B019",
        "source_csv_line": 828,
        "sam_confidence_score": 0.72265625,
        "flood_affected": 1,
        "dino_water_contact_fraction": 0.0909090909090909,
        "nearest_reference_control_m": 92.93052978591956,
        "within_800m_of_reference_group": 1,
        "position_status": "approximate_within_800m",
        "georeferencing_method": "homography_all_references",
        "result_source": "current_attached_reference",
        "image_file": "CM_20.jpg"
      },
      "geometry": {
        "type": "Point",
        "coordinates": [
          98.98564392754005,
          18.842613766281687
        ]
      }
    },
    {
      "type": "Feature",
      "properties": {
        "image_id": "CM_20",
        "instance_id": "CM_20_B020",
        "source_csv_line": 829,
        "sam_confidence_score": 0.75390625,
        "flood_affected": 1,
        "dino_water_contact_fraction": 0.223257698541329,
        "nearest_reference_control_m": 80.11375384131634,
        "within_800m_of_reference_group": 1,
        "position_status": "approximate_within_800m",
        "georeferencing_method": "homography_all_references",
        "result_source": "current_attached_reference",
        "image_file": "CM_20.jpg"
      },
      "geometry": {
        "type": "Point",
        "coordinates": [
          98.98491522412249,
          18.841997773570316
        ]
      }
    },
    {
      "type": "Feature",
      "properties": {
        "image_id": "CM_20",
        "instance_id": "CM_20_B021",
        "source_csv_line": 830,
        "sam_confidence_score": 0.6796875,
        "flood_affected": 0,
        "dino_water_contact_fraction": 0.054602510460251,
        "nearest_reference_control_m": 16.934298216229575,
        "within_800m_of_reference_group": 1,
        "position_status": "approximate_within_800m",
        "georeferencing_method": "homography_all_references",
        "result_source": "current_attached_reference",
        "image_file": "CM_20.jpg"
      },
      "geometry": {
        "type": "Point",
        "coordinates": [
          98.98734147747551,
          18.84497933193923
        ]
      }
    },
    {
      "type": "Feature",
      "properties": {
        "image_id": "CM_20",
        "instance_id": "CM_20_B022",
        "source_csv_line": 831,
        "sam_confidence_score": 0.8671875,
        "flood_affected": 0,
        "dino_water_contact_fraction": 0.0,
        "nearest_reference_control_m": 82.71185247357586,
        "within_800m_of_reference_group": 1,
        "position_status": "approximate_within_800m",
        "georeferencing_method": "homography_all_references",
        "result_source": "current_attached_reference",
        "image_file": "CM_20.jpg"
      },
      "geometry": {
        "type": "Point",
        "coordinates": [
          98.98513700145527,
          18.842513149023954
        ]
      }
    },
    {
      "type": "Feature",
      "properties": {
        "image_id": "CM_20",
        "instance_id": "CM_20_B023",
        "source_csv_line": 832,
        "sam_confidence_score": 0.66796875,
        "flood_affected": 1,
        "dino_water_contact_fraction": 0.0874651810584958,
        "nearest_reference_control_m": 7.7912606710288985,
        "within_800m_of_reference_group": 1,
        "position_status": "approximate_within_800m",
        "georeferencing_method": "homography_all_references",
        "result_source": "current_attached_reference",
        "image_file": "CM_20.jpg"
      },
      "geometry": {
        "type": "Point",
        "coordinates": [
          98.98612718588356,
          18.843762916768533
        ]
      }
    },
    {
      "type": "Feature",
      "properties": {
        "image_id": "CM_20",
        "instance_id": "CM_20_B024",
        "source_csv_line": 833,
        "sam_confidence_score": 0.796875,
        "flood_affected": 1,
        "dino_water_contact_fraction": 0.1514301738642737,
        "nearest_reference_control_m": 35.96841619680931,
        "within_800m_of_reference_group": 1,
        "position_status": "approximate_within_800m",
        "georeferencing_method": "homography_all_references",
        "result_source": "current_attached_reference",
        "image_file": "CM_20.jpg"
      },
      "geometry": {
        "type": "Point",
        "coordinates": [
          98.98530472832945,
          18.84301527694236
        ]
      }
    },
    {
      "type": "Feature",
      "properties": {
        "image_id": "CM_20",
        "instance_id": "CM_20_B025",
        "source_csv_line": 834,
        "sam_confidence_score": 0.859375,
        "flood_affected": 0,
        "dino_water_contact_fraction": 0.0,
        "nearest_reference_control_m": 59.80334599790703,
        "within_800m_of_reference_group": 1,
        "position_status": "approximate_within_800m",
        "georeferencing_method": "homography_all_references",
        "result_source": "current_attached_reference",
        "image_file": "CM_20.jpg"
      },
      "geometry": {
        "type": "Point",
        "coordinates": [
          98.98476683326824,
          18.842397199569024
        ]
      }
    },
    {
      "type": "Feature",
      "properties": {
        "image_id": "CM_20",
        "instance_id": "CM_20_B026",
        "source_csv_line": 835,
        "sam_confidence_score": 0.84375,
        "flood_affected": 1,
        "dino_water_contact_fraction": 0.1464485235434956,
        "nearest_reference_control_m": 65.434087519218,
        "within_800m_of_reference_group": 1,
        "position_status": "approximate_within_800m",
        "georeferencing_method": "homography_all_references",
        "result_source": "current_attached_reference",
        "image_file": "CM_20.jpg"
      },
      "geometry": {
        "type": "Point",
        "coordinates": [
          98.9846046053575,
          18.84226276641493
        ]
      }
    },
    {
      "type": "Feature",
      "properties": {
        "image_id": "CM_20",
        "instance_id": "CM_20_B027",
        "source_csv_line": 836,
        "sam_confidence_score": 0.859375,
        "flood_affected": 0,
        "dino_water_contact_fraction": 0.0,
        "nearest_reference_control_m": 50.164104892331935,
        "within_800m_of_reference_group": 1,
        "position_status": "approximate_within_800m",
        "georeferencing_method": "homography_all_references",
        "result_source": "current_attached_reference",
        "image_file": "CM_20.jpg"
      },
      "geometry": {
        "type": "Point",
        "coordinates": [
          98.9850535555952,
          18.84283165357838
        ]
      }
    },
    {
      "type": "Feature",
      "properties": {
        "image_id": "CM_20",
        "instance_id": "CM_20_B028",
        "source_csv_line": 837,
        "sam_confidence_score": 0.83984375,
        "flood_affected": 0,
        "dino_water_contact_fraction": 0.0,
        "nearest_reference_control_m": 51.54915588997634,
        "within_800m_of_reference_group": 1,
        "position_status": "approximate_within_800m",
        "georeferencing_method": "homography_all_references",
        "result_source": "current_attached_reference",
        "image_file": "CM_20.jpg"
      },
      "geometry": {
        "type": "Point",
        "coordinates": [
          98.98489542937111,
          18.842699471749306
        ]
      }
    },
    {
      "type": "Feature",
      "properties": {
        "image_id": "CM_20",
        "instance_id": "CM_20_B029",
        "source_csv_line": 838,
        "sam_confidence_score": 0.58984375,
        "flood_affected": 1,
        "dino_water_contact_fraction": 0.1225470564677613,
        "nearest_reference_control_m": 93.50126984992029,
        "within_800m_of_reference_group": 1,
        "position_status": "approximate_within_800m",
        "georeferencing_method": "homography_all_references",
        "result_source": "current_attached_reference",
        "image_file": "CM_20.jpg"
      },
      "geometry": {
        "type": "Point",
        "coordinates": [
          98.98629403273803,
          18.844565135366185
        ]
      }
    },
    {
      "type": "Feature",
      "properties": {
        "image_id": "CM_20",
        "instance_id": "CM_20_B030",
        "source_csv_line": 839,
        "sam_confidence_score": 0.53125,
        "flood_affected": 0,
        "dino_water_contact_fraction": 0.0495080926689939,
        "nearest_reference_control_m": 87.54634603040331,
        "within_800m_of_reference_group": 1,
        "position_status": "approximate_within_800m",
        "georeferencing_method": "homography_all_references",
        "result_source": "current_attached_reference",
        "image_file": "CM_20.jpg"
      },
      "geometry": {
        "type": "Point",
        "coordinates": [
          98.98615900413674,
          18.844516575506663
        ]
      }
    },
    {
      "type": "Feature",
      "properties": {
        "image_id": "CM_20",
        "instance_id": "CM_20_B031",
        "source_csv_line": 840,
        "sam_confidence_score": 0.69140625,
        "flood_affected": 0,
        "dino_water_contact_fraction": 0.0,
        "nearest_reference_control_m": 24.508448169488258,
        "within_800m_of_reference_group": 1,
        "position_status": "approximate_within_800m",
        "georeferencing_method": "homography_all_references",
        "result_source": "current_attached_reference",
        "image_file": "CM_20.jpg"
      },
      "geometry": {
        "type": "Point",
        "coordinates": [
          98.98453178890644,
          18.842632015124742
        ]
      }
    },
    {
      "type": "Feature",
      "properties": {
        "image_id": "CM_20",
        "instance_id": "CM_20_B032",
        "source_csv_line": 841,
        "sam_confidence_score": 0.7109375,
        "flood_affected": 1,
        "dino_water_contact_fraction": 0.3156392694063927,
        "nearest_reference_control_m": 67.67465713389652,
        "within_800m_of_reference_group": 1,
        "position_status": "approximate_within_800m",
        "georeferencing_method": "homography_all_references",
        "result_source": "current_attached_reference",
        "image_file": "CM_20.jpg"
      },
      "geometry": {
        "type": "Point",
        "coordinates": [
          98.98577123426378,
          18.844189630959704
        ]
      }
    },
    {
      "type": "Feature",
      "properties": {
        "image_id": "CM_20",
        "instance_id": "CM_20_B033",
        "source_csv_line": 842,
        "sam_confidence_score": 0.8515625,
        "flood_affected": 1,
        "dino_water_contact_fraction": 0.1772677595628415,
        "nearest_reference_control_m": 8.708246366598278,
        "within_800m_of_reference_group": 1,
        "position_status": "approximate_within_800m",
        "georeferencing_method": "homography_all_references",
        "result_source": "current_attached_reference",
        "image_file": "CM_20.jpg"
      },
      "geometry": {
        "type": "Point",
        "coordinates": [
          98.98508218745525,
          18.843356216688072
        ]
      }
    },
    {
      "type": "Feature",
      "properties": {
        "image_id": "CM_20",
        "instance_id": "CM_20_B034",
        "source_csv_line": 843,
        "sam_confidence_score": 0.68359375,
        "flood_affected": 0,
        "dino_water_contact_fraction": 0.0,
        "nearest_reference_control_m": 31.387446522035937,
        "within_800m_of_reference_group": 1,
        "position_status": "approximate_within_800m",
        "georeferencing_method": "homography_all_references",
        "result_source": "current_attached_reference",
        "image_file": "CM_20.jpg"
      },
      "geometry": {
        "type": "Point",
        "coordinates": [
          98.9843896795733,
          18.84254737147342
        ]
      }
    },
    {
      "type": "Feature",
      "properties": {
        "image_id": "CM_20",
        "instance_id": "CM_20_B035",
        "source_csv_line": 844,
        "sam_confidence_score": 0.703125,
        "flood_affected": 1,
        "dino_water_contact_fraction": 0.1275125628140703,
        "nearest_reference_control_m": 47.83820942799633,
        "within_800m_of_reference_group": 1,
        "position_status": "approximate_within_800m",
        "georeferencing_method": "homography_all_references",
        "result_source": "current_attached_reference",
        "image_file": "CM_20.jpg"
      },
      "geometry": {
        "type": "Point",
        "coordinates": [
          98.98423785483902,
          18.842435243464283
        ]
      }
    },
    {
      "type": "Feature",
      "properties": {
        "image_id": "CM_20",
        "instance_id": "CM_20_B036",
        "source_csv_line": 845,
        "sam_confidence_score": 0.8828125,
        "flood_affected": 0,
        "dino_water_contact_fraction": 0.0,
        "nearest_reference_control_m": 33.38976319456572,
        "within_800m_of_reference_group": 1,
        "position_status": "approximate_within_800m",
        "georeferencing_method": "homography_all_references",
        "result_source": "current_attached_reference",
        "image_file": "CM_20.jpg"
      },
      "geometry": {
        "type": "Point",
        "coordinates": [
          98.98482257545538,
          18.843153497600643
        ]
      }
    },
    {
      "type": "Feature",
      "properties": {
        "image_id": "CM_20",
        "instance_id": "CM_20_B037",
        "source_csv_line": 846,
        "sam_confidence_score": 0.86328125,
        "flood_affected": 0,
        "dino_water_contact_fraction": 0.0,
        "nearest_reference_control_m": 32.585560181992626,
        "within_800m_of_reference_group": 1,
        "position_status": "approximate_within_800m",
        "georeferencing_method": "homography_all_references",
        "result_source": "current_attached_reference",
        "image_file": "CM_20.jpg"
      },
      "geometry": {
        "type": "Point",
        "coordinates": [
          98.98468305213149,
          18.842991948268647
        ]
      }
    },
    {
      "type": "Feature",
      "properties": {
        "image_id": "CM_20",
        "instance_id": "CM_20_B038",
        "source_csv_line": 847,
        "sam_confidence_score": 0.90234375,
        "flood_affected": 0,
        "dino_water_contact_fraction": 0.0013983569306065,
        "nearest_reference_control_m": 11.672866233647417,
        "within_800m_of_reference_group": 1,
        "position_status": "approximate_within_800m",
        "georeferencing_method": "homography_all_references",
        "result_source": "current_attached_reference",
        "image_file": "CM_20.jpg"
      },
      "geometry": {
        "type": "Point",
        "coordinates": [
          98.98438949352064,
          18.842928804539195
        ]
      }
    },
    {
      "type": "Feature",
      "properties": {
        "image_id": "CM_20",
        "instance_id": "CM_20_B039",
        "source_csv_line": 848,
        "sam_confidence_score": 0.5390625,
        "flood_affected": 1,
        "dino_water_contact_fraction": 0.2860438292964244,
        "nearest_reference_control_m": 41.627659485505966,
        "within_800m_of_reference_group": 1,
        "position_status": "approximate_within_800m",
        "georeferencing_method": "homography_all_references",
        "result_source": "current_attached_reference",
        "image_file": "CM_20.jpg"
      },
      "geometry": {
        "type": "Point",
        "coordinates": [
          98.984972344798,
          18.843634768520264
        ]
      }
    },
    {
      "type": "Feature",
      "properties": {
        "image_id": "CM_20",
        "instance_id": "CM_20_B040",
        "source_csv_line": 849,
        "sam_confidence_score": 0.859375,
        "flood_affected": 0,
        "dino_water_contact_fraction": 0.0,
        "nearest_reference_control_m": 27.827588369049423,
        "within_800m_of_reference_group": 1,
        "position_status": "approximate_within_800m",
        "georeferencing_method": "homography_all_references",
        "result_source": "current_attached_reference",
        "image_file": "CM_20.jpg"
      },
      "geometry": {
        "type": "Point",
        "coordinates": [
          98.98416341048173,
          18.842796911271996
        ]
      }
    },
    {
      "type": "Feature",
      "properties": {
        "image_id": "CM_20",
        "instance_id": "CM_20_B041",
        "source_csv_line": 850,
        "sam_confidence_score": 0.7421875,
        "flood_affected": 1,
        "dino_water_contact_fraction": 0.6608900299529311,
        "nearest_reference_control_m": 71.84335558864187,
        "within_800m_of_reference_group": 1,
        "position_status": "approximate_within_800m",
        "georeferencing_method": "homography_all_references",
        "result_source": "current_attached_reference",
        "image_file": "CM_20.jpg"
      },
      "geometry": {
        "type": "Point",
        "coordinates": [
          98.98465497296306,
          18.843766049012032
        ]
      }
    },
    {
      "type": "Feature",
      "properties": {
        "image_id": "CM_20",
        "instance_id": "CM_20_B042",
        "source_csv_line": 851,
        "sam_confidence_score": 0.58203125,
        "flood_affected": 1,
        "dino_water_contact_fraction": 0.5861059355869045,
        "nearest_reference_control_m": 144.65407998191213,
        "within_800m_of_reference_group": 1,
        "position_status": "approximate_within_800m",
        "georeferencing_method": "homography_all_references",
        "result_source": "current_attached_reference",
        "image_file": "CM_20.jpg"
      },
      "geometry": {
        "type": "Point",
        "coordinates": [
          98.98551276965225,
          18.844863133865715
        ]
      }
    },
    {
      "type": "Feature",
      "properties": {
        "image_id": "CM_23",
        "instance_id": "CM_23_B001",
        "source_csv_line": 1031,
        "sam_confidence_score": 0.88671875,
        "flood_affected": 1,
        "dino_water_contact_fraction": 0.1958264410230309,
        "nearest_reference_control_m": 1.0398578306436335,
        "within_800m_of_reference_group": 1,
        "position_status": "approximate_within_800m",
        "georeferencing_method": "homography_all_references",
        "result_source": "current_attached_reference",
        "image_file": "CM_23.jpg"
      },
      "geometry": {
        "type": "Point",
        "coordinates": [
          98.99349545039745,
          18.814339331915615
        ]
      }
    },
    {
      "type": "Feature",
      "properties": {
        "image_id": "CM_23",
        "instance_id": "CM_23_B002",
        "source_csv_line": 1032,
        "sam_confidence_score": 0.77734375,
        "flood_affected": 0,
        "dino_water_contact_fraction": 0.0,
        "nearest_reference_control_m": 10.983450727822344,
        "within_800m_of_reference_group": 1,
        "position_status": "approximate_within_800m",
        "georeferencing_method": "homography_all_references",
        "result_source": "current_attached_reference",
        "image_file": "CM_23.jpg"
      },
      "geometry": {
        "type": "Point",
        "coordinates": [
          98.99355925907116,
          18.813716586063496
        ]
      }
    },
    {
      "type": "Feature",
      "properties": {
        "image_id": "CM_23",
        "instance_id": "CM_23_B003",
        "source_csv_line": 1033,
        "sam_confidence_score": 0.64453125,
        "flood_affected": 1,
        "dino_water_contact_fraction": 0.248543335761107,
        "nearest_reference_control_m": 42.53381205928537,
        "within_800m_of_reference_group": 1,
        "position_status": "approximate_within_800m",
        "georeferencing_method": "homography_all_references",
        "result_source": "current_attached_reference",
        "image_file": "CM_23.jpg"
      },
      "geometry": {
        "type": "Point",
        "coordinates": [
          98.99311107448192,
          18.81420605419222
        ]
      }
    },
    {
      "type": "Feature",
      "properties": {
        "image_id": "CM_23",
        "instance_id": "CM_23_B004",
        "source_csv_line": 1034,
        "sam_confidence_score": 0.578125,
        "flood_affected": 0,
        "dino_water_contact_fraction": 0.0,
        "nearest_reference_control_m": 28.300237083895574,
        "within_800m_of_reference_group": 1,
        "position_status": "approximate_within_800m",
        "georeferencing_method": "homography_all_references",
        "result_source": "current_attached_reference",
        "image_file": "CM_23.jpg"
      },
      "geometry": {
        "type": "Point",
        "coordinates": [
          98.99359692897525,
          18.81348226541757
        ]
      }
    },
    {
      "type": "Feature",
      "properties": {
        "image_id": "CM_23",
        "instance_id": "CM_23_B005",
        "source_csv_line": 1035,
        "sam_confidence_score": 0.92578125,
        "flood_affected": 1,
        "dino_water_contact_fraction": 0.3606173349869092,
        "nearest_reference_control_m": 69.63108603235561,
        "within_800m_of_reference_group": 1,
        "position_status": "approximate_within_800m",
        "georeferencing_method": "homography_all_references",
        "result_source": "current_attached_reference",
        "image_file": "CM_23.jpg"
      },
      "geometry": {
        "type": "Point",
        "coordinates": [
          98.99281807591343,
          18.814208956202894
        ]
      }
    },
    {
      "type": "Feature",
      "properties": {
        "image_id": "CM_23",
        "instance_id": "CM_23_B006",
        "source_csv_line": 1036,
        "sam_confidence_score": 0.72265625,
        "flood_affected": 1,
        "dino_water_contact_fraction": 0.3590276334926241,
        "nearest_reference_control_m": 58.9679923539442,
        "within_800m_of_reference_group": 1,
        "position_status": "approximate_within_800m",
        "georeferencing_method": "homography_all_references",
        "result_source": "current_attached_reference",
        "image_file": "CM_23.jpg"
      },
      "geometry": {
        "type": "Point",
        "coordinates": [
          98.99239878175423,
          18.814747456006526
        ]
      }
    },
    {
      "type": "Feature",
      "properties": {
        "image_id": "CM_23",
        "instance_id": "CM_23_B007",
        "source_csv_line": 1037,
        "sam_confidence_score": 0.8828125,
        "flood_affected": 1,
        "dino_water_contact_fraction": 0.1658536585365853,
        "nearest_reference_control_m": 47.891059668602885,
        "within_800m_of_reference_group": 1,
        "position_status": "approximate_within_800m",
        "georeferencing_method": "homography_all_references",
        "result_source": "current_attached_reference",
        "image_file": "CM_23.jpg"
      },
      "geometry": {
        "type": "Point",
        "coordinates": [
          98.99258209750157,
          18.814105193432436
        ]
      }
    },
    {
      "type": "Feature",
      "properties": {
        "image_id": "CM_23",
        "instance_id": "CM_23_B008",
        "source_csv_line": 1038,
        "sam_confidence_score": 0.75390625,
        "flood_affected": 0,
        "dino_water_contact_fraction": 0.0,
        "nearest_reference_control_m": 48.995538107921874,
        "within_800m_of_reference_group": 1,
        "position_status": "approximate_within_800m",
        "georeferencing_method": "homography_all_references",
        "result_source": "current_attached_reference",
        "image_file": "CM_23.jpg"
      },
      "geometry": {
        "type": "Point",
        "coordinates": [
          98.9928717071306,
          18.813536391348507
        ]
      }
    },
    {
      "type": "Feature",
      "properties": {
        "image_id": "CM_23",
        "instance_id": "CM_23_B009",
        "source_csv_line": 1039,
        "sam_confidence_score": 0.55859375,
        "flood_affected": 1,
        "dino_water_contact_fraction": 0.4065378900445765,
        "nearest_reference_control_m": 69.56032400537482,
        "within_800m_of_reference_group": 1,
        "position_status": "approximate_within_800m",
        "georeferencing_method": "homography_all_references",
        "result_source": "current_attached_reference",
        "image_file": "CM_23.jpg"
      },
      "geometry": {
        "type": "Point",
        "coordinates": [
          98.99298909252373,
          18.813269917698094
        ]
      }
    },
    {
      "type": "Feature",
      "properties": {
        "image_id": "CM_23",
        "instance_id": "CM_23_B010",
        "source_csv_line": 1040,
        "sam_confidence_score": 0.5625,
        "flood_affected": 1,
        "dino_water_contact_fraction": 0.669305724725944,
        "nearest_reference_control_m": 26.07401063570223,
        "within_800m_of_reference_group": 1,
        "position_status": "approximate_within_800m",
        "georeferencing_method": "homography_all_references",
        "result_source": "current_attached_reference",
        "image_file": "CM_23.jpg"
      },
      "geometry": {
        "type": "Point",
        "coordinates": [
          98.99213240099355,
          18.81449969389768
        ]
      }
    },
    {
      "type": "Feature",
      "properties": {
        "image_id": "CM_23",
        "instance_id": "CM_23_B011",
        "source_csv_line": 1041,
        "sam_confidence_score": 0.8125,
        "flood_affected": 0,
        "dino_water_contact_fraction": 0.0121331176334642,
        "nearest_reference_control_m": 12.908620015056815,
        "within_800m_of_reference_group": 1,
        "position_status": "approximate_within_800m",
        "georeferencing_method": "homography_all_references",
        "result_source": "current_attached_reference",
        "image_file": "CM_23.jpg"
      },
      "geometry": {
        "type": "Point",
        "coordinates": [
          98.99354938670284,
          18.81212691082902
        ]
      }
    },
    {
      "type": "Feature",
      "properties": {
        "image_id": "CM_23",
        "instance_id": "CM_23_B012",
        "source_csv_line": 1042,
        "sam_confidence_score": 0.90234375,
        "flood_affected": 1,
        "dino_water_contact_fraction": 0.3380524861878453,
        "nearest_reference_control_m": 11.71961849539111,
        "within_800m_of_reference_group": 1,
        "position_status": "approximate_within_800m",
        "georeferencing_method": "homography_all_references",
        "result_source": "current_attached_reference",
        "image_file": "CM_23.jpg"
      },
      "geometry": {
        "type": "Point",
        "coordinates": [
          98.99206272996227,
          18.81421395722722
        ]
      }
    },
    {
      "type": "Feature",
      "properties": {
        "image_id": "CM_23",
        "instance_id": "CM_23_B013",
        "source_csv_line": 1043,
        "sam_confidence_score": 0.7890625,
        "flood_affected": 1,
        "dino_water_contact_fraction": 0.2206461780929866,
        "nearest_reference_control_m": 9.070183483546899,
        "within_800m_of_reference_group": 1,
        "position_status": "approximate_within_800m",
        "georeferencing_method": "homography_all_references",
        "result_source": "current_attached_reference",
        "image_file": "CM_23.jpg"
      },
      "geometry": {
        "type": "Point",
        "coordinates": [
          98.99348025782592,
          18.811940188712327
        ]
      }
    },
    {
      "type": "Feature",
      "properties": {
        "image_id": "CM_23",
        "instance_id": "CM_23_B014",
        "source_csv_line": 1044,
        "sam_confidence_score": 0.9140625,
        "flood_affected": 0,
        "dino_water_contact_fraction": 0.0057609521397822,
        "nearest_reference_control_m": 29.228993412150565,
        "within_800m_of_reference_group": 1,
        "position_status": "approximate_within_800m",
        "georeferencing_method": "homography_all_references",
        "result_source": "current_attached_reference",
        "image_file": "CM_23.jpg"
      },
      "geometry": {
        "type": "Point",
        "coordinates": [
          98.99219978325227,
          18.81374276095747
        ]
      }
    },
    {
      "type": "Feature",
      "properties": {
        "image_id": "CM_23",
        "instance_id": "CM_23_B015",
        "source_csv_line": 1045,
        "sam_confidence_score": 0.9375,
        "flood_affected": 1,
        "dino_water_contact_fraction": 0.2926332565964228,
        "nearest_reference_control_m": 15.37494695336141,
        "within_800m_of_reference_group": 1,
        "position_status": "approximate_within_800m",
        "georeferencing_method": "homography_all_references",
        "result_source": "current_attached_reference",
        "image_file": "CM_23.jpg"
      },
      "geometry": {
        "type": "Point",
        "coordinates": [
          98.992280797471,
          18.813499845407854
        ]
      }
    },
    {
      "type": "Feature",
      "properties": {
        "image_id": "CM_23",
        "instance_id": "CM_23_B016",
        "source_csv_line": 1046,
        "sam_confidence_score": 0.7890625,
        "flood_affected": 1,
        "dino_water_contact_fraction": 0.5791731000171556,
        "nearest_reference_control_m": 58.114389666041085,
        "within_800m_of_reference_group": 1,
        "position_status": "approximate_within_800m",
        "georeferencing_method": "homography_all_references",
        "result_source": "current_attached_reference",
        "image_file": "CM_23.jpg"
      },
      "geometry": {
        "type": "Point",
        "coordinates": [
          98.99299851114179,
          18.811834367408224
        ]
      }
    },
    {
      "type": "Feature",
      "properties": {
        "image_id": "CM_23",
        "instance_id": "CM_23_B017",
        "source_csv_line": 1047,
        "sam_confidence_score": 0.82421875,
        "flood_affected": 1,
        "dino_water_contact_fraction": 0.8263503281171126,
        "nearest_reference_control_m": 94.79463538052796,
        "within_800m_of_reference_group": 1,
        "position_status": "approximate_within_800m",
        "georeferencing_method": "homography_all_references",
        "result_source": "current_attached_reference",
        "image_file": "CM_23.jpg"
      },
      "geometry": {
        "type": "Point",
        "coordinates": [
          98.99265850692959,
          18.81175710106304
        ]
      }
    },
    {
      "type": "Feature",
      "properties": {
        "image_id": "CM_23",
        "instance_id": "CM_23_B018",
        "source_csv_line": 1048,
        "sam_confidence_score": 0.8828125,
        "flood_affected": 1,
        "dino_water_contact_fraction": 0.5673749840946686,
        "nearest_reference_control_m": 7.41831434656151,
        "within_800m_of_reference_group": 1,
        "position_status": "approximate_within_800m",
        "georeferencing_method": "homography_all_references",
        "result_source": "current_attached_reference",
        "image_file": "CM_23.jpg"
      },
      "geometry": {
        "type": "Point",
        "coordinates": [
          98.9915438760416,
          18.813047231536448
        ]
      }
    },
    {
      "type": "Feature",
      "properties": {
        "image_id": "CM_25",
        "instance_id": "CM_25_B001",
        "source_csv_line": 1065,
        "sam_confidence_score": 0.734375,
        "flood_affected": 1,
        "dino_water_contact_fraction": 0.3156970912738214,
        "nearest_reference_control_m": 80.6460052715567,
        "within_800m_of_reference_group": 1,
        "position_status": "approximate_within_800m",
        "georeferencing_method": "homography_all_references",
        "result_source": "current_attached_reference",
        "image_file": "CM_25.jpg"
      },
      "geometry": {
        "type": "Point",
        "coordinates": [
          99.01069055865604,
          18.748084846414052
        ]
      }
    },
    {
      "type": "Feature",
      "properties": {
        "image_id": "CM_25",
        "instance_id": "CM_25_B002",
        "source_csv_line": 1066,
        "sam_confidence_score": 0.5703125,
        "flood_affected": 0,
        "dino_water_contact_fraction": 0.0,
        "nearest_reference_control_m": 380.1023810709557,
        "within_800m_of_reference_group": 1,
        "position_status": "approximate_within_800m",
        "georeferencing_method": "homography_all_references",
        "result_source": "current_attached_reference",
        "image_file": "CM_25.jpg"
      },
      "geometry": {
        "type": "Point",
        "coordinates": [
          99.02131366312989,
          18.74225768439297
        ]
      }
    },
    {
      "type": "Feature",
      "properties": {
        "image_id": "CM_25",
        "instance_id": "CM_25_B003",
        "source_csv_line": 1067,
        "sam_confidence_score": 0.578125,
        "flood_affected": 1,
        "dino_water_contact_fraction": 0.7338582677165354,
        "nearest_reference_control_m": 130.30316770149747,
        "within_800m_of_reference_group": 1,
        "position_status": "approximate_within_800m",
        "georeferencing_method": "homography_all_references",
        "result_source": "current_attached_reference",
        "image_file": "CM_25.jpg"
      },
      "geometry": {
        "type": "Point",
        "coordinates": [
          99.01763574369988,
          18.745806608716485
        ]
      }
    },
    {
      "type": "Feature",
      "properties": {
        "image_id": "CM_25",
        "instance_id": "CM_25_B004",
        "source_csv_line": 1068,
        "sam_confidence_score": 0.5703125,
        "flood_affected": 0,
        "dino_water_contact_fraction": 0.0,
        "nearest_reference_control_m": 414.0557089549021,
        "within_800m_of_reference_group": 1,
        "position_status": "approximate_within_800m",
        "georeferencing_method": "homography_all_references",
        "result_source": "current_attached_reference",
        "image_file": "CM_25.jpg"
      },
      "geometry": {
        "type": "Point",
        "coordinates": [
          99.02117960755936,
          18.741785162440024
        ]
      }
    },
    {
      "type": "Feature",
      "properties": {
        "image_id": "CM_25",
        "instance_id": "CM_25_B006",
        "source_csv_line": 1070,
        "sam_confidence_score": 0.640625,
        "flood_affected": 0,
        "dino_water_contact_fraction": 0.0,
        "nearest_reference_control_m": 688.0822698573149,
        "within_800m_of_reference_group": 1,
        "position_status": "approximate_within_800m",
        "georeferencing_method": "homography_all_references",
        "result_source": "current_attached_reference",
        "image_file": "CM_25.jpg"
      },
      "geometry": {
        "type": "Point",
        "coordinates": [
          99.0224772768587,
          18.739636564989
        ]
      }
    },
    {
      "type": "Feature",
      "properties": {
        "image_id": "CM_25",
        "instance_id": "CM_25_B007",
        "source_csv_line": 1071,
        "sam_confidence_score": 0.7421875,
        "flood_affected": 1,
        "dino_water_contact_fraction": 0.388173455978975,
        "nearest_reference_control_m": 122.61727282991674,
        "within_800m_of_reference_group": 1,
        "position_status": "approximate_within_800m",
        "georeferencing_method": "homography_all_references",
        "result_source": "current_attached_reference",
        "image_file": "CM_25.jpg"
      },
      "geometry": {
        "type": "Point",
        "coordinates": [
          99.01758856516942,
          18.746320202426613
        ]
      }
    },
    {
      "type": "Feature",
      "properties": {
        "image_id": "CM_25",
        "instance_id": "CM_25_B009",
        "source_csv_line": 1073,
        "sam_confidence_score": 0.5078125,
        "flood_affected": 0,
        "dino_water_contact_fraction": 0.0,
        "nearest_reference_control_m": 99.00082420417529,
        "within_800m_of_reference_group": 1,
        "position_status": "approximate_within_800m",
        "georeferencing_method": "homography_all_references",
        "result_source": "current_attached_reference",
        "image_file": "CM_25.jpg"
      },
      "geometry": {
        "type": "Point",
        "coordinates": [
          99.0182828078342,
          18.745537775964717
        ]
      }
    },
    {
      "type": "Feature",
      "properties": {
        "image_id": "CM_25",
        "instance_id": "CM_25_B010",
        "source_csv_line": 1074,
        "sam_confidence_score": 0.625,
        "flood_affected": 1,
        "dino_water_contact_fraction": 0.5639504219409283,
        "nearest_reference_control_m": 91.30175384490319,
        "within_800m_of_reference_group": 1,
        "position_status": "approximate_within_800m",
        "georeferencing_method": "homography_all_references",
        "result_source": "current_attached_reference",
        "image_file": "CM_25.jpg"
      },
      "geometry": {
        "type": "Point",
        "coordinates": [
          99.01663646044737,
          18.748280076834668
        ]
      }
    },
    {
      "type": "Feature",
      "properties": {
        "image_id": "CM_25",
        "instance_id": "CM_25_B011",
        "source_csv_line": 1075,
        "sam_confidence_score": 0.53125,
        "flood_affected": 0,
        "dino_water_contact_fraction": 0.0,
        "nearest_reference_control_m": 90.49254528000924,
        "within_800m_of_reference_group": 1,
        "position_status": "approximate_within_800m",
        "georeferencing_method": "homography_all_references",
        "result_source": "current_attached_reference",
        "image_file": "CM_25.jpg"
      },
      "geometry": {
        "type": "Point",
        "coordinates": [
          99.01822088700732,
          18.74567028494917
        ]
      }
    },
    {
      "type": "Feature",
      "properties": {
        "image_id": "CM_25",
        "instance_id": "CM_25_B012",
        "source_csv_line": 1076,
        "sam_confidence_score": 0.6640625,
        "flood_affected": 1,
        "dino_water_contact_fraction": 0.7596487424111015,
        "nearest_reference_control_m": 30.12796533161753,
        "within_800m_of_reference_group": 1,
        "position_status": "approximate_within_800m",
        "georeferencing_method": "homography_all_references",
        "result_source": "current_attached_reference",
        "image_file": "CM_25.jpg"
      },
      "geometry": {
        "type": "Point",
        "coordinates": [
          99.01701377166137,
          18.747833459392556
        ]
      }
    },
    {
      "type": "Feature",
      "properties": {
        "image_id": "CM_25",
        "instance_id": "CM_25_B013",
        "source_csv_line": 1077,
        "sam_confidence_score": 0.59375,
        "flood_affected": 0,
        "dino_water_contact_fraction": 0.0016594756057085,
        "nearest_reference_control_m": 424.6315021763746,
        "within_800m_of_reference_group": 1,
        "position_status": "approximate_within_800m",
        "georeferencing_method": "homography_all_references",
        "result_source": "current_attached_reference",
        "image_file": "CM_25.jpg"
      },
      "geometry": {
        "type": "Point",
        "coordinates": [
          99.01521803988454,
          18.751042646404873
        ]
      }
    },
    {
      "type": "Feature",
      "properties": {
        "image_id": "CM_25",
        "instance_id": "CM_25_B014",
        "source_csv_line": 1078,
        "sam_confidence_score": 0.734375,
        "flood_affected": 1,
        "dino_water_contact_fraction": 0.2986017140279657,
        "nearest_reference_control_m": 114.66808789584476,
        "within_800m_of_reference_group": 1,
        "position_status": "approximate_within_800m",
        "georeferencing_method": "homography_all_references",
        "result_source": "current_attached_reference",
        "image_file": "CM_25.jpg"
      },
      "geometry": {
        "type": "Point",
        "coordinates": [
          99.01765282870096,
          18.746750394543856
        ]
      }
    },
    {
      "type": "Feature",
      "properties": {
        "image_id": "CM_25",
        "instance_id": "CM_25_B015",
        "source_csv_line": 1079,
        "sam_confidence_score": 0.70703125,
        "flood_affected": 1,
        "dino_water_contact_fraction": 0.9857802400738688,
        "nearest_reference_control_m": 9.888048807238919,
        "within_800m_of_reference_group": 1,
        "position_status": "approximate_within_800m",
        "georeferencing_method": "homography_all_references",
        "result_source": "current_attached_reference",
        "image_file": "CM_25.jpg"
      },
      "geometry": {
        "type": "Point",
        "coordinates": [
          99.0171838687036,
          18.7476994005411
        ]
      }
    },
    {
      "type": "Feature",
      "properties": {
        "image_id": "CM_25",
        "instance_id": "CM_25_B016",
        "source_csv_line": 1080,
        "sam_confidence_score": 0.52734375,
        "flood_affected": 0,
        "dino_water_contact_fraction": 0.0,
        "nearest_reference_control_m": 76.26249102976617,
        "within_800m_of_reference_group": 1,
        "position_status": "approximate_within_800m",
        "georeferencing_method": "homography_all_references",
        "result_source": "current_attached_reference",
        "image_file": "CM_25.jpg"
      },
      "geometry": {
        "type": "Point",
        "coordinates": [
          99.01812446695253,
          18.745969642969197
        ]
      }
    },
    {
      "type": "Feature",
      "properties": {
        "image_id": "CM_25",
        "instance_id": "CM_25_B017",
        "source_csv_line": 1081,
        "sam_confidence_score": 0.52734375,
        "flood_affected": 0,
        "dino_water_contact_fraction": 0.042608902642228,
        "nearest_reference_control_m": 108.00300655992808,
        "within_800m_of_reference_group": 1,
        "position_status": "approximate_within_800m",
        "georeferencing_method": "homography_all_references",
        "result_source": "current_attached_reference",
        "image_file": "CM_25.jpg"
      },
      "geometry": {
        "type": "Point",
        "coordinates": [
          99.01768301818203,
          18.746826874455127
        ]
      }
    },
    {
      "type": "Feature",
      "properties": {
        "image_id": "CM_25",
        "instance_id": "CM_25_B018",
        "source_csv_line": 1082,
        "sam_confidence_score": 0.7421875,
        "flood_affected": 1,
        "dino_water_contact_fraction": 0.6038647342995169,
        "nearest_reference_control_m": 171.3350618816732,
        "within_800m_of_reference_group": 1,
        "position_status": "approximate_within_800m",
        "georeferencing_method": "homography_all_references",
        "result_source": "current_attached_reference",
        "image_file": "CM_25.jpg"
      },
      "geometry": {
        "type": "Point",
        "coordinates": [
          99.0165276753382,
          18.749097443404864
        ]
      }
    },
    {
      "type": "Feature",
      "properties": {
        "image_id": "CM_25",
        "instance_id": "CM_25_B019",
        "source_csv_line": 1083,
        "sam_confidence_score": 0.5703125,
        "flood_affected": 0,
        "dino_water_contact_fraction": 0.075187969924812,
        "nearest_reference_control_m": 107.80433830499906,
        "within_800m_of_reference_group": 1,
        "position_status": "approximate_within_800m",
        "georeferencing_method": "homography_all_references",
        "result_source": "current_attached_reference",
        "image_file": "CM_25.jpg"
      },
      "geometry": {
        "type": "Point",
        "coordinates": [
          99.0177087242746,
          18.746839903916133
        ]
      }
    },
    {
      "type": "Feature",
      "properties": {
        "image_id": "CM_25",
        "instance_id": "CM_25_B020",
        "source_csv_line": 1084,
        "sam_confidence_score": 0.70703125,
        "flood_affected": 1,
        "dino_water_contact_fraction": 0.5524529765367462,
        "nearest_reference_control_m": 37.99982070737381,
        "within_800m_of_reference_group": 1,
        "position_status": "approximate_within_800m",
        "georeferencing_method": "homography_all_references",
        "result_source": "current_attached_reference",
        "image_file": "CM_25.jpg"
      },
      "geometry": {
        "type": "Point",
        "coordinates": [
          99.01710342916616,
          18.748024357402706
        ]
      }
    },
    {
      "type": "Feature",
      "properties": {
        "image_id": "CM_25",
        "instance_id": "CM_25_B021",
        "source_csv_line": 1085,
        "sam_confidence_score": 0.625,
        "flood_affected": 0,
        "dino_water_contact_fraction": 0.0523542970036219,
        "nearest_reference_control_m": 108.02364411147572,
        "within_800m_of_reference_group": 1,
        "position_status": "approximate_within_800m",
        "georeferencing_method": "homography_all_references",
        "result_source": "current_attached_reference",
        "image_file": "CM_25.jpg"
      },
      "geometry": {
        "type": "Point",
        "coordinates": [
          99.01772098682076,
          18.746843273024027
        ]
      }
    },
    {
      "type": "Feature",
      "properties": {
        "image_id": "CM_25",
        "instance_id": "CM_25_B022",
        "source_csv_line": 1086,
        "sam_confidence_score": 0.54296875,
        "flood_affected": 0,
        "dino_water_contact_fraction": 0.0376357666077292,
        "nearest_reference_control_m": 109.79665813875215,
        "within_800m_of_reference_group": 1,
        "position_status": "approximate_within_800m",
        "georeferencing_method": "homography_all_references",
        "result_source": "current_attached_reference",
        "image_file": "CM_25.jpg"
      },
      "geometry": {
        "type": "Point",
        "coordinates": [
          99.01773778990088,
          18.74683327378914
        ]
      }
    },
    {
      "type": "Feature",
      "properties": {
        "image_id": "CM_25",
        "instance_id": "CM_25_B023",
        "source_csv_line": 1087,
        "sam_confidence_score": 0.83203125,
        "flood_affected": 1,
        "dino_water_contact_fraction": 0.3776895491803279,
        "nearest_reference_control_m": 82.32172168605263,
        "within_800m_of_reference_group": 1,
        "position_status": "approximate_within_800m",
        "georeferencing_method": "homography_all_references",
        "result_source": "current_attached_reference",
        "image_file": "CM_25.jpg"
      },
      "geometry": {
        "type": "Point",
        "coordinates": [
          99.01694856943857,
          18.748398185745152
        ]
      }
    },
    {
      "type": "Feature",
      "properties": {
        "image_id": "CM_25",
        "instance_id": "CM_25_B024",
        "source_csv_line": 1088,
        "sam_confidence_score": 0.5703125,
        "flood_affected": 0,
        "dino_water_contact_fraction": 0.0463917525773195,
        "nearest_reference_control_m": 112.51437568853984,
        "within_800m_of_reference_group": 1,
        "position_status": "approximate_within_800m",
        "georeferencing_method": "homography_all_references",
        "result_source": "current_attached_reference",
        "image_file": "CM_25.jpg"
      },
      "geometry": {
        "type": "Point",
        "coordinates": [
          99.01776422660157,
          18.746818494657205
        ]
      }
    },
    {
      "type": "Feature",
      "properties": {
        "image_id": "CM_25",
        "instance_id": "CM_25_B025",
        "source_csv_line": 1089,
        "sam_confidence_score": 0.63671875,
        "flood_affected": 0,
        "dino_water_contact_fraction": 0.0446867650203121,
        "nearest_reference_control_m": 113.93009028393021,
        "within_800m_of_reference_group": 1,
        "position_status": "approximate_within_800m",
        "georeferencing_method": "homography_all_references",
        "result_source": "current_attached_reference",
        "image_file": "CM_25.jpg"
      },
      "geometry": {
        "type": "Point",
        "coordinates": [
          99.01777767335622,
          18.746810741611007
        ]
      }
    },
    {
      "type": "Feature",
      "properties": {
        "image_id": "CM_25",
        "instance_id": "CM_25_B026",
        "source_csv_line": 1090,
        "sam_confidence_score": 0.59375,
        "flood_affected": 1,
        "dino_water_contact_fraction": 0.2336448598130841,
        "nearest_reference_control_m": 176.59750190756284,
        "within_800m_of_reference_group": 1,
        "position_status": "approximate_within_800m",
        "georeferencing_method": "homography_all_references",
        "result_source": "current_attached_reference",
        "image_file": "CM_25.jpg"
      },
      "geometry": {
        "type": "Point",
        "coordinates": [
          99.01660734180739,
          18.74918612874105
        ]
      }
    },
    {
      "type": "Feature",
      "properties": {
        "image_id": "CM_25",
        "instance_id": "CM_25_B027",
        "source_csv_line": 1091,
        "sam_confidence_score": 0.67578125,
        "flood_affected": 0,
        "dino_water_contact_fraction": 0.0759837177747625,
        "nearest_reference_control_m": 109.10371786095459,
        "within_800m_of_reference_group": 1,
        "position_status": "approximate_within_800m",
        "georeferencing_method": "homography_all_references",
        "result_source": "current_attached_reference",
        "image_file": "CM_25.jpg"
      },
      "geometry": {
        "type": "Point",
        "coordinates": [
          99.01783036811956,
          18.746762182797855
        ]
      }
    },
    {
      "type": "Feature",
      "properties": {
        "image_id": "CM_25",
        "instance_id": "CM_25_B028",
        "source_csv_line": 1092,
        "sam_confidence_score": 0.7265625,
        "flood_affected": 0,
        "dino_water_contact_fraction": 0.0,
        "nearest_reference_control_m": 54.10431982233583,
        "within_800m_of_reference_group": 1,
        "position_status": "approximate_within_800m",
        "georeferencing_method": "homography_all_references",
        "result_source": "current_attached_reference",
        "image_file": "CM_25.jpg"
      },
      "geometry": {
        "type": "Point",
        "coordinates": [
          99.01716474228151,
          18.748199759983745
        ]
      }
    },
    {
      "type": "Feature",
      "properties": {
        "image_id": "CM_25",
        "instance_id": "CM_25_B029",
        "source_csv_line": 1093,
        "sam_confidence_score": 0.66015625,
        "flood_affected": 0,
        "dino_water_contact_fraction": 0.0,
        "nearest_reference_control_m": 108.80715058621958,
        "within_800m_of_reference_group": 1,
        "position_status": "approximate_within_800m",
        "georeferencing_method": "homography_all_references",
        "result_source": "current_attached_reference",
        "image_file": "CM_25.jpg"
      },
      "geometry": {
        "type": "Point",
        "coordinates": [
          99.01779593914542,
          18.746873345289735
        ]
      }
    },
    {
      "type": "Feature",
      "properties": {
        "image_id": "CM_25",
        "instance_id": "CM_25_B030",
        "source_csv_line": 1094,
        "sam_confidence_score": 0.64453125,
        "flood_affected": 0,
        "dino_water_contact_fraction": 0.0,
        "nearest_reference_control_m": 97.04051357958375,
        "within_800m_of_reference_group": 1,
        "position_status": "approximate_within_800m",
        "georeferencing_method": "homography_all_references",
        "result_source": "current_attached_reference",
        "image_file": "CM_25.jpg"
      },
      "geometry": {
        "type": "Point",
        "coordinates": [
          99.01776487720218,
          18.74697977046892
        ]
      }
    },
    {
      "type": "Feature",
      "properties": {
        "image_id": "CM_25",
        "instance_id": "CM_25_B031",
        "source_csv_line": 1095,
        "sam_confidence_score": 0.61328125,
        "flood_affected": 0,
        "dino_water_contact_fraction": 0.0,
        "nearest_reference_control_m": 58.64490701944305,
        "within_800m_of_reference_group": 1,
        "position_status": "approximate_within_800m",
        "georeferencing_method": "homography_all_references",
        "result_source": "current_attached_reference",
        "image_file": "CM_25.jpg"
      },
      "geometry": {
        "type": "Point",
        "coordinates": [
          99.01718082184655,
          18.748244545031874
        ]
      }
    },
    {
      "type": "Feature",
      "properties": {
        "image_id": "CM_26",
        "instance_id": "CM_26_B001",
        "source_csv_line": 1096,
        "sam_confidence_score": 0.875,
        "flood_affected": 1,
        "dino_water_contact_fraction": 0.6349379517250784,
        "nearest_reference_control_m": 31.720736640221357,
        "within_800m_of_reference_group": 1,
        "position_status": "approximate_within_800m",
        "georeferencing_method": "homography_all_references",
        "result_source": "current_attached_reference",
        "image_file": "CM_26.jpg"
      },
      "geometry": {
        "type": "Point",
        "coordinates": [
          99.01971152853775,
          18.747495524488073
        ]
      }
    },
    {
      "type": "Feature",
      "properties": {
        "image_id": "CM_26",
        "instance_id": "CM_26_B002",
        "source_csv_line": 1097,
        "sam_confidence_score": 0.6328125,
        "flood_affected": 1,
        "dino_water_contact_fraction": 0.4031350482315112,
        "nearest_reference_control_m": 3.3937409370528195,
        "within_800m_of_reference_group": 1,
        "position_status": "approximate_within_800m",
        "georeferencing_method": "homography_all_references",
        "result_source": "current_attached_reference",
        "image_file": "CM_26.jpg"
      },
      "geometry": {
        "type": "Point",
        "coordinates": [
          99.01968201642619,
          18.747144210169424
        ]
      }
    },
    {
      "type": "Feature",
      "properties": {
        "image_id": "CM_26",
        "instance_id": "CM_26_B003",
        "source_csv_line": 1098,
        "sam_confidence_score": 0.72265625,
        "flood_affected": 0,
        "dino_water_contact_fraction": 0.0,
        "nearest_reference_control_m": 11.678343321118941,
        "within_800m_of_reference_group": 1,
        "position_status": "approximate_within_800m",
        "georeferencing_method": "homography_all_references",
        "result_source": "current_attached_reference",
        "image_file": "CM_26.jpg"
      },
      "geometry": {
        "type": "Point",
        "coordinates": [
          99.0196389947922,
          18.74654424596372
        ]
      }
    },
    {
      "type": "Feature",
      "properties": {
        "image_id": "CM_26",
        "instance_id": "CM_26_B004",
        "source_csv_line": 1099,
        "sam_confidence_score": 0.7109375,
        "flood_affected": 0,
        "dino_water_contact_fraction": 0.0,
        "nearest_reference_control_m": 25.520027025782603,
        "within_800m_of_reference_group": 1,
        "position_status": "approximate_within_800m",
        "georeferencing_method": "homography_all_references",
        "result_source": "current_attached_reference",
        "image_file": "CM_26.jpg"
      },
      "geometry": {
        "type": "Point",
        "coordinates": [
          99.01954187654978,
          18.746290688916275
        ]
      }
    },
    {
      "type": "Feature",
      "properties": {
        "image_id": "CM_26",
        "instance_id": "CM_26_B005",
        "source_csv_line": 1100,
        "sam_confidence_score": 0.71875,
        "flood_affected": 0,
        "dino_water_contact_fraction": 0.053536021150033,
        "nearest_reference_control_m": 6.193238856474496,
        "within_800m_of_reference_group": 1,
        "position_status": "approximate_within_800m",
        "georeferencing_method": "homography_all_references",
        "result_source": "current_attached_reference",
        "image_file": "CM_26.jpg"
      },
      "geometry": {
        "type": "Point",
        "coordinates": [
          99.01948711703056,
          18.746558426979934
        ]
      }
    },
    {
      "type": "Feature",
      "properties": {
        "image_id": "CM_26",
        "instance_id": "CM_26_B006",
        "source_csv_line": 1101,
        "sam_confidence_score": 0.77734375,
        "flood_affected": 1,
        "dino_water_contact_fraction": 0.5043580683156655,
        "nearest_reference_control_m": 28.83060981596629,
        "within_800m_of_reference_group": 1,
        "position_status": "approximate_within_800m",
        "georeferencing_method": "homography_all_references",
        "result_source": "current_attached_reference",
        "image_file": "CM_26.jpg"
      },
      "geometry": {
        "type": "Point",
        "coordinates": [
          99.01943460883442,
          18.74710370445226
        ]
      }
    },
    {
      "type": "Feature",
      "properties": {
        "image_id": "CM_26",
        "instance_id": "CM_26_B007",
        "source_csv_line": 1102,
        "sam_confidence_score": 0.62109375,
        "flood_affected": 0,
        "dino_water_contact_fraction": 0.0,
        "nearest_reference_control_m": 24.088734847660756,
        "within_800m_of_reference_group": 1,
        "position_status": "approximate_within_800m",
        "georeferencing_method": "homography_all_references",
        "result_source": "current_attached_reference",
        "image_file": "CM_26.jpg"
      },
      "geometry": {
        "type": "Point",
        "coordinates": [
          99.0193514869658,
          18.74638625061429
        ]
      }
    },
    {
      "type": "Feature",
      "properties": {
        "image_id": "CM_26",
        "instance_id": "CM_26_B008",
        "source_csv_line": 1103,
        "sam_confidence_score": 0.81640625,
        "flood_affected": 0,
        "dino_water_contact_fraction": 0.0428960033479807,
        "nearest_reference_control_m": 19.083676477511418,
        "within_800m_of_reference_group": 1,
        "position_status": "approximate_within_800m",
        "georeferencing_method": "homography_all_references",
        "result_source": "current_attached_reference",
        "image_file": "CM_26.jpg"
      },
      "geometry": {
        "type": "Point",
        "coordinates": [
          99.01935467294369,
          18.746560626917056
        ]
      }
    },
    {
      "type": "Feature",
      "properties": {
        "image_id": "CM_26",
        "instance_id": "CM_26_B009",
        "source_csv_line": 1104,
        "sam_confidence_score": 0.8515625,
        "flood_affected": 1,
        "dino_water_contact_fraction": 0.4352612553401249,
        "nearest_reference_control_m": 5.738493670879719,
        "within_800m_of_reference_group": 1,
        "position_status": "approximate_within_800m",
        "georeferencing_method": "homography_all_references",
        "result_source": "current_attached_reference",
        "image_file": "CM_26.jpg"
      },
      "geometry": {
        "type": "Point",
        "coordinates": [
          99.01936339122868,
          18.74742837792601
        ]
      }
    },
    {
      "type": "Feature",
      "properties": {
        "image_id": "CM_26",
        "instance_id": "CM_26_B010",
        "source_csv_line": 1105,
        "sam_confidence_score": 0.81640625,
        "flood_affected": 0,
        "dino_water_contact_fraction": 0.0308826918644849,
        "nearest_reference_control_m": 33.07354622440946,
        "within_800m_of_reference_group": 1,
        "position_status": "approximate_within_800m",
        "georeferencing_method": "homography_all_references",
        "result_source": "current_attached_reference",
        "image_file": "CM_26.jpg"
      },
      "geometry": {
        "type": "Point",
        "coordinates": [
          99.01922085382319,
          18.74656699312976
        ]
      }
    },
    {
      "type": "Feature",
      "properties": {
        "image_id": "CM_26",
        "instance_id": "CM_26_B011",
        "source_csv_line": 1106,
        "sam_confidence_score": 0.72265625,
        "flood_affected": 1,
        "dino_water_contact_fraction": 0.0957642725598526,
        "nearest_reference_control_m": 46.2072560628015,
        "within_800m_of_reference_group": 1,
        "position_status": "approximate_within_800m",
        "georeferencing_method": "homography_all_references",
        "result_source": "current_attached_reference",
        "image_file": "CM_26.jpg"
      },
      "geometry": {
        "type": "Point",
        "coordinates": [
          99.01922274256458,
          18.74706071380323
        ]
      }
    },
    {
      "type": "Feature",
      "properties": {
        "image_id": "CM_26",
        "instance_id": "CM_26_B012",
        "source_csv_line": 1107,
        "sam_confidence_score": 0.80859375,
        "flood_affected": 0,
        "dino_water_contact_fraction": 0.0007630675314765,
        "nearest_reference_control_m": 45.318580738485274,
        "within_800m_of_reference_group": 1,
        "position_status": "approximate_within_800m",
        "georeferencing_method": "homography_all_references",
        "result_source": "current_attached_reference",
        "image_file": "CM_26.jpg"
      },
      "geometry": {
        "type": "Point",
        "coordinates": [
          99.01910592944228,
          18.74658315759882
        ]
      }
    },
    {
      "type": "Feature",
      "properties": {
        "image_id": "CM_26",
        "instance_id": "CM_26_B013",
        "source_csv_line": 1108,
        "sam_confidence_score": 0.80859375,
        "flood_affected": 1,
        "dino_water_contact_fraction": 0.3121793811021016,
        "nearest_reference_control_m": 28.731226944160955,
        "within_800m_of_reference_group": 1,
        "position_status": "approximate_within_800m",
        "georeferencing_method": "homography_all_references",
        "result_source": "current_attached_reference",
        "image_file": "CM_26.jpg"
      },
      "geometry": {
        "type": "Point",
        "coordinates": [
          99.01897087477482,
          18.747082976056735
        ]
      }
    },
    {
      "type": "Feature",
      "properties": {
        "image_id": "CM_26",
        "instance_id": "CM_26_B014",
        "source_csv_line": 1109,
        "sam_confidence_score": 0.58203125,
        "flood_affected": 1,
        "dino_water_contact_fraction": 0.7172284644194756,
        "nearest_reference_control_m": 22.56498335307263,
        "within_800m_of_reference_group": 1,
        "position_status": "approximate_within_800m",
        "georeferencing_method": "homography_all_references",
        "result_source": "current_attached_reference",
        "image_file": "CM_26.jpg"
      },
      "geometry": {
        "type": "Point",
        "coordinates": [
          99.01869030876287,
          18.747255318516267
        ]
      }
    },
    {
      "type": "Feature",
      "properties": {
        "image_id": "CM_26",
        "instance_id": "CM_26_B015",
        "source_csv_line": 1110,
        "sam_confidence_score": 0.90234375,
        "flood_affected": 1,
        "dino_water_contact_fraction": 0.6003668554111173,
        "nearest_reference_control_m": 5.90363033578143,
        "within_800m_of_reference_group": 1,
        "position_status": "approximate_within_800m",
        "georeferencing_method": "homography_all_references",
        "result_source": "current_attached_reference",
        "image_file": "CM_26.jpg"
      },
      "geometry": {
        "type": "Point",
        "coordinates": [
          99.01866232678013,
          18.74709082027317
        ]
      }
    },
    {
      "type": "Feature",
      "properties": {
        "image_id": "CM_29",
        "instance_id": "CM_29_B001",
        "source_csv_line": 1219,
        "sam_confidence_score": 0.671875,
        "flood_affected": 0,
        "dino_water_contact_fraction": 0.0526315789473684,
        "nearest_reference_control_m": 2.5750675580473033,
        "within_800m_of_reference_group": 1,
        "position_status": "approximate_within_800m",
        "georeferencing_method": "homography_all_references",
        "result_source": "current_attached_reference",
        "image_file": "CM_29.jpg"
      },
      "geometry": {
        "type": "Point",
        "coordinates": [
          99.0056300737156,
          18.809245866714928
        ]
      }
    },
    {
      "type": "Feature",
      "properties": {
        "image_id": "CM_29",
        "instance_id": "CM_29_B002",
        "source_csv_line": 1220,
        "sam_confidence_score": 0.625,
        "flood_affected": 1,
        "dino_water_contact_fraction": 0.0865660233135868,
        "nearest_reference_control_m": 8.936163153534645,
        "within_800m_of_reference_group": 1,
        "position_status": "approximate_within_800m",
        "georeferencing_method": "homography_all_references",
        "result_source": "current_attached_reference",
        "image_file": "CM_29.jpg"
      },
      "geometry": {
        "type": "Point",
        "coordinates": [
          99.00550613264019,
          18.809473882218004
        ]
      }
    },
    {
      "type": "Feature",
      "properties": {
        "image_id": "CM_29",
        "instance_id": "CM_29_B003",
        "source_csv_line": 1221,
        "sam_confidence_score": 0.71484375,
        "flood_affected": 1,
        "dino_water_contact_fraction": 0.1717081850533807,
        "nearest_reference_control_m": 24.1169217543672,
        "within_800m_of_reference_group": 1,
        "position_status": "approximate_within_800m",
        "georeferencing_method": "homography_all_references",
        "result_source": "current_attached_reference",
        "image_file": "CM_29.jpg"
      },
      "geometry": {
        "type": "Point",
        "coordinates": [
          99.00514013566399,
          18.808844961895485
        ]
      }
    },
    {
      "type": "Feature",
      "properties": {
        "image_id": "CM_29",
        "instance_id": "CM_29_B004",
        "source_csv_line": 1222,
        "sam_confidence_score": 0.57421875,
        "flood_affected": 0,
        "dino_water_contact_fraction": 0.065538279866168,
        "nearest_reference_control_m": 32.71741733318668,
        "within_800m_of_reference_group": 1,
        "position_status": "approximate_within_800m",
        "georeferencing_method": "homography_all_references",
        "result_source": "current_attached_reference",
        "image_file": "CM_29.jpg"
      },
      "geometry": {
        "type": "Point",
        "coordinates": [
          99.0052819578709,
          18.809436354107426
        ]
      }
    },
    {
      "type": "Feature",
      "properties": {
        "image_id": "CM_29",
        "instance_id": "CM_29_B005",
        "source_csv_line": 1223,
        "sam_confidence_score": 0.65625,
        "flood_affected": 1,
        "dino_water_contact_fraction": 0.5793025871766029,
        "nearest_reference_control_m": 3.1787054394909973,
        "within_800m_of_reference_group": 1,
        "position_status": "approximate_within_800m",
        "georeferencing_method": "homography_all_references",
        "result_source": "current_attached_reference",
        "image_file": "CM_29.jpg"
      },
      "geometry": {
        "type": "Point",
        "coordinates": [
          99.00493261151517,
          18.808818919324636
        ]
      }
    },
    {
      "type": "Feature",
      "properties": {
        "image_id": "CM_29",
        "instance_id": "CM_29_B006",
        "source_csv_line": 1224,
        "sam_confidence_score": 0.60546875,
        "flood_affected": 0,
        "dino_water_contact_fraction": 0.0,
        "nearest_reference_control_m": 34.63850018587178,
        "within_800m_of_reference_group": 1,
        "position_status": "approximate_within_800m",
        "georeferencing_method": "homography_all_references",
        "result_source": "current_attached_reference",
        "image_file": "CM_29.jpg"
      },
      "geometry": {
        "type": "Point",
        "coordinates": [
          99.00503382331232,
          18.80908683983411
        ]
      }
    },
    {
      "type": "Feature",
      "properties": {
        "image_id": "CM_29",
        "instance_id": "CM_29_B007",
        "source_csv_line": 1225,
        "sam_confidence_score": 0.53515625,
        "flood_affected": 0,
        "dino_water_contact_fraction": 0.0,
        "nearest_reference_control_m": 36.37414995215662,
        "within_800m_of_reference_group": 1,
        "position_status": "approximate_within_800m",
        "georeferencing_method": "homography_all_references",
        "result_source": "current_attached_reference",
        "image_file": "CM_29.jpg"
      },
      "geometry": {
        "type": "Point",
        "coordinates": [
          99.00486048642874,
          18.809118214309134
        ]
      }
    },
    {
      "type": "Feature",
      "properties": {
        "image_id": "CM_29",
        "instance_id": "CM_29_B008",
        "source_csv_line": 1226,
        "sam_confidence_score": 0.609375,
        "flood_affected": 1,
        "dino_water_contact_fraction": 0.2636065573770492,
        "nearest_reference_control_m": 35.64304349127324,
        "within_800m_of_reference_group": 1,
        "position_status": "approximate_within_800m",
        "georeferencing_method": "homography_all_references",
        "result_source": "current_attached_reference",
        "image_file": "CM_29.jpg"
      },
      "geometry": {
        "type": "Point",
        "coordinates": [
          99.00476178636342,
          18.809079927744104
        ]
      }
    },
    {
      "type": "Feature",
      "properties": {
        "image_id": "CM_29",
        "instance_id": "CM_29_B009",
        "source_csv_line": 1227,
        "sam_confidence_score": 0.78125,
        "flood_affected": 1,
        "dino_water_contact_fraction": 0.3039391226499552,
        "nearest_reference_control_m": 6.179323216266417,
        "within_800m_of_reference_group": 1,
        "position_status": "approximate_within_800m",
        "georeferencing_method": "homography_all_references",
        "result_source": "current_attached_reference",
        "image_file": "CM_29.jpg"
      },
      "geometry": {
        "type": "Point",
        "coordinates": [
          99.0044076292749,
          18.809320202651005
        ]
      }
    },
    {
      "type": "Feature",
      "properties": {
        "image_id": "CM_29",
        "instance_id": "CM_29_B010",
        "source_csv_line": 1228,
        "sam_confidence_score": 0.5234375,
        "flood_affected": 1,
        "dino_water_contact_fraction": 0.2713348847048868,
        "nearest_reference_control_m": 3.735206851895746,
        "within_800m_of_reference_group": 1,
        "position_status": "approximate_within_800m",
        "georeferencing_method": "homography_all_references",
        "result_source": "current_attached_reference",
        "image_file": "CM_29.jpg"
      },
      "geometry": {
        "type": "Point",
        "coordinates": [
          99.00431651462173,
          18.809618686142684
        ]
      }
    },
    {
      "type": "Feature",
      "properties": {
        "image_id": "CM_30",
        "instance_id": "CM_30_B001",
        "source_csv_line": 1229,
        "sam_confidence_score": 0.734375,
        "flood_affected": 0,
        "dino_water_contact_fraction": 0.0530287151540557,
        "nearest_reference_control_m": 8.363261204873853,
        "within_800m_of_reference_group": 1,
        "position_status": "approximate_within_800m",
        "georeferencing_method": "homography_all_references",
        "result_source": "current_attached_reference",
        "image_file": "CM_30.jpg"
      },
      "geometry": {
        "type": "Point",
        "coordinates": [
          99.00557559050318,
          18.81113018494995
        ]
      }
    },
    {
      "type": "Feature",
      "properties": {
        "image_id": "CM_30",
        "instance_id": "CM_30_B002",
        "source_csv_line": 1230,
        "sam_confidence_score": 0.52734375,
        "flood_affected": 0,
        "dino_water_contact_fraction": 0.0,
        "nearest_reference_control_m": 103.78820958981355,
        "within_800m_of_reference_group": 1,
        "position_status": "approximate_within_800m",
        "georeferencing_method": "homography_all_references",
        "result_source": "current_attached_reference",
        "image_file": "CM_30.jpg"
      },
      "geometry": {
        "type": "Point",
        "coordinates": [
          99.00427431435304,
          18.812169670646607
        ]
      }
    },
    {
      "type": "Feature",
      "properties": {
        "image_id": "CM_30",
        "instance_id": "CM_30_B003",
        "source_csv_line": 1231,
        "sam_confidence_score": 0.87109375,
        "flood_affected": 1,
        "dino_water_contact_fraction": 0.4050825369244135,
        "nearest_reference_control_m": 41.837033377466234,
        "within_800m_of_reference_group": 1,
        "position_status": "approximate_within_800m",
        "georeferencing_method": "homography_all_references",
        "result_source": "current_attached_reference",
        "image_file": "CM_30.jpg"
      },
      "geometry": {
        "type": "Point",
        "coordinates": [
          99.00524189296073,
          18.81116553731617
        ]
      }
    },
    {
      "type": "Feature",
      "properties": {
        "image_id": "CM_30",
        "instance_id": "CM_30_B004",
        "source_csv_line": 1232,
        "sam_confidence_score": 0.5625,
        "flood_affected": 0,
        "dino_water_contact_fraction": 0.007286333202048,
        "nearest_reference_control_m": 57.52838502753768,
        "within_800m_of_reference_group": 1,
        "position_status": "approximate_within_800m",
        "georeferencing_method": "homography_all_references",
        "result_source": "current_attached_reference",
        "image_file": "CM_30.jpg"
      },
      "geometry": {
        "type": "Point",
        "coordinates": [
          99.00507073752745,
          18.81127787198119
        ]
      }
    },
    {
      "type": "Feature",
      "properties": {
        "image_id": "CM_30",
        "instance_id": "CM_30_B005",
        "source_csv_line": 1233,
        "sam_confidence_score": 0.59375,
        "flood_affected": 0,
        "dino_water_contact_fraction": 0.0147014701470147,
        "nearest_reference_control_m": 42.665575489354275,
        "within_800m_of_reference_group": 1,
        "position_status": "approximate_within_800m",
        "georeferencing_method": "homography_all_references",
        "result_source": "current_attached_reference",
        "image_file": "CM_30.jpg"
      },
      "geometry": {
        "type": "Point",
        "coordinates": [
          99.00474362645647,
          18.81138708666632
        ]
      }
    },
    {
      "type": "Feature",
      "properties": {
        "image_id": "CM_30",
        "instance_id": "CM_30_B006",
        "source_csv_line": 1234,
        "sam_confidence_score": 0.72265625,
        "flood_affected": 0,
        "dino_water_contact_fraction": 0.0050726308508185,
        "nearest_reference_control_m": 58.68796613392618,
        "within_800m_of_reference_group": 1,
        "position_status": "approximate_within_800m",
        "georeferencing_method": "homography_all_references",
        "result_source": "current_attached_reference",
        "image_file": "CM_30.jpg"
      },
      "geometry": {
        "type": "Point",
        "coordinates": [
          99.00448297410038,
          18.81155038007669
        ]
      }
    },
    {
      "type": "Feature",
      "properties": {
        "image_id": "CM_30",
        "instance_id": "CM_30_B007",
        "source_csv_line": 1235,
        "sam_confidence_score": 0.56640625,
        "flood_affected": 0,
        "dino_water_contact_fraction": 0.0,
        "nearest_reference_control_m": 63.56435477179003,
        "within_800m_of_reference_group": 1,
        "position_status": "approximate_within_800m",
        "georeferencing_method": "homography_all_references",
        "result_source": "current_attached_reference",
        "image_file": "CM_30.jpg"
      },
      "geometry": {
        "type": "Point",
        "coordinates": [
          99.00411898791562,
          18.81183193883235
        ]
      }
    },
    {
      "type": "Feature",
      "properties": {
        "image_id": "CM_30",
        "instance_id": "CM_30_B008",
        "source_csv_line": 1236,
        "sam_confidence_score": 0.53125,
        "flood_affected": 0,
        "dino_water_contact_fraction": 0.0,
        "nearest_reference_control_m": 55.86762514320896,
        "within_800m_of_reference_group": 1,
        "position_status": "approximate_within_800m",
        "georeferencing_method": "homography_all_references",
        "result_source": "current_attached_reference",
        "image_file": "CM_30.jpg"
      },
      "geometry": {
        "type": "Point",
        "coordinates": [
          99.00428995290841,
          18.811691559424023
        ]
      }
    },
    {
      "type": "Feature",
      "properties": {
        "image_id": "CM_30",
        "instance_id": "CM_30_B009",
        "source_csv_line": 1237,
        "sam_confidence_score": 0.76171875,
        "flood_affected": 1,
        "dino_water_contact_fraction": 0.101595744680851,
        "nearest_reference_control_m": 54.23736120134412,
        "within_800m_of_reference_group": 1,
        "position_status": "approximate_within_800m",
        "georeferencing_method": "homography_all_references",
        "result_source": "current_attached_reference",
        "image_file": "CM_30.jpg"
      },
      "geometry": {
        "type": "Point",
        "coordinates": [
          99.00539955851683,
          18.810741872751443
        ]
      }
    },
    {
      "type": "Feature",
      "properties": {
        "image_id": "CM_30",
        "instance_id": "CM_30_B010",
        "source_csv_line": 1238,
        "sam_confidence_score": 0.71484375,
        "flood_affected": 1,
        "dino_water_contact_fraction": 0.109706546275395,
        "nearest_reference_control_m": 46.8932959744996,
        "within_800m_of_reference_group": 1,
        "position_status": "approximate_within_800m",
        "georeferencing_method": "homography_all_references",
        "result_source": "current_attached_reference",
        "image_file": "CM_30.jpg"
      },
      "geometry": {
        "type": "Point",
        "coordinates": [
          99.00502922512896,
          18.81095718682349
        ]
      }
    },
    {
      "type": "Feature",
      "properties": {
        "image_id": "CM_30",
        "instance_id": "CM_30_B011",
        "source_csv_line": 1239,
        "sam_confidence_score": 0.63671875,
        "flood_affected": 0,
        "dino_water_contact_fraction": 0.0,
        "nearest_reference_control_m": 18.775718747086803,
        "within_800m_of_reference_group": 1,
        "position_status": "approximate_within_800m",
        "georeferencing_method": "homography_all_references",
        "result_source": "current_attached_reference",
        "image_file": "CM_30.jpg"
      },
      "geometry": {
        "type": "Point",
        "coordinates": [
          99.00474114236783,
          18.811121090397524
        ]
      }
    },
    {
      "type": "Feature",
      "properties": {
        "image_id": "CM_30",
        "instance_id": "CM_30_B012",
        "source_csv_line": 1240,
        "sam_confidence_score": 0.71484375,
        "flood_affected": 0,
        "dino_water_contact_fraction": 0.0,
        "nearest_reference_control_m": 33.96761529535662,
        "within_800m_of_reference_group": 1,
        "position_status": "approximate_within_800m",
        "georeferencing_method": "homography_all_references",
        "result_source": "current_attached_reference",
        "image_file": "CM_30.jpg"
      },
      "geometry": {
        "type": "Point",
        "coordinates": [
          99.00427109425158,
          18.811435120444454
        ]
      }
    },
    {
      "type": "Feature",
      "properties": {
        "image_id": "CM_30",
        "instance_id": "CM_30_B013",
        "source_csv_line": 1241,
        "sam_confidence_score": 0.5234375,
        "flood_affected": 1,
        "dino_water_contact_fraction": 0.4118700434893835,
        "nearest_reference_control_m": 41.426470418501,
        "within_800m_of_reference_group": 1,
        "position_status": "approximate_within_800m",
        "georeferencing_method": "homography_all_references",
        "result_source": "current_attached_reference",
        "image_file": "CM_30.jpg"
      },
      "geometry": {
        "type": "Point",
        "coordinates": [
          99.00510218613124,
          18.810692431307096
        ]
      }
    },
    {
      "type": "Feature",
      "properties": {
        "image_id": "CM_30",
        "instance_id": "CM_30_B014",
        "source_csv_line": 1242,
        "sam_confidence_score": 0.5625,
        "flood_affected": 0,
        "dino_water_contact_fraction": 0.0158061116965226,
        "nearest_reference_control_m": 28.13882091912076,
        "within_800m_of_reference_group": 1,
        "position_status": "approximate_within_800m",
        "georeferencing_method": "homography_all_references",
        "result_source": "current_attached_reference",
        "image_file": "CM_30.jpg"
      },
      "geometry": {
        "type": "Point",
        "coordinates": [
          99.00440670428344,
          18.811214230302472
        ]
      }
    },
    {
      "type": "Feature",
      "properties": {
        "image_id": "CM_30",
        "instance_id": "CM_30_B015",
        "source_csv_line": 1243,
        "sam_confidence_score": 0.515625,
        "flood_affected": 0,
        "dino_water_contact_fraction": 0.0346930995043842,
        "nearest_reference_control_m": 19.141315126539407,
        "within_800m_of_reference_group": 1,
        "position_status": "approximate_within_800m",
        "georeferencing_method": "homography_all_references",
        "result_source": "current_attached_reference",
        "image_file": "CM_30.jpg"
      },
      "geometry": {
        "type": "Point",
        "coordinates": [
          99.00414762569805,
          18.811369781418
        ]
      }
    },
    {
      "type": "Feature",
      "properties": {
        "image_id": "CM_30",
        "instance_id": "CM_30_B016",
        "source_csv_line": 1244,
        "sam_confidence_score": 0.51953125,
        "flood_affected": 0,
        "dino_water_contact_fraction": 0.0411819450907398,
        "nearest_reference_control_m": 39.90660213503001,
        "within_800m_of_reference_group": 1,
        "position_status": "approximate_within_800m",
        "georeferencing_method": "homography_all_references",
        "result_source": "current_attached_reference",
        "image_file": "CM_30.jpg"
      },
      "geometry": {
        "type": "Point",
        "coordinates": [
          99.00524170701787,
          18.81050133910598
        ]
      }
    },
    {
      "type": "Feature",
      "properties": {
        "image_id": "CM_30",
        "instance_id": "CM_30_B017",
        "source_csv_line": 1245,
        "sam_confidence_score": 0.7734375,
        "flood_affected": 1,
        "dino_water_contact_fraction": 0.1183966349127799,
        "nearest_reference_control_m": 30.214581721620014,
        "within_800m_of_reference_group": 1,
        "position_status": "approximate_within_800m",
        "georeferencing_method": "homography_all_references",
        "result_source": "current_attached_reference",
        "image_file": "CM_30.jpg"
      },
      "geometry": {
        "type": "Point",
        "coordinates": [
          99.00478663168435,
          18.810830522690278
        ]
      }
    },
    {
      "type": "Feature",
      "properties": {
        "image_id": "CM_30",
        "instance_id": "CM_30_B018",
        "source_csv_line": 1246,
        "sam_confidence_score": 0.82421875,
        "flood_affected": 0,
        "dino_water_contact_fraction": 0.0561309030654515,
        "nearest_reference_control_m": 7.364110922638131,
        "within_800m_of_reference_group": 1,
        "position_status": "approximate_within_800m",
        "georeferencing_method": "homography_all_references",
        "result_source": "current_attached_reference",
        "image_file": "CM_30.jpg"
      },
      "geometry": {
        "type": "Point",
        "coordinates": [
          99.00455360389194,
          18.810973653153408
        ]
      }
    },
    {
      "type": "Feature",
      "properties": {
        "image_id": "CM_30",
        "instance_id": "CM_30_B019",
        "source_csv_line": 1247,
        "sam_confidence_score": 0.7890625,
        "flood_affected": 0,
        "dino_water_contact_fraction": 0.0,
        "nearest_reference_control_m": 1.704733363133198,
        "within_800m_of_reference_group": 1,
        "position_status": "approximate_within_800m",
        "georeferencing_method": "homography_all_references",
        "result_source": "current_attached_reference",
        "image_file": "CM_30.jpg"
      },
      "geometry": {
        "type": "Point",
        "coordinates": [
          99.00399491692572,
          18.811254137421205
        ]
      }
    },
    {
      "type": "Feature",
      "properties": {
        "image_id": "CM_30",
        "instance_id": "CM_30_B020",
        "source_csv_line": 1248,
        "sam_confidence_score": 0.625,
        "flood_affected": 1,
        "dino_water_contact_fraction": 0.2440546967895362,
        "nearest_reference_control_m": 24.254098740750166,
        "within_800m_of_reference_group": 1,
        "position_status": "approximate_within_800m",
        "georeferencing_method": "homography_all_references",
        "result_source": "current_attached_reference",
        "image_file": "CM_30.jpg"
      },
      "geometry": {
        "type": "Point",
        "coordinates": [
          99.00416051853345,
          18.81111140303362
        ]
      }
    },
    {
      "type": "Feature",
      "properties": {
        "image_id": "CM_30",
        "instance_id": "CM_30_B021",
        "source_csv_line": 1249,
        "sam_confidence_score": 0.5859375,
        "flood_affected": 1,
        "dino_water_contact_fraction": 0.7312169312169312,
        "nearest_reference_control_m": 16.913477130597983,
        "within_800m_of_reference_group": 1,
        "position_status": "approximate_within_800m",
        "georeferencing_method": "homography_all_references",
        "result_source": "current_attached_reference",
        "image_file": "CM_30.jpg"
      },
      "geometry": {
        "type": "Point",
        "coordinates": [
          99.00485546411984,
          18.81053066955811
        ]
      }
    },
    {
      "type": "Feature",
      "properties": {
        "image_id": "CM_30",
        "instance_id": "CM_30_B022",
        "source_csv_line": 1250,
        "sam_confidence_score": 0.80078125,
        "flood_affected": 1,
        "dino_water_contact_fraction": 0.1181172291296625,
        "nearest_reference_control_m": 25.2726080186288,
        "within_800m_of_reference_group": 1,
        "position_status": "approximate_within_800m",
        "georeferencing_method": "homography_all_references",
        "result_source": "current_attached_reference",
        "image_file": "CM_30.jpg"
      },
      "geometry": {
        "type": "Point",
        "coordinates": [
          99.00409936809847,
          18.811060726862603
        ]
      }
    },
    {
      "type": "Feature",
      "properties": {
        "image_id": "CM_30",
        "instance_id": "CM_30_B023",
        "source_csv_line": 1251,
        "sam_confidence_score": 0.81640625,
        "flood_affected": 0,
        "dino_water_contact_fraction": 0.0543760500992821,
        "nearest_reference_control_m": 25.53921750619075,
        "within_800m_of_reference_group": 1,
        "position_status": "approximate_within_800m",
        "georeferencing_method": "homography_all_references",
        "result_source": "current_attached_reference",
        "image_file": "CM_30.jpg"
      },
      "geometry": {
        "type": "Point",
        "coordinates": [
          99.00434698088364,
          18.810824714289993
        ]
      }
    },
    {
      "type": "Feature",
      "properties": {
        "image_id": "CM_30",
        "instance_id": "CM_30_B024",
        "source_csv_line": 1252,
        "sam_confidence_score": 0.65234375,
        "flood_affected": 1,
        "dino_water_contact_fraction": 0.4975480950584685,
        "nearest_reference_control_m": 21.991736991740034,
        "within_800m_of_reference_group": 1,
        "position_status": "approximate_within_800m",
        "georeferencing_method": "homography_all_references",
        "result_source": "current_attached_reference",
        "image_file": "CM_30.jpg"
      },
      "geometry": {
        "type": "Point",
        "coordinates": [
          99.00396320019222,
          18.81107308963855
        ]
      }
    },
    {
      "type": "Feature",
      "properties": {
        "image_id": "CM_30",
        "instance_id": "CM_30_B025",
        "source_csv_line": 1253,
        "sam_confidence_score": 0.546875,
        "flood_affected": 1,
        "dino_water_contact_fraction": 0.6853296056503826,
        "nearest_reference_control_m": 4.087556673893107,
        "within_800m_of_reference_group": 1,
        "position_status": "approximate_within_800m",
        "georeferencing_method": "homography_all_references",
        "result_source": "current_attached_reference",
        "image_file": "CM_30.jpg"
      },
      "geometry": {
        "type": "Point",
        "coordinates": [
          99.00485232904919,
          18.81040046695488
        ]
      }
    },
    {
      "type": "Feature",
      "properties": {
        "image_id": "CM_30",
        "instance_id": "CM_30_B026",
        "source_csv_line": 1254,
        "sam_confidence_score": 0.83203125,
        "flood_affected": 1,
        "dino_water_contact_fraction": 0.4841652323580034,
        "nearest_reference_control_m": 14.90182158020188,
        "within_800m_of_reference_group": 1,
        "position_status": "approximate_within_800m",
        "georeferencing_method": "homography_all_references",
        "result_source": "current_attached_reference",
        "image_file": "CM_30.jpg"
      },
      "geometry": {
        "type": "Point",
        "coordinates": [
          99.00417215056798,
          18.810845717364472
        ]
      }
    },
    {
      "type": "Feature",
      "properties": {
        "image_id": "CM_30",
        "instance_id": "CM_30_B027",
        "source_csv_line": 1255,
        "sam_confidence_score": 0.84375,
        "flood_affected": 1,
        "dino_water_contact_fraction": 0.3747878787878788,
        "nearest_reference_control_m": 1.6713905085634813,
        "within_800m_of_reference_group": 1,
        "position_status": "approximate_within_800m",
        "georeferencing_method": "homography_all_references",
        "result_source": "current_attached_reference",
        "image_file": "CM_30.jpg"
      },
      "geometry": {
        "type": "Point",
        "coordinates": [
          99.0041385803208,
          18.810702159805576
        ]
      }
    },
    {
      "type": "Feature",
      "properties": {
        "image_id": "CM_30",
        "instance_id": "CM_30_B028",
        "source_csv_line": 1256,
        "sam_confidence_score": 0.8203125,
        "flood_affected": 1,
        "dino_water_contact_fraction": 0.7309156033131856,
        "nearest_reference_control_m": 31.775387397103806,
        "within_800m_of_reference_group": 1,
        "position_status": "approximate_within_800m",
        "georeferencing_method": "homography_all_references",
        "result_source": "current_attached_reference",
        "image_file": "CM_30.jpg"
      },
      "geometry": {
        "type": "Point",
        "coordinates": [
          99.00416479946009,
          18.81043071928015
        ]
      }
    },
    {
      "type": "Feature",
      "properties": {
        "image_id": "CM_30",
        "instance_id": "CM_30_B029",
        "source_csv_line": 1257,
        "sam_confidence_score": 0.734375,
        "flood_affected": 1,
        "dino_water_contact_fraction": 0.8996620194338826,
        "nearest_reference_control_m": 25.858856612534993,
        "within_800m_of_reference_group": 1,
        "position_status": "approximate_within_800m",
        "georeferencing_method": "homography_all_references",
        "result_source": "current_attached_reference",
        "image_file": "CM_30.jpg"
      },
      "geometry": {
        "type": "Point",
        "coordinates": [
          99.00399002855094,
          18.81052634638756
        ]
      }
    },
    {
      "type": "Feature",
      "properties": {
        "image_id": "CM_32",
        "instance_id": "CM_32_B001",
        "source_csv_line": 1322,
        "sam_confidence_score": 0.5546875,
        "flood_affected": 1,
        "dino_water_contact_fraction": 0.1935483870967742,
        "nearest_reference_control_m": 149.24134903443465,
        "within_800m_of_reference_group": 1,
        "position_status": "approximate_within_800m",
        "georeferencing_method": "homography_all_references",
        "result_source": "current_attached_reference",
        "image_file": "CM_32.png"
      },
      "geometry": {
        "type": "Point",
        "coordinates": [
          99.01347310440575,
          18.78118971377615
        ]
      }
    },
    {
      "type": "Feature",
      "properties": {
        "image_id": "CM_32",
        "instance_id": "CM_32_B002",
        "source_csv_line": 1323,
        "sam_confidence_score": 0.5546875,
        "flood_affected": 1,
        "dino_water_contact_fraction": 0.1839525871894232,
        "nearest_reference_control_m": 66.28084294923272,
        "within_800m_of_reference_group": 1,
        "position_status": "approximate_within_800m",
        "georeferencing_method": "homography_all_references",
        "result_source": "current_attached_reference",
        "image_file": "CM_32.png"
      },
      "geometry": {
        "type": "Point",
        "coordinates": [
          99.01272499596743,
          18.78219505938926
        ]
      }
    },
    {
      "type": "Feature",
      "properties": {
        "image_id": "CM_32",
        "instance_id": "CM_32_B003",
        "source_csv_line": 1324,
        "sam_confidence_score": 0.7109375,
        "flood_affected": 1,
        "dino_water_contact_fraction": 0.1194074074074074,
        "nearest_reference_control_m": 118.30456895416273,
        "within_800m_of_reference_group": 1,
        "position_status": "approximate_within_800m",
        "georeferencing_method": "homography_all_references",
        "result_source": "current_attached_reference",
        "image_file": "CM_32.png"
      },
      "geometry": {
        "type": "Point",
        "coordinates": [
          99.01146173647282,
          18.783295037087566
        ]
      }
    },
    {
      "type": "Feature",
      "properties": {
        "image_id": "CM_32",
        "instance_id": "CM_32_B004",
        "source_csv_line": 1325,
        "sam_confidence_score": 0.5546875,
        "flood_affected": 0,
        "dino_water_contact_fraction": 0.0576891913790309,
        "nearest_reference_control_m": 95.67668476140942,
        "within_800m_of_reference_group": 1,
        "position_status": "approximate_within_800m",
        "georeferencing_method": "homography_all_references",
        "result_source": "current_attached_reference",
        "image_file": "CM_32.png"
      },
      "geometry": {
        "type": "Point",
        "coordinates": [
          99.01381969245311,
          18.78184719087223
        ]
      }
    },
    {
      "type": "Feature",
      "properties": {
        "image_id": "CM_32",
        "instance_id": "CM_32_B005",
        "source_csv_line": 1326,
        "sam_confidence_score": 0.6015625,
        "flood_affected": 1,
        "dino_water_contact_fraction": 0.1365384615384615,
        "nearest_reference_control_m": 54.252675492432765,
        "within_800m_of_reference_group": 1,
        "position_status": "approximate_within_800m",
        "georeferencing_method": "homography_all_references",
        "result_source": "current_attached_reference",
        "image_file": "CM_32.png"
      },
      "geometry": {
        "type": "Point",
        "coordinates": [
          99.01206869615042,
          18.783368582839564
        ]
      }
    },
    {
      "type": "Feature",
      "properties": {
        "image_id": "CM_32",
        "instance_id": "CM_32_B006",
        "source_csv_line": 1327,
        "sam_confidence_score": 0.77734375,
        "flood_affected": 1,
        "dino_water_contact_fraction": 0.1668912848158131,
        "nearest_reference_control_m": 7.587155279168133,
        "within_800m_of_reference_group": 1,
        "position_status": "approximate_within_800m",
        "georeferencing_method": "homography_all_references",
        "result_source": "current_attached_reference",
        "image_file": "CM_32.png"
      },
      "geometry": {
        "type": "Point",
        "coordinates": [
          99.01330388971259,
          18.782569533725464
        ]
      }
    },
    {
      "type": "Feature",
      "properties": {
        "image_id": "CM_32",
        "instance_id": "CM_32_B007",
        "source_csv_line": 1328,
        "sam_confidence_score": 0.6953125,
        "flood_affected": 1,
        "dino_water_contact_fraction": 0.1698377168438724,
        "nearest_reference_control_m": 214.0153292259462,
        "within_800m_of_reference_group": 1,
        "position_status": "approximate_within_800m",
        "georeferencing_method": "homography_all_references",
        "result_source": "current_attached_reference",
        "image_file": "CM_32.png"
      },
      "geometry": {
        "type": "Point",
        "coordinates": [
          99.01492396569638,
          18.78142415145321
        ]
      }
    },
    {
      "type": "Feature",
      "properties": {
        "image_id": "CM_32",
        "instance_id": "CM_32_B008",
        "source_csv_line": 1329,
        "sam_confidence_score": 0.71484375,
        "flood_affected": 0,
        "dino_water_contact_fraction": 0.0040726817042606,
        "nearest_reference_control_m": 7.067358771381459,
        "within_800m_of_reference_group": 1,
        "position_status": "approximate_within_800m",
        "georeferencing_method": "homography_all_references",
        "result_source": "current_attached_reference",
        "image_file": "CM_32.png"
      },
      "geometry": {
        "type": "Point",
        "coordinates": [
          99.01264621798516,
          18.783368314855615
        ]
      }
    },
    {
      "type": "Feature",
      "properties": {
        "image_id": "CM_32",
        "instance_id": "CM_32_B009",
        "source_csv_line": 1330,
        "sam_confidence_score": 0.546875,
        "flood_affected": 1,
        "dino_water_contact_fraction": 0.6251725436064751,
        "nearest_reference_control_m": 316.510307668011,
        "within_800m_of_reference_group": 1,
        "position_status": "approximate_within_800m",
        "georeferencing_method": "homography_all_references",
        "result_source": "current_attached_reference",
        "image_file": "CM_32.png"
      },
      "geometry": {
        "type": "Point",
        "coordinates": [
          99.01645168562975,
          18.780614166032514
        ]
      }
    },
    {
      "type": "Feature",
      "properties": {
        "image_id": "CM_32",
        "instance_id": "CM_32_B010",
        "source_csv_line": 1331,
        "sam_confidence_score": 0.52734375,
        "flood_affected": 0,
        "dino_water_contact_fraction": 0.015,
        "nearest_reference_control_m": 165.93349735547926,
        "within_800m_of_reference_group": 1,
        "position_status": "approximate_within_800m",
        "georeferencing_method": "homography_all_references",
        "result_source": "current_attached_reference",
        "image_file": "CM_32.png"
      },
      "geometry": {
        "type": "Point",
        "coordinates": [
          99.01549711435095,
          18.782244473838805
        ]
      }
    },
    {
      "type": "Feature",
      "properties": {
        "image_id": "CM_32",
        "instance_id": "CM_32_B011",
        "source_csv_line": 1332,
        "sam_confidence_score": 0.54296875,
        "flood_affected": 0,
        "dino_water_contact_fraction": 0.0,
        "nearest_reference_control_m": 183.51216832141853,
        "within_800m_of_reference_group": 1,
        "position_status": "approximate_within_800m",
        "georeferencing_method": "homography_all_references",
        "result_source": "current_attached_reference",
        "image_file": "CM_32.png"
      },
      "geometry": {
        "type": "Point",
        "coordinates": [
          99.01305023481513,
          18.785033553493577
        ]
      }
    },
    {
      "type": "Feature",
      "properties": {
        "image_id": "CM_32",
        "instance_id": "CM_32_B012",
        "source_csv_line": 1333,
        "sam_confidence_score": 0.6953125,
        "flood_affected": 1,
        "dino_water_contact_fraction": 0.2567114093959731,
        "nearest_reference_control_m": 131.63146310787727,
        "within_800m_of_reference_group": 1,
        "position_status": "approximate_within_800m",
        "georeferencing_method": "homography_all_references",
        "result_source": "current_attached_reference",
        "image_file": "CM_32.png"
      },
      "geometry": {
        "type": "Point",
        "coordinates": [
          99.01411119957817,
          18.784254234504342
        ]
      }
    },
    {
      "type": "Feature",
      "properties": {
        "image_id": "CM_32",
        "instance_id": "CM_32_B013",
        "source_csv_line": 1334,
        "sam_confidence_score": 0.62890625,
        "flood_affected": 1,
        "dino_water_contact_fraction": 0.1878806333739342,
        "nearest_reference_control_m": 145.8593350206412,
        "within_800m_of_reference_group": 1,
        "position_status": "approximate_within_800m",
        "georeferencing_method": "homography_all_references",
        "result_source": "current_attached_reference",
        "image_file": "CM_32.png"
      },
      "geometry": {
        "type": "Point",
        "coordinates": [
          99.01501933985145,
          18.783588445663682
        ]
      }
    },
    {
      "type": "Feature",
      "properties": {
        "image_id": "CM_32",
        "instance_id": "CM_32_B014",
        "source_csv_line": 1335,
        "sam_confidence_score": 0.59375,
        "flood_affected": 1,
        "dino_water_contact_fraction": 0.1606945975744211,
        "nearest_reference_control_m": 222.9996099317763,
        "within_800m_of_reference_group": 1,
        "position_status": "approximate_within_800m",
        "georeferencing_method": "homography_all_references",
        "result_source": "current_attached_reference",
        "image_file": "CM_32.png"
      },
      "geometry": {
        "type": "Point",
        "coordinates": [
          99.01774597602704,
          18.78172773632248
        ]
      }
    },
    {
      "type": "Feature",
      "properties": {
        "image_id": "CM_32",
        "instance_id": "CM_32_B015",
        "source_csv_line": 1336,
        "sam_confidence_score": 0.640625,
        "flood_affected": 1,
        "dino_water_contact_fraction": 0.286736214605067,
        "nearest_reference_control_m": 81.34169102702995,
        "within_800m_of_reference_group": 1,
        "position_status": "approximate_within_800m",
        "georeferencing_method": "homography_all_references",
        "result_source": "current_attached_reference",
        "image_file": "CM_32.png"
      },
      "geometry": {
        "type": "Point",
        "coordinates": [
          99.01563176305827,
          18.783387383407778
        ]
      }
    },
    {
      "type": "Feature",
      "properties": {
        "image_id": "CM_32",
        "instance_id": "CM_32_B016",
        "source_csv_line": 1337,
        "sam_confidence_score": 0.53515625,
        "flood_affected": 1,
        "dino_water_contact_fraction": 0.3368167202572347,
        "nearest_reference_control_m": 54.6039799789036,
        "within_800m_of_reference_group": 1,
        "position_status": "approximate_within_800m",
        "georeferencing_method": "homography_all_references",
        "result_source": "current_attached_reference",
        "image_file": "CM_32.png"
      },
      "geometry": {
        "type": "Point",
        "coordinates": [
          99.0161935915915,
          18.783020903542255
        ]
      }
    },
    {
      "type": "Feature",
      "properties": {
        "image_id": "CM_32",
        "instance_id": "CM_32_B017",
        "source_csv_line": 1338,
        "sam_confidence_score": 0.56640625,
        "flood_affected": 1,
        "dino_water_contact_fraction": 0.3682393555811277,
        "nearest_reference_control_m": 35.785637829310986,
        "within_800m_of_reference_group": 1,
        "position_status": "approximate_within_800m",
        "georeferencing_method": "homography_all_references",
        "result_source": "current_attached_reference",
        "image_file": "CM_32.png"
      },
      "geometry": {
        "type": "Point",
        "coordinates": [
          99.01611296591932,
          18.783298806738838
        ]
      }
    },
    {
      "type": "Feature",
      "properties": {
        "image_id": "CM_32",
        "instance_id": "CM_32_B018",
        "source_csv_line": 1339,
        "sam_confidence_score": 0.6015625,
        "flood_affected": 0,
        "dino_water_contact_fraction": 0.0,
        "nearest_reference_control_m": 196.91167944061704,
        "within_800m_of_reference_group": 1,
        "position_status": "approximate_within_800m",
        "georeferencing_method": "homography_all_references",
        "result_source": "current_attached_reference",
        "image_file": "CM_32.png"
      },
      "geometry": {
        "type": "Point",
        "coordinates": [
          99.0177237593194,
          18.782220032492507
        ]
      }
    },
    {
      "type": "Feature",
      "properties": {
        "image_id": "CM_32",
        "instance_id": "CM_32_B019",
        "source_csv_line": 1340,
        "sam_confidence_score": 0.66015625,
        "flood_affected": 0,
        "dino_water_contact_fraction": 0.0,
        "nearest_reference_control_m": 98.8415521180516,
        "within_800m_of_reference_group": 1,
        "position_status": "approximate_within_800m",
        "georeferencing_method": "homography_all_references",
        "result_source": "current_attached_reference",
        "image_file": "CM_32.png"
      },
      "geometry": {
        "type": "Point",
        "coordinates": [
          99.01557225853945,
          18.783897573579882
        ]
      }
    },
    {
      "type": "Feature",
      "properties": {
        "image_id": "CM_32",
        "instance_id": "CM_32_B020",
        "source_csv_line": 1341,
        "sam_confidence_score": 0.71875,
        "flood_affected": 1,
        "dino_water_contact_fraction": 0.1892849236218729,
        "nearest_reference_control_m": 116.66488790556511,
        "within_800m_of_reference_group": 1,
        "position_status": "approximate_within_800m",
        "georeferencing_method": "homography_all_references",
        "result_source": "current_attached_reference",
        "image_file": "CM_32.png"
      },
      "geometry": {
        "type": "Point",
        "coordinates": [
          99.01514075970462,
          18.784266807201103
        ]
      }
    },
    {
      "type": "Feature",
      "properties": {
        "image_id": "CM_32",
        "instance_id": "CM_32_B021",
        "source_csv_line": 1342,
        "sam_confidence_score": 0.68359375,
        "flood_affected": 1,
        "dino_water_contact_fraction": 0.463716814159292,
        "nearest_reference_control_m": 45.30135230260158,
        "within_800m_of_reference_group": 1,
        "position_status": "approximate_within_800m",
        "georeferencing_method": "homography_all_references",
        "result_source": "current_attached_reference",
        "image_file": "CM_32.png"
      },
      "geometry": {
        "type": "Point",
        "coordinates": [
          99.01455872434059,
          18.784908165021616
        ]
      }
    },
    {
      "type": "Feature",
      "properties": {
        "image_id": "CM_32",
        "instance_id": "CM_32_B022",
        "source_csv_line": 1343,
        "sam_confidence_score": 0.56640625,
        "flood_affected": 1,
        "dino_water_contact_fraction": 0.1428571428571428,
        "nearest_reference_control_m": 57.199123412764926,
        "within_800m_of_reference_group": 1,
        "position_status": "approximate_within_800m",
        "georeferencing_method": "homography_all_references",
        "result_source": "current_attached_reference",
        "image_file": "CM_32.png"
      },
      "geometry": {
        "type": "Point",
        "coordinates": [
          99.014232732062,
          18.785284179962673
        ]
      }
    },
    {
      "type": "Feature",
      "properties": {
        "image_id": "CM_32",
        "instance_id": "CM_32_B023",
        "source_csv_line": 1344,
        "sam_confidence_score": 0.5234375,
        "flood_affected": 1,
        "dino_water_contact_fraction": 0.4931171612113796,
        "nearest_reference_control_m": 31.47639254857044,
        "within_800m_of_reference_group": 1,
        "position_status": "approximate_within_800m",
        "georeferencing_method": "homography_all_references",
        "result_source": "current_attached_reference",
        "image_file": "CM_32.png"
      },
      "geometry": {
        "type": "Point",
        "coordinates": [
          99.01666863559463,
          18.783595055814033
        ]
      }
    },
    {
      "type": "Feature",
      "properties": {
        "image_id": "CM_32",
        "instance_id": "CM_32_B024",
        "source_csv_line": 1345,
        "sam_confidence_score": 0.625,
        "flood_affected": 1,
        "dino_water_contact_fraction": 0.4222730241672109,
        "nearest_reference_control_m": 14.11532183535287,
        "within_800m_of_reference_group": 1,
        "position_status": "approximate_within_800m",
        "georeferencing_method": "homography_all_references",
        "result_source": "current_attached_reference",
        "image_file": "CM_32.png"
      },
      "geometry": {
        "type": "Point",
        "coordinates": [
          99.01464126981779,
          18.785254835480472
        ]
      }
    },
    {
      "type": "Feature",
      "properties": {
        "image_id": "CM_32",
        "instance_id": "CM_32_B025",
        "source_csv_line": 1346,
        "sam_confidence_score": 0.72265625,
        "flood_affected": 1,
        "dino_water_contact_fraction": 0.2322978529008679,
        "nearest_reference_control_m": 81.74769665622159,
        "within_800m_of_reference_group": 1,
        "position_status": "approximate_within_800m",
        "georeferencing_method": "homography_all_references",
        "result_source": "current_attached_reference",
        "image_file": "CM_32.png"
      },
      "geometry": {
        "type": "Point",
        "coordinates": [
          99.01611047764106,
          18.784160423550087
        ]
      }
    },
    {
      "type": "Feature",
      "properties": {
        "image_id": "CM_32",
        "instance_id": "CM_32_B026",
        "source_csv_line": 1347,
        "sam_confidence_score": 0.5703125,
        "flood_affected": 1,
        "dino_water_contact_fraction": 0.1420649590705043,
        "nearest_reference_control_m": 149.35989797879162,
        "within_800m_of_reference_group": 1,
        "position_status": "approximate_within_800m",
        "georeferencing_method": "homography_all_references",
        "result_source": "current_attached_reference",
        "image_file": "CM_32.png"
      },
      "geometry": {
        "type": "Point",
        "coordinates": [
          99.01774151127485,
          18.783043920421274
        ]
      }
    },
    {
      "type": "Feature",
      "properties": {
        "image_id": "CM_32",
        "instance_id": "CM_32_B027",
        "source_csv_line": 1348,
        "sam_confidence_score": 0.625,
        "flood_affected": 0,
        "dino_water_contact_fraction": 0.0216952573158425,
        "nearest_reference_control_m": 12.833991816950101,
        "within_800m_of_reference_group": 1,
        "position_status": "approximate_within_800m",
        "georeferencing_method": "homography_all_references",
        "result_source": "current_attached_reference",
        "image_file": "CM_32.png"
      },
      "geometry": {
        "type": "Point",
        "coordinates": [
          99.01973493120408,
          18.781583378003813
        ]
      }
    },
    {
      "type": "Feature",
      "properties": {
        "image_id": "CM_32",
        "instance_id": "CM_32_B028",
        "source_csv_line": 1349,
        "sam_confidence_score": 0.70703125,
        "flood_affected": 1,
        "dino_water_contact_fraction": 0.4377880184331797,
        "nearest_reference_control_m": 114.51377632805608,
        "within_800m_of_reference_group": 1,
        "position_status": "approximate_within_800m",
        "georeferencing_method": "homography_all_references",
        "result_source": "current_attached_reference",
        "image_file": "CM_32.png"
      },
      "geometry": {
        "type": "Point",
        "coordinates": [
          99.01744820645474,
          18.78374070259578
        ]
      }
    },
    {
      "type": "Feature",
      "properties": {
        "image_id": "CM_32",
        "instance_id": "CM_32_B029",
        "source_csv_line": 1350,
        "sam_confidence_score": 0.5390625,
        "flood_affected": 1,
        "dino_water_contact_fraction": 0.4716559620217816,
        "nearest_reference_control_m": 116.58054680108724,
        "within_800m_of_reference_group": 1,
        "position_status": "approximate_within_800m",
        "georeferencing_method": "homography_all_references",
        "result_source": "current_attached_reference",
        "image_file": "CM_32.png"
      },
      "geometry": {
        "type": "Point",
        "coordinates": [
          99.01917299620416,
          18.7823935775955
        ]
      }
    },
    {
      "type": "Feature",
      "properties": {
        "image_id": "CM_32",
        "instance_id": "CM_32_B030",
        "source_csv_line": 1351,
        "sam_confidence_score": 0.53125,
        "flood_affected": 1,
        "dino_water_contact_fraction": 0.3979023271058669,
        "nearest_reference_control_m": 109.28578362195721,
        "within_800m_of_reference_group": 1,
        "position_status": "approximate_within_800m",
        "georeferencing_method": "homography_all_references",
        "result_source": "current_attached_reference",
        "image_file": "CM_32.png"
      },
      "geometry": {
        "type": "Point",
        "coordinates": [
          99.01900635522739,
          18.782647447632993
        ]
      }
    },
    {
      "type": "Feature",
      "properties": {
        "image_id": "CM_32",
        "instance_id": "CM_32_B031",
        "source_csv_line": 1352,
        "sam_confidence_score": 0.66796875,
        "flood_affected": 1,
        "dino_water_contact_fraction": 0.5858997200305421,
        "nearest_reference_control_m": 87.69082127199842,
        "within_800m_of_reference_group": 1,
        "position_status": "approximate_within_800m",
        "georeferencing_method": "homography_all_references",
        "result_source": "current_attached_reference",
        "image_file": "CM_32.png"
      },
      "geometry": {
        "type": "Point",
        "coordinates": [
          99.01557899987029,
          18.785466246244624
        ]
      }
    },
    {
      "type": "Feature",
      "properties": {
        "image_id": "CM_32",
        "instance_id": "CM_32_B032",
        "source_csv_line": 1353,
        "sam_confidence_score": 0.77734375,
        "flood_affected": 1,
        "dino_water_contact_fraction": 0.8355846348670325,
        "nearest_reference_control_m": 131.57750131737845,
        "within_800m_of_reference_group": 1,
        "position_status": "approximate_within_800m",
        "georeferencing_method": "homography_all_references",
        "result_source": "current_attached_reference",
        "image_file": "CM_32.png"
      },
      "geometry": {
        "type": "Point",
        "coordinates": [
          99.01726069139778,
          18.78433413497381
        ]
      }
    },
    {
      "type": "Feature",
      "properties": {
        "image_id": "CM_32",
        "instance_id": "CM_32_B033",
        "source_csv_line": 1354,
        "sam_confidence_score": 0.68359375,
        "flood_affected": 1,
        "dino_water_contact_fraction": 0.4058044806517311,
        "nearest_reference_control_m": 137.8507514606545,
        "within_800m_of_reference_group": 1,
        "position_status": "approximate_within_800m",
        "georeferencing_method": "homography_all_references",
        "result_source": "current_attached_reference",
        "image_file": "CM_32.png"
      },
      "geometry": {
        "type": "Point",
        "coordinates": [
          99.01820046454341,
          18.78361759500846
        ]
      }
    },
    {
      "type": "Feature",
      "properties": {
        "image_id": "CM_32",
        "instance_id": "CM_32_B034",
        "source_csv_line": 1355,
        "sam_confidence_score": 0.5390625,
        "flood_affected": 1,
        "dino_water_contact_fraction": 0.2334056399132321,
        "nearest_reference_control_m": 71.29458327153587,
        "within_800m_of_reference_group": 1,
        "position_status": "approximate_within_800m",
        "georeferencing_method": "homography_all_references",
        "result_source": "current_attached_reference",
        "image_file": "CM_32.png"
      },
      "geometry": {
        "type": "Point",
        "coordinates": [
          99.0202545016933,
          18.78208400030096
        ]
      }
    },
    {
      "type": "Feature",
      "properties": {
        "image_id": "CM_32",
        "instance_id": "CM_32_B035",
        "source_csv_line": 1356,
        "sam_confidence_score": 0.703125,
        "flood_affected": 0,
        "dino_water_contact_fraction": 0.0336326282148835,
        "nearest_reference_control_m": 92.89162915430737,
        "within_800m_of_reference_group": 1,
        "position_status": "approximate_within_800m",
        "georeferencing_method": "homography_all_references",
        "result_source": "current_attached_reference",
        "image_file": "CM_32.png"
      },
      "geometry": {
        "type": "Point",
        "coordinates": [
          99.01862396244361,
          18.783561477532466
        ]
      }
    },
    {
      "type": "Feature",
      "properties": {
        "image_id": "CM_32",
        "instance_id": "CM_32_B036",
        "source_csv_line": 1357,
        "sam_confidence_score": 0.62890625,
        "flood_affected": 1,
        "dino_water_contact_fraction": 0.6769639934533551,
        "nearest_reference_control_m": 165.6172009749156,
        "within_800m_of_reference_group": 1,
        "position_status": "approximate_within_800m",
        "georeferencing_method": "homography_all_references",
        "result_source": "current_attached_reference",
        "image_file": "CM_32.png"
      },
      "geometry": {
        "type": "Point",
        "coordinates": [
          99.01747833967755,
          18.784561543533137
        ]
      }
    },
    {
      "type": "Feature",
      "properties": {
        "image_id": "CM_32",
        "instance_id": "CM_32_B037",
        "source_csv_line": 1358,
        "sam_confidence_score": 0.55859375,
        "flood_affected": 0,
        "dino_water_contact_fraction": 0.0381848367459878,
        "nearest_reference_control_m": 73.00348205027184,
        "within_800m_of_reference_group": 1,
        "position_status": "approximate_within_800m",
        "georeferencing_method": "homography_all_references",
        "result_source": "current_attached_reference",
        "image_file": "CM_32.png"
      },
      "geometry": {
        "type": "Point",
        "coordinates": [
          99.01979207300492,
          18.782913958741254
        ]
      }
    },
    {
      "type": "Feature",
      "properties": {
        "image_id": "CM_32",
        "instance_id": "CM_32_B038",
        "source_csv_line": 1359,
        "sam_confidence_score": 0.76953125,
        "flood_affected": 1,
        "dino_water_contact_fraction": 0.5045435770342833,
        "nearest_reference_control_m": 144.77762437677364,
        "within_800m_of_reference_group": 1,
        "position_status": "approximate_within_800m",
        "georeferencing_method": "homography_all_references",
        "result_source": "current_attached_reference",
        "image_file": "CM_32.png"
      },
      "geometry": {
        "type": "Point",
        "coordinates": [
          99.01837471001471,
          18.784259126067184
        ]
      }
    },
    {
      "type": "Feature",
      "properties": {
        "image_id": "CM_32",
        "instance_id": "CM_32_B039",
        "source_csv_line": 1360,
        "sam_confidence_score": 0.8125,
        "flood_affected": 0,
        "dino_water_contact_fraction": 0.0,
        "nearest_reference_control_m": 129.8870092486769,
        "within_800m_of_reference_group": 1,
        "position_status": "approximate_within_800m",
        "georeferencing_method": "homography_all_references",
        "result_source": "current_attached_reference",
        "image_file": "CM_32.png"
      },
      "geometry": {
        "type": "Point",
        "coordinates": [
          99.02039533491572,
          18.782703250907307
        ]
      }
    },
    {
      "type": "Feature",
      "properties": {
        "image_id": "CM_32",
        "instance_id": "CM_32_B040",
        "source_csv_line": 1361,
        "sam_confidence_score": 0.5078125,
        "flood_affected": 1,
        "dino_water_contact_fraction": 0.2554315913094539,
        "nearest_reference_control_m": 11.043149291747403,
        "within_800m_of_reference_group": 1,
        "position_status": "approximate_within_800m",
        "georeferencing_method": "homography_all_references",
        "result_source": "current_attached_reference",
        "image_file": "CM_32.png"
      },
      "geometry": {
        "type": "Point",
        "coordinates": [
          99.01958711832009,
          18.783453221761583
        ]
      }
    },
    {
      "type": "Feature",
      "properties": {
        "image_id": "CM_32",
        "instance_id": "CM_32_B041",
        "source_csv_line": 1362,
        "sam_confidence_score": 0.53125,
        "flood_affected": 1,
        "dino_water_contact_fraction": 0.1678269517652909,
        "nearest_reference_control_m": 33.205474697741565,
        "within_800m_of_reference_group": 1,
        "position_status": "approximate_within_800m",
        "georeferencing_method": "homography_all_references",
        "result_source": "current_attached_reference",
        "image_file": "CM_32.png"
      },
      "geometry": {
        "type": "Point",
        "coordinates": [
          99.01934042478044,
          18.783770498114905
        ]
      }
    },
    {
      "type": "Feature",
      "properties": {
        "image_id": "CM_32",
        "instance_id": "CM_32_B042",
        "source_csv_line": 1363,
        "sam_confidence_score": 0.51171875,
        "flood_affected": 1,
        "dino_water_contact_fraction": 0.438049853372434,
        "nearest_reference_control_m": 165.36758291685223,
        "within_800m_of_reference_group": 1,
        "position_status": "approximate_within_800m",
        "georeferencing_method": "homography_all_references",
        "result_source": "current_attached_reference",
        "image_file": "CM_32.png"
      },
      "geometry": {
        "type": "Point",
        "coordinates": [
          99.01838000549017,
          18.784556909672045
        ]
      }
    },
    {
      "type": "Feature",
      "properties": {
        "image_id": "CM_32",
        "instance_id": "CM_32_B043",
        "source_csv_line": 1364,
        "sam_confidence_score": 0.69921875,
        "flood_affected": 1,
        "dino_water_contact_fraction": 0.5871816400783655,
        "nearest_reference_control_m": 241.34544542847757,
        "within_800m_of_reference_group": 1,
        "position_status": "approximate_within_800m",
        "georeferencing_method": "homography_all_references",
        "result_source": "current_attached_reference",
        "image_file": "CM_32.png"
      },
      "geometry": {
        "type": "Point",
        "coordinates": [
          99.01702352463803,
          18.785675994625464
        ]
      }
    },
    {
      "type": "Feature",
      "properties": {
        "image_id": "CM_32",
        "instance_id": "CM_32_B044",
        "source_csv_line": 1365,
        "sam_confidence_score": 0.73046875,
        "flood_affected": 1,
        "dino_water_contact_fraction": 0.1212039045553145,
        "nearest_reference_control_m": 96.90867075860784,
        "within_800m_of_reference_group": 1,
        "position_status": "approximate_within_800m",
        "georeferencing_method": "homography_all_references",
        "result_source": "current_attached_reference",
        "image_file": "CM_32.png"
      },
      "geometry": {
        "type": "Point",
        "coordinates": [
          99.02031098475845,
          18.783094079104135
        ]
      }
    },
    {
      "type": "Feature",
      "properties": {
        "image_id": "CM_32",
        "instance_id": "CM_32_B045",
        "source_csv_line": 1366,
        "sam_confidence_score": 0.70703125,
        "flood_affected": 1,
        "dino_water_contact_fraction": 0.6617577197149643,
        "nearest_reference_control_m": 182.96245987595918,
        "within_800m_of_reference_group": 1,
        "position_status": "approximate_within_800m",
        "georeferencing_method": "homography_all_references",
        "result_source": "current_attached_reference",
        "image_file": "CM_32.png"
      },
      "geometry": {
        "type": "Point",
        "coordinates": [
          99.01832817838174,
          18.784730617057686
        ]
      }
    },
    {
      "type": "Feature",
      "properties": {
        "image_id": "CM_34",
        "instance_id": "CM_34_B001",
        "source_csv_line": 1372,
        "sam_confidence_score": 0.59765625,
        "flood_affected": 0,
        "dino_water_contact_fraction": 0.0,
        "nearest_reference_control_m": 220.36976089311577,
        "within_800m_of_reference_group": 1,
        "position_status": "approximate_within_800m",
        "georeferencing_method": "homography_all_references",
        "result_source": "current_attached_reference",
        "image_file": "CM_34.png"
      },
      "geometry": {
        "type": "Point",
        "coordinates": [
          98.99947712241116,
          18.79908552595213
        ]
      }
    },
    {
      "type": "Feature",
      "properties": {
        "image_id": "CM_34",
        "instance_id": "CM_34_B002",
        "source_csv_line": 1373,
        "sam_confidence_score": 0.6328125,
        "flood_affected": 0,
        "dino_water_contact_fraction": 0.0,
        "nearest_reference_control_m": 153.38354957136843,
        "within_800m_of_reference_group": 1,
        "position_status": "approximate_within_800m",
        "georeferencing_method": "homography_all_references",
        "result_source": "current_attached_reference",
        "image_file": "CM_34.png"
      },
      "geometry": {
        "type": "Point",
        "coordinates": [
          99.00333252022055,
          18.79825757078307
        ]
      }
    },
    {
      "type": "Feature",
      "properties": {
        "image_id": "CM_34",
        "instance_id": "CM_34_B003",
        "source_csv_line": 1374,
        "sam_confidence_score": 0.84765625,
        "flood_affected": 0,
        "dino_water_contact_fraction": 0.0036055143160127,
        "nearest_reference_control_m": 48.80784233832339,
        "within_800m_of_reference_group": 1,
        "position_status": "approximate_within_800m",
        "georeferencing_method": "homography_all_references",
        "result_source": "current_attached_reference",
        "image_file": "CM_34.png"
      },
      "geometry": {
        "type": "Point",
        "coordinates": [
          99.004816133197,
          18.797732605714483
        ]
      }
    },
    {
      "type": "Feature",
      "properties": {
        "image_id": "CM_34",
        "instance_id": "CM_34_B004",
        "source_csv_line": 1375,
        "sam_confidence_score": 0.5234375,
        "flood_affected": 0,
        "dino_water_contact_fraction": 0.0,
        "nearest_reference_control_m": 222.57378207570633,
        "within_800m_of_reference_group": 1,
        "position_status": "approximate_within_800m",
        "georeferencing_method": "homography_all_references",
        "result_source": "current_attached_reference",
        "image_file": "CM_34.png"
      },
      "geometry": {
        "type": "Point",
        "coordinates": [
          98.9982805343791,
          18.800083131875507
        ]
      }
    },
    {
      "type": "Feature",
      "properties": {
        "image_id": "CM_34",
        "instance_id": "CM_34_B005",
        "source_csv_line": 1376,
        "sam_confidence_score": 0.58984375,
        "flood_affected": 0,
        "dino_water_contact_fraction": 0.0229166666666666,
        "nearest_reference_control_m": 143.28371317091216,
        "within_800m_of_reference_group": 1,
        "position_status": "approximate_within_800m",
        "georeferencing_method": "homography_all_references",
        "result_source": "current_attached_reference",
        "image_file": "CM_34.png"
      },
      "geometry": {
        "type": "Point",
        "coordinates": [
          99.00233417282263,
          18.798784191074237
        ]
      }
    },
    {
      "type": "Feature",
      "properties": {
        "image_id": "CM_34",
        "instance_id": "CM_34_B006",
        "source_csv_line": 1377,
        "sam_confidence_score": 0.54296875,
        "flood_affected": 0,
        "dino_water_contact_fraction": 0.0,
        "nearest_reference_control_m": 223.04276583298932,
        "within_800m_of_reference_group": 1,
        "position_status": "approximate_within_800m",
        "georeferencing_method": "homography_all_references",
        "result_source": "current_attached_reference",
        "image_file": "CM_34.png"
      },
      "geometry": {
        "type": "Point",
        "coordinates": [
          98.99819700737747,
          18.800258543325135
        ]
      }
    },
    {
      "type": "Feature",
      "properties": {
        "image_id": "CM_34",
        "instance_id": "CM_34_B007",
        "source_csv_line": 1378,
        "sam_confidence_score": 0.85546875,
        "flood_affected": 1,
        "dino_water_contact_fraction": 0.0967472894078398,
        "nearest_reference_control_m": 121.88437047606689,
        "within_800m_of_reference_group": 1,
        "position_status": "approximate_within_800m",
        "georeferencing_method": "homography_all_references",
        "result_source": "current_attached_reference",
        "image_file": "CM_34.png"
      },
      "geometry": {
        "type": "Point",
        "coordinates": [
          99.00306180765809,
          18.7987200096446
        ]
      }
    },
    {
      "type": "Feature",
      "properties": {
        "image_id": "CM_34",
        "instance_id": "CM_34_B008",
        "source_csv_line": 1379,
        "sam_confidence_score": 0.62109375,
        "flood_affected": 0,
        "dino_water_contact_fraction": 0.0,
        "nearest_reference_control_m": 162.73338345278236,
        "within_800m_of_reference_group": 1,
        "position_status": "approximate_within_800m",
        "georeferencing_method": "homography_all_references",
        "result_source": "current_attached_reference",
        "image_file": "CM_34.png"
      },
      "geometry": {
        "type": "Point",
        "coordinates": [
          99.00073071676954,
          18.79958656765018
        ]
      }
    },
    {
      "type": "Feature",
      "properties": {
        "image_id": "CM_34",
        "instance_id": "CM_34_B009",
        "source_csv_line": 1380,
        "sam_confidence_score": 0.55078125,
        "flood_affected": 0,
        "dino_water_contact_fraction": 0.0,
        "nearest_reference_control_m": 139.91761721503525,
        "within_800m_of_reference_group": 1,
        "position_status": "approximate_within_800m",
        "georeferencing_method": "homography_all_references",
        "result_source": "current_attached_reference",
        "image_file": "CM_34.png"
      },
      "geometry": {
        "type": "Point",
        "coordinates": [
          99.00106404621695,
          18.799647083971767
        ]
      }
    },
    {
      "type": "Feature",
      "properties": {
        "image_id": "CM_34",
        "instance_id": "CM_34_B010",
        "source_csv_line": 1381,
        "sam_confidence_score": 0.796875,
        "flood_affected": 0,
        "dino_water_contact_fraction": 0.0,
        "nearest_reference_control_m": 171.74598449448658,
        "within_800m_of_reference_group": 1,
        "position_status": "approximate_within_800m",
        "georeferencing_method": "homography_all_references",
        "result_source": "current_attached_reference",
        "image_file": "CM_34.png"
      },
      "geometry": {
        "type": "Point",
        "coordinates": [
          98.99858656878197,
          18.800639104425706
        ]
      }
    },
    {
      "type": "Feature",
      "properties": {
        "image_id": "CM_34",
        "instance_id": "CM_34_B011",
        "source_csv_line": 1382,
        "sam_confidence_score": 0.60546875,
        "flood_affected": 0,
        "dino_water_contact_fraction": 0.0465973851827019,
        "nearest_reference_control_m": 155.38260786538734,
        "within_800m_of_reference_group": 1,
        "position_status": "approximate_within_800m",
        "georeferencing_method": "homography_all_references",
        "result_source": "current_attached_reference",
        "image_file": "CM_34.png"
      },
      "geometry": {
        "type": "Point",
        "coordinates": [
          99.00501372561075,
          18.79878145279593
        ]
      }
    },
    {
      "type": "Feature",
      "properties": {
        "image_id": "CM_34",
        "instance_id": "CM_34_B012",
        "source_csv_line": 1383,
        "sam_confidence_score": 0.7734375,
        "flood_affected": 0,
        "dino_water_contact_fraction": 0.0471507087069713,
        "nearest_reference_control_m": 51.60523780647974,
        "within_800m_of_reference_group": 1,
        "position_status": "approximate_within_800m",
        "georeferencing_method": "homography_all_references",
        "result_source": "current_attached_reference",
        "image_file": "CM_34.png"
      },
      "geometry": {
        "type": "Point",
        "coordinates": [
          99.00003042412568,
          18.800517191046296
        ]
      }
    },
    {
      "type": "Feature",
      "properties": {
        "image_id": "CM_34",
        "instance_id": "CM_34_B013",
        "source_csv_line": 1384,
        "sam_confidence_score": 0.65234375,
        "flood_affected": 0,
        "dino_water_contact_fraction": 0.0420669095727061,
        "nearest_reference_control_m": 114.86312759318737,
        "within_800m_of_reference_group": 1,
        "position_status": "approximate_within_800m",
        "georeferencing_method": "homography_all_references",
        "result_source": "current_attached_reference",
        "image_file": "CM_34.png"
      },
      "geometry": {
        "type": "Point",
        "coordinates": [
          99.00476348896763,
          18.799095614486703
        ]
      }
    },
    {
      "type": "Feature",
      "properties": {
        "image_id": "CM_34",
        "instance_id": "CM_34_B014",
        "source_csv_line": 1385,
        "sam_confidence_score": 0.7578125,
        "flood_affected": 1,
        "dino_water_contact_fraction": 0.1641926688882156,
        "nearest_reference_control_m": 97.22301312703915,
        "within_800m_of_reference_group": 1,
        "position_status": "approximate_within_800m",
        "georeferencing_method": "homography_all_references",
        "result_source": "current_attached_reference",
        "image_file": "CM_34.png"
      },
      "geometry": {
        "type": "Point",
        "coordinates": [
          98.9992604488199,
          18.800901858544822
        ]
      }
    },
    {
      "type": "Feature",
      "properties": {
        "image_id": "CM_34",
        "instance_id": "CM_34_B015",
        "source_csv_line": 1386,
        "sam_confidence_score": 0.66796875,
        "flood_affected": 1,
        "dino_water_contact_fraction": 0.2138100245355766,
        "nearest_reference_control_m": 161.2778078010212,
        "within_800m_of_reference_group": 1,
        "position_status": "approximate_within_800m",
        "georeferencing_method": "homography_all_references",
        "result_source": "current_attached_reference",
        "image_file": "CM_34.png"
      },
      "geometry": {
        "type": "Point",
        "coordinates": [
          99.00522333426662,
          18.799048358774474
        ]
      }
    },
    {
      "type": "Feature",
      "properties": {
        "image_id": "CM_34",
        "instance_id": "CM_34_B016",
        "source_csv_line": 1387,
        "sam_confidence_score": 0.890625,
        "flood_affected": 0,
        "dino_water_contact_fraction": 0.0436131983012087,
        "nearest_reference_control_m": 6.637837128944197,
        "within_800m_of_reference_group": 1,
        "position_status": "approximate_within_800m",
        "georeferencing_method": "homography_all_references",
        "result_source": "current_attached_reference",
        "image_file": "CM_34.png"
      },
      "geometry": {
        "type": "Point",
        "coordinates": [
          99.0037657469272,
          18.799625130722912
        ]
      }
    },
    {
      "type": "Feature",
      "properties": {
        "image_id": "CM_34",
        "instance_id": "CM_34_B017",
        "source_csv_line": 1388,
        "sam_confidence_score": 0.6484375,
        "flood_affected": 1,
        "dino_water_contact_fraction": 0.1769702689948088,
        "nearest_reference_control_m": 23.857474603795605,
        "within_800m_of_reference_group": 1,
        "position_status": "approximate_within_800m",
        "georeferencing_method": "homography_all_references",
        "result_source": "current_attached_reference",
        "image_file": "CM_34.png"
      },
      "geometry": {
        "type": "Point",
        "coordinates": [
          99.00224311506277,
          18.800284398574576
        ]
      }
    },
    {
      "type": "Feature",
      "properties": {
        "image_id": "CM_34",
        "instance_id": "CM_34_B018",
        "source_csv_line": 1389,
        "sam_confidence_score": 0.8046875,
        "flood_affected": 1,
        "dino_water_contact_fraction": 0.4714616274585422,
        "nearest_reference_control_m": 11.647455293746585,
        "within_800m_of_reference_group": 1,
        "position_status": "approximate_within_800m",
        "georeferencing_method": "homography_all_references",
        "result_source": "current_attached_reference",
        "image_file": "CM_34.png"
      },
      "geometry": {
        "type": "Point",
        "coordinates": [
          99.00028720944177,
          18.800990157252414
        ]
      }
    },
    {
      "type": "Feature",
      "properties": {
        "image_id": "CM_34",
        "instance_id": "CM_34_B019",
        "source_csv_line": 1390,
        "sam_confidence_score": 0.8203125,
        "flood_affected": 0,
        "dino_water_contact_fraction": 0.0,
        "nearest_reference_control_m": 112.18397473548238,
        "within_800m_of_reference_group": 1,
        "position_status": "approximate_within_800m",
        "georeferencing_method": "homography_all_references",
        "result_source": "current_attached_reference",
        "image_file": "CM_34.png"
      },
      "geometry": {
        "type": "Point",
        "coordinates": [
          99.00123881040555,
          18.800846487529167
        ]
      }
    },
    {
      "type": "Feature",
      "properties": {
        "image_id": "CM_34",
        "instance_id": "CM_34_B020",
        "source_csv_line": 1391,
        "sam_confidence_score": 0.82421875,
        "flood_affected": 0,
        "dino_water_contact_fraction": 0.0561695959412937,
        "nearest_reference_control_m": 158.20904858748855,
        "within_800m_of_reference_group": 1,
        "position_status": "approximate_within_800m",
        "georeferencing_method": "homography_all_references",
        "result_source": "current_attached_reference",
        "image_file": "CM_34.png"
      },
      "geometry": {
        "type": "Point",
        "coordinates": [
          99.00528906531724,
          18.79971304542995
        ]
      }
    },
    {
      "type": "Feature",
      "properties": {
        "image_id": "CM_34",
        "instance_id": "CM_34_B021",
        "source_csv_line": 1392,
        "sam_confidence_score": 0.53125,
        "flood_affected": 1,
        "dino_water_contact_fraction": 0.4258463191832348,
        "nearest_reference_control_m": 94.95779830324194,
        "within_800m_of_reference_group": 1,
        "position_status": "approximate_within_800m",
        "georeferencing_method": "homography_all_references",
        "result_source": "current_attached_reference",
        "image_file": "CM_34.png"
      },
      "geometry": {
        "type": "Point",
        "coordinates": [
          99.00459360210766,
          18.800286707344465
        ]
      }
    },
    {
      "type": "Feature",
      "properties": {
        "image_id": "CM_34",
        "instance_id": "CM_34_B022",
        "source_csv_line": 1393,
        "sam_confidence_score": 0.71484375,
        "flood_affected": 1,
        "dino_water_contact_fraction": 0.6572945954389253,
        "nearest_reference_control_m": 38.46628716185423,
        "within_800m_of_reference_group": 1,
        "position_status": "approximate_within_800m",
        "georeferencing_method": "homography_all_references",
        "result_source": "current_attached_reference",
        "image_file": "CM_34.png"
      },
      "geometry": {
        "type": "Point",
        "coordinates": [
          99.00218252236041,
          18.801062363795996
        ]
      }
    },
    {
      "type": "Feature",
      "properties": {
        "image_id": "CM_34",
        "instance_id": "CM_34_B023",
        "source_csv_line": 1394,
        "sam_confidence_score": 0.52734375,
        "flood_affected": 0,
        "dino_water_contact_fraction": 0.0029215358931552,
        "nearest_reference_control_m": 82.85702707374514,
        "within_800m_of_reference_group": 1,
        "position_status": "approximate_within_800m",
        "georeferencing_method": "homography_all_references",
        "result_source": "current_attached_reference",
        "image_file": "CM_34.png"
      },
      "geometry": {
        "type": "Point",
        "coordinates": [
          99.0006597963196,
          18.801555016494316
        ]
      }
    },
    {
      "type": "Feature",
      "properties": {
        "image_id": "CM_34",
        "instance_id": "CM_34_B024",
        "source_csv_line": 1395,
        "sam_confidence_score": 0.80078125,
        "flood_affected": 1,
        "dino_water_contact_fraction": 0.5981670778991893,
        "nearest_reference_control_m": 31.801933126705343,
        "within_800m_of_reference_group": 1,
        "position_status": "approximate_within_800m",
        "georeferencing_method": "homography_all_references",
        "result_source": "current_attached_reference",
        "image_file": "CM_34.png"
      },
      "geometry": {
        "type": "Point",
        "coordinates": [
          99.00243220287943,
          18.8010669660853
        ]
      }
    },
    {
      "type": "Feature",
      "properties": {
        "image_id": "CM_34",
        "instance_id": "CM_34_B025",
        "source_csv_line": 1396,
        "sam_confidence_score": 0.546875,
        "flood_affected": 1,
        "dino_water_contact_fraction": 0.1604208535287859,
        "nearest_reference_control_m": 91.43724269332205,
        "within_800m_of_reference_group": 1,
        "position_status": "approximate_within_800m",
        "georeferencing_method": "homography_all_references",
        "result_source": "current_attached_reference",
        "image_file": "CM_34.png"
      },
      "geometry": {
        "type": "Point",
        "coordinates": [
          99.00152001488502,
          18.801403514595858
        ]
      }
    },
    {
      "type": "Feature",
      "properties": {
        "image_id": "CM_34",
        "instance_id": "CM_34_B026",
        "source_csv_line": 1397,
        "sam_confidence_score": 0.8203125,
        "flood_affected": 1,
        "dino_water_contact_fraction": 0.3318181818181818,
        "nearest_reference_control_m": 70.48236273998681,
        "within_800m_of_reference_group": 1,
        "position_status": "approximate_within_800m",
        "georeferencing_method": "homography_all_references",
        "result_source": "current_attached_reference",
        "image_file": "CM_34.png"
      },
      "geometry": {
        "type": "Point",
        "coordinates": [
          99.00435384959195,
          18.80058927721939
        ]
      }
    },
    {
      "type": "Feature",
      "properties": {
        "image_id": "CM_34",
        "instance_id": "CM_34_B027",
        "source_csv_line": 1398,
        "sam_confidence_score": 0.80859375,
        "flood_affected": 1,
        "dino_water_contact_fraction": 0.3039064224233061,
        "nearest_reference_control_m": 14.96030853291691,
        "within_800m_of_reference_group": 1,
        "position_status": "approximate_within_800m",
        "georeferencing_method": "homography_all_references",
        "result_source": "current_attached_reference",
        "image_file": "CM_34.png"
      },
      "geometry": {
        "type": "Point",
        "coordinates": [
          99.00252126338583,
          18.801309924646553
        ]
      }
    },
    {
      "type": "Feature",
      "properties": {
        "image_id": "CM_34",
        "instance_id": "CM_34_B028",
        "source_csv_line": 1399,
        "sam_confidence_score": 0.671875,
        "flood_affected": 0,
        "dino_water_contact_fraction": 0.0461538461538461,
        "nearest_reference_control_m": 56.67044675465183,
        "within_800m_of_reference_group": 1,
        "position_status": "approximate_within_800m",
        "georeferencing_method": "homography_all_references",
        "result_source": "current_attached_reference",
        "image_file": "CM_34.png"
      },
      "geometry": {
        "type": "Point",
        "coordinates": [
          99.00502088010485,
          18.800736230195174
        ]
      }
    },
    {
      "type": "Feature",
      "properties": {
        "image_id": "CM_34",
        "instance_id": "CM_34_B029",
        "source_csv_line": 1400,
        "sam_confidence_score": 0.69921875,
        "flood_affected": 0,
        "dino_water_contact_fraction": 0.063391442155309,
        "nearest_reference_control_m": 69.1531423090715,
        "within_800m_of_reference_group": 1,
        "position_status": "approximate_within_800m",
        "georeferencing_method": "homography_all_references",
        "result_source": "current_attached_reference",
        "image_file": "CM_34.png"
      },
      "geometry": {
        "type": "Point",
        "coordinates": [
          99.00520043333324,
          18.80074717365116
        ]
      }
    },
    {
      "type": "Feature",
      "properties": {
        "image_id": "CM_34",
        "instance_id": "CM_34_B030",
        "source_csv_line": 1401,
        "sam_confidence_score": 0.76171875,
        "flood_affected": 1,
        "dino_water_contact_fraction": 0.2241681260945709,
        "nearest_reference_control_m": 44.80950134572813,
        "within_800m_of_reference_group": 1,
        "position_status": "approximate_within_800m",
        "georeferencing_method": "homography_all_references",
        "result_source": "current_attached_reference",
        "image_file": "CM_34.png"
      },
      "geometry": {
        "type": "Point",
        "coordinates": [
          99.00426518892031,
          18.80112178767327
        ]
      }
    },
    {
      "type": "Feature",
      "properties": {
        "image_id": "CM_34",
        "instance_id": "CM_34_B031",
        "source_csv_line": 1402,
        "sam_confidence_score": 0.64453125,
        "flood_affected": 0,
        "dino_water_contact_fraction": 0.005392156862745,
        "nearest_reference_control_m": 55.575109511867666,
        "within_800m_of_reference_group": 1,
        "position_status": "approximate_within_800m",
        "georeferencing_method": "homography_all_references",
        "result_source": "current_attached_reference",
        "image_file": "CM_34.png"
      },
      "geometry": {
        "type": "Point",
        "coordinates": [
          99.00516866298253,
          18.800929101532134
        ]
      }
    },
    {
      "type": "Feature",
      "properties": {
        "image_id": "CM_34",
        "instance_id": "CM_34_B032",
        "source_csv_line": 1403,
        "sam_confidence_score": 0.6171875,
        "flood_affected": 1,
        "dino_water_contact_fraction": 0.2360582306830907,
        "nearest_reference_control_m": 49.37816484311835,
        "within_800m_of_reference_group": 1,
        "position_status": "approximate_within_800m",
        "georeferencing_method": "homography_all_references",
        "result_source": "current_attached_reference",
        "image_file": "CM_34.png"
      },
      "geometry": {
        "type": "Point",
        "coordinates": [
          99.00252410925266,
          18.801777450906712
        ]
      }
    },
    {
      "type": "Feature",
      "properties": {
        "image_id": "CM_34",
        "instance_id": "CM_34_B033",
        "source_csv_line": 1404,
        "sam_confidence_score": 0.62890625,
        "flood_affected": 1,
        "dino_water_contact_fraction": 0.3796648044692737,
        "nearest_reference_control_m": 71.37849906162212,
        "within_800m_of_reference_group": 1,
        "position_status": "approximate_within_800m",
        "georeferencing_method": "homography_all_references",
        "result_source": "current_attached_reference",
        "image_file": "CM_34.png"
      },
      "geometry": {
        "type": "Point",
        "coordinates": [
          99.0020889483192,
          18.801930771644702
        ]
      }
    },
    {
      "type": "Feature",
      "properties": {
        "image_id": "CM_34",
        "instance_id": "CM_34_B034",
        "source_csv_line": 1405,
        "sam_confidence_score": 0.734375,
        "flood_affected": 0,
        "dino_water_contact_fraction": 0.0060318828091339,
        "nearest_reference_control_m": 11.920951588206348,
        "within_800m_of_reference_group": 1,
        "position_status": "approximate_within_800m",
        "georeferencing_method": "homography_all_references",
        "result_source": "current_attached_reference",
        "image_file": "CM_34.png"
      },
      "geometry": {
        "type": "Point",
        "coordinates": [
          99.00465947484744,
          18.8012437439838
        ]
      }
    },
    {
      "type": "Feature",
      "properties": {
        "image_id": "CM_34",
        "instance_id": "CM_34_B035",
        "source_csv_line": 1406,
        "sam_confidence_score": 0.8515625,
        "flood_affected": 1,
        "dino_water_contact_fraction": 0.5982921511627907,
        "nearest_reference_control_m": 73.11220813884168,
        "within_800m_of_reference_group": 1,
        "position_status": "approximate_within_800m",
        "georeferencing_method": "homography_all_references",
        "result_source": "current_attached_reference",
        "image_file": "CM_34.png"
      },
      "geometry": {
        "type": "Point",
        "coordinates": [
          99.00276635686342,
          18.80190364326492
        ]
      }
    },
    {
      "type": "Feature",
      "properties": {
        "image_id": "CM_34",
        "instance_id": "CM_34_B036",
        "source_csv_line": 1407,
        "sam_confidence_score": 0.59765625,
        "flood_affected": 1,
        "dino_water_contact_fraction": 0.2551271534044299,
        "nearest_reference_control_m": 90.48380402942023,
        "within_800m_of_reference_group": 1,
        "position_status": "approximate_within_800m",
        "georeferencing_method": "homography_all_references",
        "result_source": "current_attached_reference",
        "image_file": "CM_34.png"
      },
      "geometry": {
        "type": "Point",
        "coordinates": [
          99.00301894246498,
          18.801903642911864
        ]
      }
    },
    {
      "type": "Feature",
      "properties": {
        "image_id": "CM_34",
        "instance_id": "CM_34_B037",
        "source_csv_line": 1408,
        "sam_confidence_score": 0.7734375,
        "flood_affected": 1,
        "dino_water_contact_fraction": 0.3095599393019727,
        "nearest_reference_control_m": 85.44445834207403,
        "within_800m_of_reference_group": 1,
        "position_status": "approximate_within_800m",
        "georeferencing_method": "homography_all_references",
        "result_source": "current_attached_reference",
        "image_file": "CM_34.png"
      },
      "geometry": {
        "type": "Point",
        "coordinates": [
          99.00279963265716,
          18.80201520762745
        ]
      }
    },
    {
      "type": "Feature",
      "properties": {
        "image_id": "CM_34",
        "instance_id": "CM_34_B038",
        "source_csv_line": 1409,
        "sam_confidence_score": 0.55859375,
        "flood_affected": 1,
        "dino_water_contact_fraction": 0.108058608058608,
        "nearest_reference_control_m": 94.36984745765139,
        "within_800m_of_reference_group": 1,
        "position_status": "approximate_within_800m",
        "georeferencing_method": "homography_all_references",
        "result_source": "current_attached_reference",
        "image_file": "CM_34.png"
      },
      "geometry": {
        "type": "Point",
        "coordinates": [
          99.00219318925367,
          18.802183902099234
        ]
      }
    },
    {
      "type": "Feature",
      "properties": {
        "image_id": "CM_34",
        "instance_id": "CM_34_B039",
        "source_csv_line": 1410,
        "sam_confidence_score": 0.62109375,
        "flood_affected": 1,
        "dino_water_contact_fraction": 0.2538238941711451,
        "nearest_reference_control_m": 83.66364294265011,
        "within_800m_of_reference_group": 1,
        "position_status": "approximate_within_800m",
        "georeferencing_method": "homography_all_references",
        "result_source": "current_attached_reference",
        "image_file": "CM_34.png"
      },
      "geometry": {
        "type": "Point",
        "coordinates": [
          99.00264298587808,
          18.802066438126
        ]
      }
    },
    {
      "type": "Feature",
      "properties": {
        "image_id": "CM_31",
        "instance_id": "CM_31_S001",
        "source_csv_line": 1812,
        "sam_confidence_score": 0.8737476468,
        "flood_affected": null,
        "dino_water_contact_fraction": 0.3005159071,
        "nearest_reference_control_m": null,
        "within_800m_of_reference_group": null,
        "position_status": "legacy_approximate_no_new_reference_image",
        "georeferencing_method": "single_image_homography_separate_reference_set",
        "result_source": "legacy_gis_zip_CM31",
        "image_file": null
      },
      "geometry": {
        "type": "Point",
        "coordinates": [
          99.00461728228355,
          18.81103356832967
        ]
      }
    },
    {
      "type": "Feature",
      "properties": {
        "image_id": "CM_31",
        "instance_id": "CM_31_S002",
        "source_csv_line": 1813,
        "sam_confidence_score": 0.866979599,
        "flood_affected": null,
        "dino_water_contact_fraction": 0.0817381908,
        "nearest_reference_control_m": null,
        "within_800m_of_reference_group": null,
        "position_status": "legacy_approximate_no_new_reference_image",
        "georeferencing_method": "single_image_homography_separate_reference_set",
        "result_source": "legacy_gis_zip_CM31",
        "image_file": null
      },
      "geometry": {
        "type": "Point",
        "coordinates": [
          99.00106395431996,
          18.808042882423756
        ]
      }
    },
    {
      "type": "Feature",
      "properties": {
        "image_id": "CM_31",
        "instance_id": "CM_31_S003",
        "source_csv_line": 1814,
        "sam_confidence_score": 0.8493646979,
        "flood_affected": null,
        "dino_water_contact_fraction": 0.3747099768,
        "nearest_reference_control_m": null,
        "within_800m_of_reference_group": null,
        "position_status": "legacy_approximate_no_new_reference_image",
        "georeferencing_method": "single_image_homography_separate_reference_set",
        "result_source": "legacy_gis_zip_CM31",
        "image_file": null
      },
      "geometry": {
        "type": "Point",
        "coordinates": [
          99.00724106701699,
          18.807577911639594
        ]
      }
    },
    {
      "type": "Feature",
      "properties": {
        "image_id": "CM_31",
        "instance_id": "CM_31_S004",
        "source_csv_line": 1815,
        "sam_confidence_score": 0.8378890753,
        "flood_affected": null,
        "dino_water_contact_fraction": 0.2766676048,
        "nearest_reference_control_m": null,
        "within_800m_of_reference_group": null,
        "position_status": "legacy_approximate_no_new_reference_image",
        "georeferencing_method": "single_image_homography_separate_reference_set",
        "result_source": "legacy_gis_zip_CM31",
        "image_file": null
      },
      "geometry": {
        "type": "Point",
        "coordinates": [
          99.00214968504176,
          18.81069426316319
        ]
      }
    },
    {
      "type": "Feature",
      "properties": {
        "image_id": "CM_31",
        "instance_id": "CM_31_S005",
        "source_csv_line": 1816,
        "sam_confidence_score": 0.8330976367,
        "flood_affected": null,
        "dino_water_contact_fraction": 0.0,
        "nearest_reference_control_m": null,
        "within_800m_of_reference_group": null,
        "position_status": "legacy_approximate_no_new_reference_image",
        "georeferencing_method": "single_image_homography_separate_reference_set",
        "result_source": "legacy_gis_zip_CM31",
        "image_file": null
      },
      "geometry": {
        "type": "Point",
        "coordinates": [
          99.00640037509976,
          18.80713897927723
        ]
      }
    },
    {
      "type": "Feature",
      "properties": {
        "image_id": "CM_31",
        "instance_id": "CM_31_S006",
        "source_csv_line": 1817,
        "sam_confidence_score": 0.8200569749,
        "flood_affected": null,
        "dino_water_contact_fraction": 0.7844282238,
        "nearest_reference_control_m": null,
        "within_800m_of_reference_group": null,
        "position_status": "legacy_approximate_no_new_reference_image",
        "georeferencing_method": "single_image_homography_separate_reference_set",
        "result_source": "legacy_gis_zip_CM31",
        "image_file": null
      },
      "geometry": {
        "type": "Point",
        "coordinates": [
          99.0024235469427,
          18.80974780904598
        ]
      }
    },
    {
      "type": "Feature",
      "properties": {
        "image_id": "CM_31",
        "instance_id": "CM_31_S007",
        "source_csv_line": 1818,
        "sam_confidence_score": 0.816429019,
        "flood_affected": null,
        "dino_water_contact_fraction": 0.6795740561,
        "nearest_reference_control_m": null,
        "within_800m_of_reference_group": null,
        "position_status": "legacy_approximate_no_new_reference_image",
        "georeferencing_method": "single_image_homography_separate_reference_set",
        "result_source": "legacy_gis_zip_CM31",
        "image_file": null
      },
      "geometry": {
        "type": "Point",
        "coordinates": [
          99.00407424395986,
          18.811122474759987
        ]
      }
    },
    {
      "type": "Feature",
      "properties": {
        "image_id": "CM_31",
        "instance_id": "CM_31_S008",
        "source_csv_line": 1819,
        "sam_confidence_score": 0.8147613406,
        "flood_affected": null,
        "dino_water_contact_fraction": 0.0,
        "nearest_reference_control_m": null,
        "within_800m_of_reference_group": null,
        "position_status": "legacy_approximate_no_new_reference_image",
        "georeferencing_method": "single_image_homography_separate_reference_set",
        "result_source": "legacy_gis_zip_CM31",
        "image_file": null
      },
      "geometry": {
        "type": "Point",
        "coordinates": [
          99.00691809218603,
          18.805387303065437
        ]
      }
    },
    {
      "type": "Feature",
      "properties": {
        "image_id": "CM_31",
        "instance_id": "CM_31_S009",
        "source_csv_line": 1820,
        "sam_confidence_score": 0.7923449874,
        "flood_affected": null,
        "dino_water_contact_fraction": 0.7239738251,
        "nearest_reference_control_m": null,
        "within_800m_of_reference_group": null,
        "position_status": "legacy_approximate_no_new_reference_image",
        "georeferencing_method": "single_image_homography_separate_reference_set",
        "result_source": "legacy_gis_zip_CM31",
        "image_file": null
      },
      "geometry": {
        "type": "Point",
        "coordinates": [
          99.00205709172117,
          18.807874369131852
        ]
      }
    },
    {
      "type": "Feature",
      "properties": {
        "image_id": "CM_31",
        "instance_id": "CM_31_S010",
        "source_csv_line": 1821,
        "sam_confidence_score": 0.7864634395,
        "flood_affected": null,
        "dino_water_contact_fraction": 0.0,
        "nearest_reference_control_m": null,
        "within_800m_of_reference_group": null,
        "position_status": "legacy_approximate_no_new_reference_image",
        "georeferencing_method": "single_image_homography_separate_reference_set",
        "result_source": "legacy_gis_zip_CM31",
        "image_file": null
      },
      "geometry": {
        "type": "Point",
        "coordinates": [
          99.00046489444378,
          18.804574152687223
        ]
      }
    },
    {
      "type": "Feature",
      "properties": {
        "image_id": "CM_31",
        "instance_id": "CM_31_S011",
        "source_csv_line": 1822,
        "sam_confidence_score": 0.776597023,
        "flood_affected": null,
        "dino_water_contact_fraction": 0.4760312152,
        "nearest_reference_control_m": null,
        "within_800m_of_reference_group": null,
        "position_status": "legacy_approximate_no_new_reference_image",
        "georeferencing_method": "single_image_homography_separate_reference_set",
        "result_source": "legacy_gis_zip_CM31",
        "image_file": null
      },
      "geometry": {
        "type": "Point",
        "coordinates": [
          99.0014310936321,
          18.807036792818153
        ]
      }
    },
    {
      "type": "Feature",
      "properties": {
        "image_id": "CM_31",
        "instance_id": "CM_31_S012",
        "source_csv_line": 1823,
        "sam_confidence_score": 0.7664886117,
        "flood_affected": null,
        "dino_water_contact_fraction": 0.1957787482,
        "nearest_reference_control_m": null,
        "within_800m_of_reference_group": null,
        "position_status": "legacy_approximate_no_new_reference_image",
        "georeferencing_method": "single_image_homography_separate_reference_set",
        "result_source": "legacy_gis_zip_CM31",
        "image_file": null
      },
      "geometry": {
        "type": "Point",
        "coordinates": [
          99.004648503519,
          18.808057209003334
        ]
      }
    },
    {
      "type": "Feature",
      "properties": {
        "image_id": "CM_31",
        "instance_id": "CM_31_S013",
        "source_csv_line": 1824,
        "sam_confidence_score": 0.7634421587,
        "flood_affected": null,
        "dino_water_contact_fraction": 1.0,
        "nearest_reference_control_m": null,
        "within_800m_of_reference_group": null,
        "position_status": "legacy_approximate_no_new_reference_image",
        "georeferencing_method": "single_image_homography_separate_reference_set",
        "result_source": "legacy_gis_zip_CM31",
        "image_file": null
      },
      "geometry": {
        "type": "Point",
        "coordinates": [
          99.0035408223619,
          18.811064119856027
        ]
      }
    },
    {
      "type": "Feature",
      "properties": {
        "image_id": "CM_31",
        "instance_id": "CM_31_S014",
        "source_csv_line": 1825,
        "sam_confidence_score": 0.7601578236,
        "flood_affected": null,
        "dino_water_contact_fraction": 0.5021224985,
        "nearest_reference_control_m": null,
        "within_800m_of_reference_group": null,
        "position_status": "legacy_approximate_no_new_reference_image",
        "georeferencing_method": "single_image_homography_separate_reference_set",
        "result_source": "legacy_gis_zip_CM31",
        "image_file": null
      },
      "geometry": {
        "type": "Point",
        "coordinates": [
          99.0045122885365,
          18.811549415366752
        ]
      }
    },
    {
      "type": "Feature",
      "properties": {
        "image_id": "CM_31",
        "instance_id": "CM_31_S015",
        "source_csv_line": 1826,
        "sam_confidence_score": 0.7478474975,
        "flood_affected": null,
        "dino_water_contact_fraction": 0.394026975,
        "nearest_reference_control_m": null,
        "within_800m_of_reference_group": null,
        "position_status": "legacy_approximate_no_new_reference_image",
        "georeferencing_method": "single_image_homography_separate_reference_set",
        "result_source": "legacy_gis_zip_CM31",
        "image_file": null
      },
      "geometry": {
        "type": "Point",
        "coordinates": [
          99.00529438090054,
          18.80751967979071
        ]
      }
    },
    {
      "type": "Feature",
      "properties": {
        "image_id": "CM_31",
        "instance_id": "CM_31_S016",
        "source_csv_line": 1827,
        "sam_confidence_score": 0.7455014586,
        "flood_affected": null,
        "dino_water_contact_fraction": 1.0,
        "nearest_reference_control_m": null,
        "within_800m_of_reference_group": null,
        "position_status": "legacy_approximate_no_new_reference_image",
        "georeferencing_method": "single_image_homography_separate_reference_set",
        "result_source": "legacy_gis_zip_CM31",
        "image_file": null
      },
      "geometry": {
        "type": "Point",
        "coordinates": [
          99.00372380056625,
          18.81108020526231
        ]
      }
    },
    {
      "type": "Feature",
      "properties": {
        "image_id": "CM_31",
        "instance_id": "CM_31_S017",
        "source_csv_line": 1828,
        "sam_confidence_score": 0.7388570905,
        "flood_affected": null,
        "dino_water_contact_fraction": 0.3524157531,
        "nearest_reference_control_m": null,
        "within_800m_of_reference_group": null,
        "position_status": "legacy_approximate_no_new_reference_image",
        "georeferencing_method": "single_image_homography_separate_reference_set",
        "result_source": "legacy_gis_zip_CM31",
        "image_file": null
      },
      "geometry": {
        "type": "Point",
        "coordinates": [
          99.0043671835845,
          18.80921438150135
        ]
      }
    },
    {
      "type": "Feature",
      "properties": {
        "image_id": "CM_31",
        "instance_id": "CM_31_S018",
        "source_csv_line": 1829,
        "sam_confidence_score": 0.7368903756,
        "flood_affected": null,
        "dino_water_contact_fraction": 0.5060967439,
        "nearest_reference_control_m": null,
        "within_800m_of_reference_group": null,
        "position_status": "legacy_approximate_no_new_reference_image",
        "georeferencing_method": "single_image_homography_separate_reference_set",
        "result_source": "legacy_gis_zip_CM31",
        "image_file": null
      },
      "geometry": {
        "type": "Point",
        "coordinates": [
          99.00225051548908,
          18.81101445465904
        ]
      }
    },
    {
      "type": "Feature",
      "properties": {
        "image_id": "CM_31",
        "instance_id": "CM_31_S019",
        "source_csv_line": 1830,
        "sam_confidence_score": 0.7295840979,
        "flood_affected": null,
        "dino_water_contact_fraction": 0.6430522673,
        "nearest_reference_control_m": null,
        "within_800m_of_reference_group": null,
        "position_status": "legacy_approximate_no_new_reference_image",
        "georeferencing_method": "single_image_homography_separate_reference_set",
        "result_source": "legacy_gis_zip_CM31",
        "image_file": null
      },
      "geometry": {
        "type": "Point",
        "coordinates": [
          99.00504766677224,
          18.810330131551325
        ]
      }
    },
    {
      "type": "Feature",
      "properties": {
        "image_id": "CM_31",
        "instance_id": "CM_31_S020",
        "source_csv_line": 1831,
        "sam_confidence_score": 0.7270032167,
        "flood_affected": null,
        "dino_water_contact_fraction": 0.0,
        "nearest_reference_control_m": null,
        "within_800m_of_reference_group": null,
        "position_status": "legacy_approximate_no_new_reference_image",
        "georeferencing_method": "single_image_homography_separate_reference_set",
        "result_source": "legacy_gis_zip_CM31",
        "image_file": null
      },
      "geometry": {
        "type": "Point",
        "coordinates": [
          99.00708751781761,
          18.801278793754754
        ]
      }
    },
    {
      "type": "Feature",
      "properties": {
        "image_id": "CM_31",
        "instance_id": "CM_31_S021",
        "source_csv_line": 1832,
        "sam_confidence_score": 0.720461309,
        "flood_affected": null,
        "dino_water_contact_fraction": 1.0,
        "nearest_reference_control_m": null,
        "within_800m_of_reference_group": null,
        "position_status": "legacy_approximate_no_new_reference_image",
        "georeferencing_method": "single_image_homography_separate_reference_set",
        "result_source": "legacy_gis_zip_CM31",
        "image_file": null
      },
      "geometry": {
        "type": "Point",
        "coordinates": [
          99.0050228303656,
          18.810985563464087
        ]
      }
    },
    {
      "type": "Feature",
      "properties": {
        "image_id": "CM_31",
        "instance_id": "CM_31_S022",
        "source_csv_line": 1833,
        "sam_confidence_score": 0.7176708579,
        "flood_affected": null,
        "dino_water_contact_fraction": 1.0,
        "nearest_reference_control_m": null,
        "within_800m_of_reference_group": null,
        "position_status": "legacy_approximate_no_new_reference_image",
        "georeferencing_method": "single_image_homography_separate_reference_set",
        "result_source": "legacy_gis_zip_CM31",
        "image_file": null
      },
      "geometry": {
        "type": "Point",
        "coordinates": [
          99.00409917118971,
          18.81072932603155
        ]
      }
    },
    {
      "type": "Feature",
      "properties": {
        "image_id": "CM_31",
        "instance_id": "CM_31_S023",
        "source_csv_line": 1834,
        "sam_confidence_score": 0.7127216458,
        "flood_affected": null,
        "dino_water_contact_fraction": 1.0,
        "nearest_reference_control_m": null,
        "within_800m_of_reference_group": null,
        "position_status": "legacy_approximate_no_new_reference_image",
        "georeferencing_method": "single_image_homography_separate_reference_set",
        "result_source": "legacy_gis_zip_CM31",
        "image_file": null
      },
      "geometry": {
        "type": "Point",
        "coordinates": [
          99.00242533172124,
          18.81074550455316
        ]
      }
    },
    {
      "type": "Feature",
      "properties": {
        "image_id": "CM_31",
        "instance_id": "CM_31_S024",
        "source_csv_line": 1835,
        "sam_confidence_score": 0.7109077573,
        "flood_affected": null,
        "dino_water_contact_fraction": 0.8010204082,
        "nearest_reference_control_m": null,
        "within_800m_of_reference_group": null,
        "position_status": "legacy_approximate_no_new_reference_image",
        "georeferencing_method": "single_image_homography_separate_reference_set",
        "result_source": "legacy_gis_zip_CM31",
        "image_file": null
      },
      "geometry": {
        "type": "Point",
        "coordinates": [
          99.00515933623886,
          18.81106787353542
        ]
      }
    },
    {
      "type": "Feature",
      "properties": {
        "image_id": "CM_31",
        "instance_id": "CM_31_S025",
        "source_csv_line": 1836,
        "sam_confidence_score": 0.6954097152,
        "flood_affected": null,
        "dino_water_contact_fraction": 0.1108343711,
        "nearest_reference_control_m": null,
        "within_800m_of_reference_group": null,
        "position_status": "legacy_approximate_no_new_reference_image",
        "georeferencing_method": "single_image_homography_separate_reference_set",
        "result_source": "legacy_gis_zip_CM31",
        "image_file": null
      },
      "geometry": {
        "type": "Point",
        "coordinates": [
          99.00074645501721,
          18.806767416389697
        ]
      }
    },
    {
      "type": "Feature",
      "properties": {
        "image_id": "CM_31",
        "instance_id": "CM_31_S026",
        "source_csv_line": 1837,
        "sam_confidence_score": 0.6902710795,
        "flood_affected": null,
        "dino_water_contact_fraction": 0.1426455026,
        "nearest_reference_control_m": null,
        "within_800m_of_reference_group": null,
        "position_status": "legacy_approximate_no_new_reference_image",
        "georeferencing_method": "single_image_homography_separate_reference_set",
        "result_source": "legacy_gis_zip_CM31",
        "image_file": null
      },
      "geometry": {
        "type": "Point",
        "coordinates": [
          99.00412477998472,
          18.81176773864247
        ]
      }
    },
    {
      "type": "Feature",
      "properties": {
        "image_id": "CM_31",
        "instance_id": "CM_31_S027",
        "source_csv_line": 1838,
        "sam_confidence_score": 0.6846932769,
        "flood_affected": null,
        "dino_water_contact_fraction": 0.1926182238,
        "nearest_reference_control_m": null,
        "within_800m_of_reference_group": null,
        "position_status": "legacy_approximate_no_new_reference_image",
        "georeferencing_method": "single_image_homography_separate_reference_set",
        "result_source": "legacy_gis_zip_CM31",
        "image_file": null
      },
      "geometry": {
        "type": "Point",
        "coordinates": [
          99.0042842643897,
          18.811502437837323
        ]
      }
    },
    {
      "type": "Feature",
      "properties": {
        "image_id": "CM_31",
        "instance_id": "CM_31_S028",
        "source_csv_line": 1839,
        "sam_confidence_score": 0.6796748638,
        "flood_affected": null,
        "dino_water_contact_fraction": 0.0031143259,
        "nearest_reference_control_m": null,
        "within_800m_of_reference_group": null,
        "position_status": "legacy_approximate_no_new_reference_image",
        "georeferencing_method": "single_image_homography_separate_reference_set",
        "result_source": "legacy_gis_zip_CM31",
        "image_file": null
      },
      "geometry": {
        "type": "Point",
        "coordinates": [
          99.001183099951,
          18.809780331840226
        ]
      }
    },
    {
      "type": "Feature",
      "properties": {
        "image_id": "CM_31",
        "instance_id": "CM_31_S029",
        "source_csv_line": 1840,
        "sam_confidence_score": 0.6746537685,
        "flood_affected": null,
        "dino_water_contact_fraction": 0.1252408478,
        "nearest_reference_control_m": null,
        "within_800m_of_reference_group": null,
        "position_status": "legacy_approximate_no_new_reference_image",
        "georeferencing_method": "single_image_homography_separate_reference_set",
        "result_source": "legacy_gis_zip_CM31",
        "image_file": null
      },
      "geometry": {
        "type": "Point",
        "coordinates": [
          99.0047477727797,
          18.807478307028337
        ]
      }
    },
    {
      "type": "Feature",
      "properties": {
        "image_id": "CM_31",
        "instance_id": "CM_31_S030",
        "source_csv_line": 1841,
        "sam_confidence_score": 0.6694588065,
        "flood_affected": null,
        "dino_water_contact_fraction": 1.0,
        "nearest_reference_control_m": null,
        "within_800m_of_reference_group": null,
        "position_status": "legacy_approximate_no_new_reference_image",
        "georeferencing_method": "single_image_homography_separate_reference_set",
        "result_source": "legacy_gis_zip_CM31",
        "image_file": null
      },
      "geometry": {
        "type": "Point",
        "coordinates": [
          99.0048858335989,
          18.8108466177567
        ]
      }
    },
    {
      "type": "Feature",
      "properties": {
        "image_id": "CM_31",
        "instance_id": "CM_31_S031",
        "source_csv_line": 1842,
        "sam_confidence_score": 0.6683918834,
        "flood_affected": null,
        "dino_water_contact_fraction": 1.0,
        "nearest_reference_control_m": null,
        "within_800m_of_reference_group": null,
        "position_status": "legacy_approximate_no_new_reference_image",
        "georeferencing_method": "single_image_homography_separate_reference_set",
        "result_source": "legacy_gis_zip_CM31",
        "image_file": null
      },
      "geometry": {
        "type": "Point",
        "coordinates": [
          99.00257892932203,
          18.81080319337807
        ]
      }
    },
    {
      "type": "Feature",
      "properties": {
        "image_id": "CM_31",
        "instance_id": "CM_31_S032",
        "source_csv_line": 1843,
        "sam_confidence_score": 0.6677206159,
        "flood_affected": null,
        "dino_water_contact_fraction": 0.9539110678,
        "nearest_reference_control_m": null,
        "within_800m_of_reference_group": null,
        "position_status": "legacy_approximate_no_new_reference_image",
        "georeferencing_method": "single_image_homography_separate_reference_set",
        "result_source": "legacy_gis_zip_CM31",
        "image_file": null
      },
      "geometry": {
        "type": "Point",
        "coordinates": [
          99.00366339077385,
          18.81090776087138
        ]
      }
    },
    {
      "type": "Feature",
      "properties": {
        "image_id": "CM_31",
        "instance_id": "CM_31_S033",
        "source_csv_line": 1844,
        "sam_confidence_score": 0.6646004319,
        "flood_affected": null,
        "dino_water_contact_fraction": 0.3599574015,
        "nearest_reference_control_m": null,
        "within_800m_of_reference_group": null,
        "position_status": "legacy_approximate_no_new_reference_image",
        "georeferencing_method": "single_image_homography_separate_reference_set",
        "result_source": "legacy_gis_zip_CM31",
        "image_file": null
      },
      "geometry": {
        "type": "Point",
        "coordinates": [
          99.0054298543787,
          18.810445097341432
        ]
      }
    },
    {
      "type": "Feature",
      "properties": {
        "image_id": "CM_31",
        "instance_id": "CM_31_S034",
        "source_csv_line": 1845,
        "sam_confidence_score": 0.6635444164,
        "flood_affected": null,
        "dino_water_contact_fraction": 0.2102962603,
        "nearest_reference_control_m": null,
        "within_800m_of_reference_group": null,
        "position_status": "legacy_approximate_no_new_reference_image",
        "georeferencing_method": "single_image_homography_separate_reference_set",
        "result_source": "legacy_gis_zip_CM31",
        "image_file": null
      },
      "geometry": {
        "type": "Point",
        "coordinates": [
          99.00174919557102,
          18.809170844109104
        ]
      }
    },
    {
      "type": "Feature",
      "properties": {
        "image_id": "CM_31",
        "instance_id": "CM_31_S035",
        "source_csv_line": 1846,
        "sam_confidence_score": 0.6598269343,
        "flood_affected": null,
        "dino_water_contact_fraction": 0.6455973694,
        "nearest_reference_control_m": null,
        "within_800m_of_reference_group": null,
        "position_status": "legacy_approximate_no_new_reference_image",
        "georeferencing_method": "single_image_homography_separate_reference_set",
        "result_source": "legacy_gis_zip_CM31",
        "image_file": null
      },
      "geometry": {
        "type": "Point",
        "coordinates": [
          99.00154256327889,
          18.809820113256976
        ]
      }
    },
    {
      "type": "Feature",
      "properties": {
        "image_id": "CM_31",
        "instance_id": "CM_31_S036",
        "source_csv_line": 1847,
        "sam_confidence_score": 0.6592029929,
        "flood_affected": null,
        "dino_water_contact_fraction": 0.1838565022,
        "nearest_reference_control_m": null,
        "within_800m_of_reference_group": null,
        "position_status": "legacy_approximate_no_new_reference_image",
        "georeferencing_method": "single_image_homography_separate_reference_set",
        "result_source": "legacy_gis_zip_CM31",
        "image_file": null
      },
      "geometry": {
        "type": "Point",
        "coordinates": [
          99.00479101193461,
          18.811382799221008
        ]
      }
    },
    {
      "type": "Feature",
      "properties": {
        "image_id": "CM_31",
        "instance_id": "CM_31_S037",
        "source_csv_line": 1848,
        "sam_confidence_score": 0.6567846537,
        "flood_affected": null,
        "dino_water_contact_fraction": 0.9408473221,
        "nearest_reference_control_m": null,
        "within_800m_of_reference_group": null,
        "position_status": "legacy_approximate_no_new_reference_image",
        "georeferencing_method": "single_image_homography_separate_reference_set",
        "result_source": "legacy_gis_zip_CM31",
        "image_file": null
      },
      "geometry": {
        "type": "Point",
        "coordinates": [
          99.00255201925579,
          18.81090106309565
        ]
      }
    },
    {
      "type": "Feature",
      "properties": {
        "image_id": "CM_31",
        "instance_id": "CM_31_S038",
        "source_csv_line": 1849,
        "sam_confidence_score": 0.6512067914,
        "flood_affected": null,
        "dino_water_contact_fraction": 0.4872632266,
        "nearest_reference_control_m": null,
        "within_800m_of_reference_group": null,
        "position_status": "legacy_approximate_no_new_reference_image",
        "georeferencing_method": "single_image_homography_separate_reference_set",
        "result_source": "legacy_gis_zip_CM31",
        "image_file": null
      },
      "geometry": {
        "type": "Point",
        "coordinates": [
          99.00487891294715,
          18.808994069273492
        ]
      }
    },
    {
      "type": "Feature",
      "properties": {
        "image_id": "CM_31",
        "instance_id": "CM_31_S039",
        "source_csv_line": 1850,
        "sam_confidence_score": 0.6427013874,
        "flood_affected": null,
        "dino_water_contact_fraction": 0.0,
        "nearest_reference_control_m": null,
        "within_800m_of_reference_group": null,
        "position_status": "legacy_approximate_no_new_reference_image",
        "georeferencing_method": "single_image_homography_separate_reference_set",
        "result_source": "legacy_gis_zip_CM31",
        "image_file": null
      },
      "geometry": {
        "type": "Point",
        "coordinates": [
          99.00092069464256,
          18.808637184113866
        ]
      }
    },
    {
      "type": "Feature",
      "properties": {
        "image_id": "CM_31",
        "instance_id": "CM_31_S040",
        "source_csv_line": 1851,
        "sam_confidence_score": 0.6383975148,
        "flood_affected": null,
        "dino_water_contact_fraction": 0.0,
        "nearest_reference_control_m": null,
        "within_800m_of_reference_group": null,
        "position_status": "legacy_approximate_no_new_reference_image",
        "georeferencing_method": "single_image_homography_separate_reference_set",
        "result_source": "legacy_gis_zip_CM31",
        "image_file": null
      },
      "geometry": {
        "type": "Point",
        "coordinates": [
          99.00789676983642,
          18.8090371591691
        ]
      }
    },
    {
      "type": "Feature",
      "properties": {
        "image_id": "CM_31",
        "instance_id": "CM_31_S041",
        "source_csv_line": 1852,
        "sam_confidence_score": 0.6313053966,
        "flood_affected": null,
        "dino_water_contact_fraction": 1.0,
        "nearest_reference_control_m": null,
        "within_800m_of_reference_group": null,
        "position_status": "legacy_approximate_no_new_reference_image",
        "georeferencing_method": "single_image_homography_separate_reference_set",
        "result_source": "legacy_gis_zip_CM31",
        "image_file": null
      },
      "geometry": {
        "type": "Point",
        "coordinates": [
          99.00385927416919,
          18.810552729552047
        ]
      }
    },
    {
      "type": "Feature",
      "properties": {
        "image_id": "CM_31",
        "instance_id": "CM_31_S042",
        "source_csv_line": 1853,
        "sam_confidence_score": 0.6205622554,
        "flood_affected": null,
        "dino_water_contact_fraction": 0.206562267,
        "nearest_reference_control_m": null,
        "within_800m_of_reference_group": null,
        "position_status": "legacy_approximate_no_new_reference_image",
        "georeferencing_method": "single_image_homography_separate_reference_set",
        "result_source": "legacy_gis_zip_CM31",
        "image_file": null
      },
      "geometry": {
        "type": "Point",
        "coordinates": [
          99.00393522097426,
          18.811164412195218
        ]
      }
    },
    {
      "type": "Feature",
      "properties": {
        "image_id": "CM_31",
        "instance_id": "CM_31_S043",
        "source_csv_line": 1854,
        "sam_confidence_score": 0.6150677204,
        "flood_affected": null,
        "dino_water_contact_fraction": 0.5634920635,
        "nearest_reference_control_m": null,
        "within_800m_of_reference_group": null,
        "position_status": "legacy_approximate_no_new_reference_image",
        "georeferencing_method": "single_image_homography_separate_reference_set",
        "result_source": "legacy_gis_zip_CM31",
        "image_file": null
      },
      "geometry": {
        "type": "Point",
        "coordinates": [
          99.00202334404369,
          18.808634730962247
        ]
      }
    },
    {
      "type": "Feature",
      "properties": {
        "image_id": "CM_31",
        "instance_id": "CM_31_S044",
        "source_csv_line": 1855,
        "sam_confidence_score": 0.6124846935,
        "flood_affected": null,
        "dino_water_contact_fraction": 0.087587822,
        "nearest_reference_control_m": null,
        "within_800m_of_reference_group": null,
        "position_status": "legacy_approximate_no_new_reference_image",
        "georeferencing_method": "single_image_homography_separate_reference_set",
        "result_source": "legacy_gis_zip_CM31",
        "image_file": null
      },
      "geometry": {
        "type": "Point",
        "coordinates": [
          99.00211871202319,
          18.810868916587687
        ]
      }
    },
    {
      "type": "Feature",
      "properties": {
        "image_id": "CM_31",
        "instance_id": "CM_31_S045",
        "source_csv_line": 1856,
        "sam_confidence_score": 0.6002664566,
        "flood_affected": null,
        "dino_water_contact_fraction": 1.0,
        "nearest_reference_control_m": null,
        "within_800m_of_reference_group": null,
        "position_status": "legacy_approximate_no_new_reference_image",
        "georeferencing_method": "single_image_homography_separate_reference_set",
        "result_source": "legacy_gis_zip_CM31",
        "image_file": null
      },
      "geometry": {
        "type": "Point",
        "coordinates": [
          99.00411222531243,
          18.809734411104493
        ]
      }
    },
    {
      "type": "Feature",
      "properties": {
        "image_id": "CM_31",
        "instance_id": "CM_31_S046",
        "source_csv_line": 1857,
        "sam_confidence_score": 0.5974502563,
        "flood_affected": null,
        "dino_water_contact_fraction": 0.1356580906,
        "nearest_reference_control_m": null,
        "within_800m_of_reference_group": null,
        "position_status": "legacy_approximate_no_new_reference_image",
        "georeferencing_method": "single_image_homography_separate_reference_set",
        "result_source": "legacy_gis_zip_CM31",
        "image_file": null
      },
      "geometry": {
        "type": "Point",
        "coordinates": [
          99.00199422823421,
          18.8108930085078
        ]
      }
    },
    {
      "type": "Feature",
      "properties": {
        "image_id": "CM_31",
        "instance_id": "CM_31_S047",
        "source_csv_line": 1858,
        "sam_confidence_score": 0.5960463881,
        "flood_affected": null,
        "dino_water_contact_fraction": 1.0,
        "nearest_reference_control_m": null,
        "within_800m_of_reference_group": null,
        "position_status": "legacy_approximate_no_new_reference_image",
        "georeferencing_method": "single_image_homography_separate_reference_set",
        "result_source": "legacy_gis_zip_CM31",
        "image_file": null
      },
      "geometry": {
        "type": "Point",
        "coordinates": [
          99.00413838264977,
          18.810955611527028
        ]
      }
    },
    {
      "type": "Feature",
      "properties": {
        "image_id": "CM_31",
        "instance_id": "CM_31_S048",
        "source_csv_line": 1859,
        "sam_confidence_score": 0.592893362,
        "flood_affected": null,
        "dino_water_contact_fraction": 0.4732016925,
        "nearest_reference_control_m": null,
        "within_800m_of_reference_group": null,
        "position_status": "legacy_approximate_no_new_reference_image",
        "georeferencing_method": "single_image_homography_separate_reference_set",
        "result_source": "legacy_gis_zip_CM31",
        "image_file": null
      },
      "geometry": {
        "type": "Point",
        "coordinates": [
          99.00290799736825,
          18.80720395083167
        ]
      }
    },
    {
      "type": "Feature",
      "properties": {
        "image_id": "CM_31",
        "instance_id": "CM_31_S049",
        "source_csv_line": 1860,
        "sam_confidence_score": 0.5896326303,
        "flood_affected": null,
        "dino_water_contact_fraction": 0.8953051643,
        "nearest_reference_control_m": null,
        "within_800m_of_reference_group": null,
        "position_status": "legacy_approximate_no_new_reference_image",
        "georeferencing_method": "single_image_homography_separate_reference_set",
        "result_source": "legacy_gis_zip_CM31",
        "image_file": null
      },
      "geometry": {
        "type": "Point",
        "coordinates": [
          99.00188194562398,
          18.809904075066196
        ]
      }
    },
    {
      "type": "Feature",
      "properties": {
        "image_id": "CM_31",
        "instance_id": "CM_31_S050",
        "source_csv_line": 1861,
        "sam_confidence_score": 0.5890155435,
        "flood_affected": null,
        "dino_water_contact_fraction": 1.0,
        "nearest_reference_control_m": null,
        "within_800m_of_reference_group": null,
        "position_status": "legacy_approximate_no_new_reference_image",
        "georeferencing_method": "single_image_homography_separate_reference_set",
        "result_source": "legacy_gis_zip_CM31",
        "image_file": null
      },
      "geometry": {
        "type": "Point",
        "coordinates": [
          99.00261241606776,
          18.810723395353406
        ]
      }
    },
    {
      "type": "Feature",
      "properties": {
        "image_id": "CM_31",
        "instance_id": "CM_31_S051",
        "source_csv_line": 1862,
        "sam_confidence_score": 0.5862088203,
        "flood_affected": null,
        "dino_water_contact_fraction": 0.8449351896,
        "nearest_reference_control_m": null,
        "within_800m_of_reference_group": null,
        "position_status": "legacy_approximate_no_new_reference_image",
        "georeferencing_method": "single_image_homography_separate_reference_set",
        "result_source": "legacy_gis_zip_CM31",
        "image_file": null
      },
      "geometry": {
        "type": "Point",
        "coordinates": [
          99.00279393950923,
          18.80836924441255
        ]
      }
    },
    {
      "type": "Feature",
      "properties": {
        "image_id": "CM_31",
        "instance_id": "CM_31_S052",
        "source_csv_line": 1863,
        "sam_confidence_score": 0.5773807168,
        "flood_affected": null,
        "dino_water_contact_fraction": 0.8357685564,
        "nearest_reference_control_m": null,
        "within_800m_of_reference_group": null,
        "position_status": "legacy_approximate_no_new_reference_image",
        "georeferencing_method": "single_image_homography_separate_reference_set",
        "result_source": "legacy_gis_zip_CM31",
        "image_file": null
      },
      "geometry": {
        "type": "Point",
        "coordinates": [
          99.00250348419002,
          18.810988971649614
        ]
      }
    },
    {
      "type": "Feature",
      "properties": {
        "image_id": "CM_31",
        "instance_id": "CM_31_S053",
        "source_csv_line": 1864,
        "sam_confidence_score": 0.57584548,
        "flood_affected": null,
        "dino_water_contact_fraction": 0.0832492432,
        "nearest_reference_control_m": null,
        "within_800m_of_reference_group": null,
        "position_status": "legacy_approximate_no_new_reference_image",
        "georeferencing_method": "single_image_homography_separate_reference_set",
        "result_source": "legacy_gis_zip_CM31",
        "image_file": null
      },
      "geometry": {
        "type": "Point",
        "coordinates": [
          99.00398242377652,
          18.81128087704859
        ]
      }
    },
    {
      "type": "Feature",
      "properties": {
        "image_id": "CM_31",
        "instance_id": "CM_31_S054",
        "source_csv_line": 1865,
        "sam_confidence_score": 0.5735075474,
        "flood_affected": null,
        "dino_water_contact_fraction": 0.7926829268,
        "nearest_reference_control_m": null,
        "within_800m_of_reference_group": null,
        "position_status": "legacy_approximate_no_new_reference_image",
        "georeferencing_method": "single_image_homography_separate_reference_set",
        "result_source": "legacy_gis_zip_CM31",
        "image_file": null
      },
      "geometry": {
        "type": "Point",
        "coordinates": [
          99.00217523935495,
          18.809856292113686
        ]
      }
    },
    {
      "type": "Feature",
      "properties": {
        "image_id": "CM_31",
        "instance_id": "CM_31_S055",
        "source_csv_line": 1866,
        "sam_confidence_score": 0.572968781,
        "flood_affected": null,
        "dino_water_contact_fraction": 0.4355731225,
        "nearest_reference_control_m": null,
        "within_800m_of_reference_group": null,
        "position_status": "legacy_approximate_no_new_reference_image",
        "georeferencing_method": "single_image_homography_separate_reference_set",
        "result_source": "legacy_gis_zip_CM31",
        "image_file": null
      },
      "geometry": {
        "type": "Point",
        "coordinates": [
          99.00447806029004,
          18.811466964113137
        ]
      }
    },
    {
      "type": "Feature",
      "properties": {
        "image_id": "CM_31",
        "instance_id": "CM_31_S056",
        "source_csv_line": 1867,
        "sam_confidence_score": 0.5717658997,
        "flood_affected": null,
        "dino_water_contact_fraction": 0.8082457111,
        "nearest_reference_control_m": null,
        "within_800m_of_reference_group": null,
        "position_status": "legacy_approximate_no_new_reference_image",
        "georeferencing_method": "single_image_homography_separate_reference_set",
        "result_source": "legacy_gis_zip_CM31",
        "image_file": null
      },
      "geometry": {
        "type": "Point",
        "coordinates": [
          99.0018930689555,
          18.809511466859394
        ]
      }
    },
    {
      "type": "Feature",
      "properties": {
        "image_id": "CM_31",
        "instance_id": "CM_31_S057",
        "source_csv_line": 1868,
        "sam_confidence_score": 0.5694529414,
        "flood_affected": null,
        "dino_water_contact_fraction": 0.5255972696,
        "nearest_reference_control_m": null,
        "within_800m_of_reference_group": null,
        "position_status": "legacy_approximate_no_new_reference_image",
        "georeferencing_method": "single_image_homography_separate_reference_set",
        "result_source": "legacy_gis_zip_CM31",
        "image_file": null
      },
      "geometry": {
        "type": "Point",
        "coordinates": [
          99.00287839761864,
          18.80870574552327
        ]
      }
    },
    {
      "type": "Feature",
      "properties": {
        "image_id": "CM_31",
        "instance_id": "CM_31_S058",
        "source_csv_line": 1869,
        "sam_confidence_score": 0.5661033392,
        "flood_affected": null,
        "dino_water_contact_fraction": 0.5753012048,
        "nearest_reference_control_m": null,
        "within_800m_of_reference_group": null,
        "position_status": "legacy_approximate_no_new_reference_image",
        "georeferencing_method": "single_image_homography_separate_reference_set",
        "result_source": "legacy_gis_zip_CM31",
        "image_file": null
      },
      "geometry": {
        "type": "Point",
        "coordinates": [
          99.00577712027956,
          18.805828594485934
        ]
      }
    },
    {
      "type": "Feature",
      "properties": {
        "image_id": "CM_31",
        "instance_id": "CM_31_S059",
        "source_csv_line": 1870,
        "sam_confidence_score": 0.5660281181,
        "flood_affected": null,
        "dino_water_contact_fraction": 0.7158371041,
        "nearest_reference_control_m": null,
        "within_800m_of_reference_group": null,
        "position_status": "legacy_approximate_no_new_reference_image",
        "georeferencing_method": "single_image_homography_separate_reference_set",
        "result_source": "legacy_gis_zip_CM31",
        "image_file": null
      },
      "geometry": {
        "type": "Point",
        "coordinates": [
          99.00249366855451,
          18.811076317353304
        ]
      }
    },
    {
      "type": "Feature",
      "properties": {
        "image_id": "CM_31",
        "instance_id": "CM_31_S060",
        "source_csv_line": 1871,
        "sam_confidence_score": 0.5632379055,
        "flood_affected": null,
        "dino_water_contact_fraction": 0.0,
        "nearest_reference_control_m": null,
        "within_800m_of_reference_group": null,
        "position_status": "legacy_approximate_no_new_reference_image",
        "georeferencing_method": "single_image_homography_separate_reference_set",
        "result_source": "legacy_gis_zip_CM31",
        "image_file": null
      },
      "geometry": {
        "type": "Point",
        "coordinates": [
          99.00136567544764,
          18.806167182473427
        ]
      }
    },
    {
      "type": "Feature",
      "properties": {
        "image_id": "CM_31",
        "instance_id": "CM_31_S061",
        "source_csv_line": 1872,
        "sam_confidence_score": 0.5582711101,
        "flood_affected": null,
        "dino_water_contact_fraction": 0.3832384052,
        "nearest_reference_control_m": null,
        "within_800m_of_reference_group": null,
        "position_status": "legacy_approximate_no_new_reference_image",
        "georeferencing_method": "single_image_homography_separate_reference_set",
        "result_source": "legacy_gis_zip_CM31",
        "image_file": null
      },
      "geometry": {
        "type": "Point",
        "coordinates": [
          99.0014907507593,
          18.810672128400267
        ]
      }
    },
    {
      "type": "Feature",
      "properties": {
        "image_id": "CM_31",
        "instance_id": "CM_31_S062",
        "source_csv_line": 1873,
        "sam_confidence_score": 0.5544293523,
        "flood_affected": null,
        "dino_water_contact_fraction": 0.9915129151,
        "nearest_reference_control_m": null,
        "within_800m_of_reference_group": null,
        "position_status": "legacy_approximate_no_new_reference_image",
        "georeferencing_method": "single_image_homography_separate_reference_set",
        "result_source": "legacy_gis_zip_CM31",
        "image_file": null
      },
      "geometry": {
        "type": "Point",
        "coordinates": [
          99.0057825775811,
          18.810544386761812
        ]
      }
    },
    {
      "type": "Feature",
      "properties": {
        "image_id": "CM_31",
        "instance_id": "CM_31_S063",
        "source_csv_line": 1874,
        "sam_confidence_score": 0.5530335307,
        "flood_affected": null,
        "dino_water_contact_fraction": 1.0,
        "nearest_reference_control_m": null,
        "within_800m_of_reference_group": null,
        "position_status": "legacy_approximate_no_new_reference_image",
        "georeferencing_method": "single_image_homography_separate_reference_set",
        "result_source": "legacy_gis_zip_CM31",
        "image_file": null
      },
      "geometry": {
        "type": "Point",
        "coordinates": [
          99.00153198056165,
          18.80861161149198
        ]
      }
    },
    {
      "type": "Feature",
      "properties": {
        "image_id": "CM_31",
        "instance_id": "CM_31_S064",
        "source_csv_line": 1875,
        "sam_confidence_score": 0.5439757109,
        "flood_affected": null,
        "dino_water_contact_fraction": 1.0,
        "nearest_reference_control_m": null,
        "within_800m_of_reference_group": null,
        "position_status": "legacy_approximate_no_new_reference_image",
        "georeferencing_method": "single_image_homography_separate_reference_set",
        "result_source": "legacy_gis_zip_CM31",
        "image_file": null
      },
      "geometry": {
        "type": "Point",
        "coordinates": [
          99.00206897544096,
          18.811064097557534
        ]
      }
    },
    {
      "type": "Feature",
      "properties": {
        "image_id": "CM_31",
        "instance_id": "CM_31_S065",
        "source_csv_line": 1876,
        "sam_confidence_score": 0.5393589735,
        "flood_affected": null,
        "dino_water_contact_fraction": 0.0533948583,
        "nearest_reference_control_m": null,
        "within_800m_of_reference_group": null,
        "position_status": "legacy_approximate_no_new_reference_image",
        "georeferencing_method": "single_image_homography_separate_reference_set",
        "result_source": "legacy_gis_zip_CM31",
        "image_file": null
      },
      "geometry": {
        "type": "Point",
        "coordinates": [
          99.00431481447954,
          18.808898661184845
        ]
      }
    },
    {
      "type": "Feature",
      "properties": {
        "image_id": "CM_31",
        "instance_id": "CM_31_S066",
        "source_csv_line": 1877,
        "sam_confidence_score": 0.5391205549,
        "flood_affected": null,
        "dino_water_contact_fraction": 0.0,
        "nearest_reference_control_m": null,
        "within_800m_of_reference_group": null,
        "position_status": "legacy_approximate_no_new_reference_image",
        "georeferencing_method": "single_image_homography_separate_reference_set",
        "result_source": "legacy_gis_zip_CM31",
        "image_file": null
      },
      "geometry": {
        "type": "Point",
        "coordinates": [
          99.00275960563994,
          18.80409763925093
        ]
      }
    },
    {
      "type": "Feature",
      "properties": {
        "image_id": "CM_31",
        "instance_id": "CM_31_S067",
        "source_csv_line": 1878,
        "sam_confidence_score": 0.5300152898,
        "flood_affected": null,
        "dino_water_contact_fraction": 0.0,
        "nearest_reference_control_m": null,
        "within_800m_of_reference_group": null,
        "position_status": "legacy_approximate_no_new_reference_image",
        "georeferencing_method": "single_image_homography_separate_reference_set",
        "result_source": "legacy_gis_zip_CM31",
        "image_file": null
      },
      "geometry": {
        "type": "Point",
        "coordinates": [
          99.00627813472794,
          18.80206164492087
        ]
      }
    },
    {
      "type": "Feature",
      "properties": {
        "image_id": "CM_31",
        "instance_id": "CM_31_S068",
        "source_csv_line": 1879,
        "sam_confidence_score": 0.5272176862,
        "flood_affected": null,
        "dino_water_contact_fraction": 1.0,
        "nearest_reference_control_m": null,
        "within_800m_of_reference_group": null,
        "position_status": "legacy_approximate_no_new_reference_image",
        "georeferencing_method": "single_image_homography_separate_reference_set",
        "result_source": "legacy_gis_zip_CM31",
        "image_file": null
      },
      "geometry": {
        "type": "Point",
        "coordinates": [
          99.00230218735761,
          18.810843542608804
        ]
      }
    },
    {
      "type": "Feature",
      "properties": {
        "image_id": "CM_31",
        "instance_id": "CM_31_S069",
        "source_csv_line": 1880,
        "sam_confidence_score": 0.5253064632,
        "flood_affected": null,
        "dino_water_contact_fraction": 0.0,
        "nearest_reference_control_m": null,
        "within_800m_of_reference_group": null,
        "position_status": "legacy_approximate_no_new_reference_image",
        "georeferencing_method": "single_image_homography_separate_reference_set",
        "result_source": "legacy_gis_zip_CM31",
        "image_file": null
      },
      "geometry": {
        "type": "Point",
        "coordinates": [
          99.00035700866661,
          18.800504745093125
        ]
      }
    },
    {
      "type": "Feature",
      "properties": {
        "image_id": "CM_31",
        "instance_id": "CM_31_S070",
        "source_csv_line": 1881,
        "sam_confidence_score": 0.5250958204,
        "flood_affected": null,
        "dino_water_contact_fraction": 0.4726840855,
        "nearest_reference_control_m": null,
        "within_800m_of_reference_group": null,
        "position_status": "legacy_approximate_no_new_reference_image",
        "georeferencing_method": "single_image_homography_separate_reference_set",
        "result_source": "legacy_gis_zip_CM31",
        "image_file": null
      },
      "geometry": {
        "type": "Point",
        "coordinates": [
          99.00430798895327,
          18.811694654678803
        ]
      }
    },
    {
      "type": "Feature",
      "properties": {
        "image_id": "CM_31",
        "instance_id": "CM_31_S071",
        "source_csv_line": 1882,
        "sam_confidence_score": 0.520360589,
        "flood_affected": null,
        "dino_water_contact_fraction": 0.6781469804,
        "nearest_reference_control_m": null,
        "within_800m_of_reference_group": null,
        "position_status": "legacy_approximate_no_new_reference_image",
        "georeferencing_method": "single_image_homography_separate_reference_set",
        "result_source": "legacy_gis_zip_CM31",
        "image_file": null
      },
      "geometry": {
        "type": "Point",
        "coordinates": [
          99.00146719694276,
          18.80890139948738
        ]
      }
    },
    {
      "type": "Feature",
      "properties": {
        "image_id": "CM_31",
        "instance_id": "CM_31_S072",
        "source_csv_line": 1883,
        "sam_confidence_score": 0.5183832049,
        "flood_affected": null,
        "dino_water_contact_fraction": 0.0,
        "nearest_reference_control_m": null,
        "within_800m_of_reference_group": null,
        "position_status": "legacy_approximate_no_new_reference_image",
        "georeferencing_method": "single_image_homography_separate_reference_set",
        "result_source": "legacy_gis_zip_CM31",
        "image_file": null
      },
      "geometry": {
        "type": "Point",
        "coordinates": [
          99.00101644859497,
          18.803534486980663
        ]
      }
    },
    {
      "type": "Feature",
      "properties": {
        "image_id": "CM_31",
        "instance_id": "CM_31_S073",
        "source_csv_line": 1884,
        "sam_confidence_score": 0.5169463754,
        "flood_affected": null,
        "dino_water_contact_fraction": 0.0,
        "nearest_reference_control_m": null,
        "within_800m_of_reference_group": null,
        "position_status": "legacy_approximate_no_new_reference_image",
        "georeferencing_method": "single_image_homography_separate_reference_set",
        "result_source": "legacy_gis_zip_CM31",
        "image_file": null
      },
      "geometry": {
        "type": "Point",
        "coordinates": [
          99.00016279763148,
          18.8003844842051
        ]
      }
    },
    {
      "type": "Feature",
      "properties": {
        "image_id": "CM_31",
        "instance_id": "CM_31_S074",
        "source_csv_line": 1885,
        "sam_confidence_score": 0.5168887973,
        "flood_affected": null,
        "dino_water_contact_fraction": 0.6504770165,
        "nearest_reference_control_m": null,
        "within_800m_of_reference_group": null,
        "position_status": "legacy_approximate_no_new_reference_image",
        "georeferencing_method": "single_image_homography_separate_reference_set",
        "result_source": "legacy_gis_zip_CM31",
        "image_file": null
      },
      "geometry": {
        "type": "Point",
        "coordinates": [
          99.00249586055276,
          18.808275896780987
        ]
      }
    },
    {
      "type": "Feature",
      "properties": {
        "image_id": "CM_31",
        "instance_id": "CM_31_S075",
        "source_csv_line": 1886,
        "sam_confidence_score": 0.511292994,
        "flood_affected": null,
        "dino_water_contact_fraction": 0.1625514403,
        "nearest_reference_control_m": null,
        "within_800m_of_reference_group": null,
        "position_status": "legacy_approximate_no_new_reference_image",
        "georeferencing_method": "single_image_homography_separate_reference_set",
        "result_source": "legacy_gis_zip_CM31",
        "image_file": null
      },
      "geometry": {
        "type": "Point",
        "coordinates": [
          99.00238944014968,
          18.80801194878251
        ]
      }
    },
    {
      "type": "Feature",
      "properties": {
        "image_id": "CM_31",
        "instance_id": "CM_31_S076",
        "source_csv_line": 1887,
        "sam_confidence_score": 0.5064157844,
        "flood_affected": null,
        "dino_water_contact_fraction": 0.0,
        "nearest_reference_control_m": null,
        "within_800m_of_reference_group": null,
        "position_status": "legacy_approximate_no_new_reference_image",
        "georeferencing_method": "single_image_homography_separate_reference_set",
        "result_source": "legacy_gis_zip_CM31",
        "image_file": null
      },
      "geometry": {
        "type": "Point",
        "coordinates": [
          99.00562791753448,
          18.803993453055863
        ]
      }
    }
  ]
}